hhid,totalvehs,homelga,hhpoststratweight,weekly_hhinc_group,annual_hhinc_group
Y24H5740102,2,Casey (C),806.3371724,8,8
Y24H5740103,1,Casey (C),655.3046559,4,4
Y24H5740104,0,Casey (C),754.3656665,0,0
Y24H5740109,1,Casey (C),876.2877141,11,11
Y24H5740110,1,Casey (C),672.6834138,10,10
Y24H5740111,2,Casey (C),749.463904,15,15
Y24H5740116,1,Casey (C),669.1512742,4,4
Y24H5740117,1,Casey (C),693.9525028,9,9
Y24H5740119,2,Casey (C),826.0206217,14,14
Y24H5740120,1,Casey (C),669.9867768,12,12
Y24H5740123,1,Casey (C),931.2339557,10,10
Y24H5740127,2,Casey (C),1183.935463,12,12
Y24H5740128,4,Casey (C),1701.328403,17,17
Y24H5740129,3,Casey (C),943.6600754,13,13
Y24H5740131,2,Casey (C),1090.796564,15,15
Y24H5740135,2,Casey (C),1189.321781,17,17
Y24H5740139,3,Casey (C),1083.35746,10,10
Y24H5740305,1,Stonnington (C),1160.296249,14,14
Y24H5740309,1,Stonnington (C),919.2661975,18,18
Y24H5740317,2,Stonnington (C),1361.976409,14,14
Y24H5740318,0,Stonnington (C),1065.345241,2,2
Y24H5740326,1,Stonnington (C),928.236999,8,8
Y24H5740328,1,Stonnington (C),993.1770793,8,8
Y24H5740331,2,Stonnington (C),1089.581127,12,12
Y24H5740337,1,Stonnington (C),735.412958,5,5
Y24H5740340,1,Stonnington (C),753.3650805,6,6
Y24H5740501,1,Wyndham (C),357.1606022,11,11
Y24H5740505,1,Wyndham (C),423.2629917,0,0
Y24H5740510,1,Wyndham (C),415.3579231,16,16
Y24H5740514,1,Wyndham (C),452.8747533,12,12
Y24H5740517,3,Wyndham (C),879.542139,11,11
Y24H5740519,3,Wyndham (C),739.6802725,5,5
Y24H5740520,2,Wyndham (C),633.557479,6,6
Y24H5740522,1,Wyndham (C),285.7284818,15,15
Y24H5740525,2,Wyndham (C),537.1880644,7,7
Y24H5740529,1,Wyndham (C),285.7284818,12,12
Y24H5740530,1,Wyndham (C),330.5415627,17,17
Y24H5740532,1,Wyndham (C),384.0427368,9,9
Y24H5740533,2,Wyndham (C),406.4524197,3,3
Y24H5740534,1,Wyndham (C),411.6573533,12,12
Y24H5740536,1,Wyndham (C),449.2660346,10,10
Y24H5740539,1,Wyndham (C),384.0427368,8,8
Y24H5740541,1,Wyndham (C),411.6573533,14,14
Y24H5750105,0,Mornington Peninsula (S),322.2972206,13,13
Y24H5750106,1,Mornington Peninsula (S),1021.160891,4,4
Y24H5750108,3,Mornington Peninsula (S),803.0794371,7,7
Y24H5750115,3,Mornington Peninsula (S),777.7353939,8,8
Y24H5750116,1,Mornington Peninsula (S),993.5386942,4,4
Y24H5750117,2,Mornington Peninsula (S),946.3795481,9,9
Y24H5750123,2,Mornington Peninsula (S),972.0879918,4,4
Y24H5750127,1,Mornington Peninsula (S),1021.160891,5,5
Y24H5750134,1,Mornington Peninsula (S),1021.160891,6,6
Y24H5750202,2,Whitehorse (C),647.4641478,10,10
Y24H5750203,1,Whitehorse (C),588.0676862,4,4
Y24H5750204,1,Whitehorse (C),431.9374433,3,3
Y24H5750205,2,Whitehorse (C),647.0511873,8,8
Y24H5750206,2,Whitehorse (C),727.4651035,15,15
Y24H5750207,1,Whitehorse (C),506.1288615,12,12
Y24H5750208,2,Whitehorse (C),560.0445692,13,13
Y24H5750211,1,Whitehorse (C),560.9110197,5,5
Y24H5750216,1,Whitehorse (C),461.7629477,14,14
Y24H5750217,2,Whitehorse (C),634.9665399,13,13
Y24H5750218,1,Whitehorse (C),560.9110197,12,12
Y24H5750224,3,Whitehorse (C),1845.226088,6,6
Y24H5750233,1,Whitehorse (C),693.4638144,2,2
Y24H5750234,1,Whitehorse (C),848.8258744,11,11
Y24H5750235,2,Whitehorse (C),1040.371054,17,17
Y24H5750239,4,Whitehorse (C),1754.839103,16,16
Y24H5750241,2,Whitehorse (C),1190.187139,14,14
Y24H5750309,2,Maribyrnong (C),717.3755697,9,9
Y24H5750310,1,Maribyrnong (C),897.8674169,7,7
Y24H5750311,1,Maribyrnong (C),676.9552039,15,15
Y24H5750318,0,Maribyrnong (C),857.791527,8,8
Y24H5750320,2,Maribyrnong (C),1014.99301,15,15
Y24H5750324,1,Maribyrnong (C),713.7928146,9,9
Y24H5750333,3,Maribyrnong (C),1271.140947,19,19
Y24H5750340,1,Maribyrnong (C),1143.694474,3,3
Y24H5750342,2,Maribyrnong (C),1190.965087,10,10
Y24H5750401,2,Whittlesea (C),407.0730183,15,15
Y24H5750403,2,Whittlesea (C),333.6627772,9,9
Y24H5750404,3,Whittlesea (C),615.6646457,7,7
Y24H5750412,2,Whittlesea (C),340.0130283,11,11
Y24H5750413,2,Whittlesea (C),341.1385019,13,13
Y24H5750415,2,Whittlesea (C),529.7648157,12,12
Y24H5750417,3,Whittlesea (C),358.5700053,2,2
Y24H5750418,4,Whittlesea (C),880.4454977,13,13
Y24H5750419,2,Whittlesea (C),612.0672743,7,7
Y24H5750420,2,Whittlesea (C),561.8029802,12,12
Y24H5750424,2,Whittlesea (C),734.1255837,7,7
Y24H5750426,1,Whittlesea (C),769.1978962,16,16
Y24H5750430,2,Whittlesea (C),474.1582485,8,8
Y24H5750431,1,Whittlesea (C),645.8138096,14,14
Y24H5750436,2,Whittlesea (C),420.4181628,2,2
Y24H5750437,1,Whittlesea (C),642.4227575,12,12
Y24H5750442,1,Whittlesea (C),704.1463601,11,11
Y24H5760202,1,Manningham (C),278.2486628,10,10
Y24H5760203,2,Manningham (C),242.0655302,16,16
Y24H5760204,2,Manningham (C),254.9960289,6,6
Y24H5760205,1,Manningham (C),285.0409746,5,5
Y24H5760206,4,Manningham (C),626.4510382,16,16
Y24H5760207,1,Manningham (C),304.9826315,7,7
Y24H5760209,3,Manningham (C),265.9379708,9,9
Y24H5760211,1,Manningham (C),266.800201,5,5
Y24H5760215,2,Manningham (C),196.1211265,14,14
Y24H5760217,3,Manningham (C),273.4563213,3,3
Y24H5760218,0,Manningham (C),239.4178826,9,9
Y24H5760224,2,Manningham (C),294.0759076,8,8
Y24H5760228,2,Manningham (C),320.6380489,11,11
Y24H5760231,3,Manningham (C),250.188026,15,15
Y24H5760232,3,Manningham (C),238.6344703,13,13
Y24H5760235,4,Manningham (C),272.786034,18,18
Y24H5760236,2,Manningham (C),259.3768406,11,11
Y24H5760237,2,Manningham (C),292.5317679,17,17
Y24H5760238,1,Manningham (C),270.6803681,8,8
Y24H5760240,2,Manningham (C),299.6727437,16,16
Y24H5760242,3,Manningham (C),296.9630763,16,16
Y24H5760307,1,Bayside (C),1006.080492,14,14
Y24H5760312,1,Bayside (C),802.3270382,18,18
Y24H5760313,2,Bayside (C),1129.894513,14,14
Y24H5760314,2,Bayside (C),1204.954181,14,14
Y24H5760323,2,Bayside (C),469.0131604,7,7
Y24H5760326,2,Bayside (C),480.4622131,14,14
Y24H5760327,1,Bayside (C),641.9679758,12,12
Y24H5760328,1,Bayside (C),429.2291868,8,8
Y24H5760329,3,Bayside (C),411.8522561,10,10
Y24H5760330,3,Bayside (C),396.3417315,14,14
Y24H5760331,1,Bayside (C),627.8998601,18,18
Y24H5760335,1,Bayside (C),429.2291868,18,18
Y24H5760336,2,Bayside (C),415.856208,14,14
Y24H5760338,2,Bayside (C),471.4888636,18,18
Y24H5760339,1,Bayside (C),383.4784888,7,7
Y24H5760341,3,Bayside (C),433.885718,14,14
Y24H5760405,2,Moonee Valley (C),661.9908992,6,6
Y24H5760406,2,Moonee Valley (C),571.535367,11,11
Y24H5760407,1,Moonee Valley (C),480.5935612,13,13
Y24H5760409,1,Moonee Valley (C),540.2432079,12,12
Y24H5760411,1,Moonee Valley (C),518.0150553,6,6
Y24H5760412,1,Moonee Valley (C),553.4310531,5,5
Y24H5760413,1,Moonee Valley (C),371.9298138,14,14
Y24H5760414,1,Moonee Valley (C),396.6373667,8,8
Y24H5760417,1,Moonee Valley (C),440.780463,12,12
Y24H5760420,1,Moonee Valley (C),555.2629595,12,12
Y24H5760424,2,Moonee Valley (C),956.4334057,10,10
Y24H5760425,3,Moonee Valley (C),1020.845349,9,9
Y24H5760435,1,Moonee Valley (C),1285.146042,2,2
Y24H5760436,1,Moonee Valley (C),1039.605628,3,3
Y24H5760440,1,Moonee Valley (C),767.9723965,10,10
Y24H5760502,3,Wyndham (C),1155.286798,16,16
Y24H5760508,2,Wyndham (C),721.6961081,14,14
Y24H5760511,2,Wyndham (C),1074.376129,18,18
Y24H5760514,1,Wyndham (C),724.5996053,12,12
Y24H5760521,2,Wyndham (C),1081.03222,18,18
Y24H5760523,2,Wyndham (C),700.2986693,13,13
Y24H5760525,2,Wyndham (C),487.7859502,12,12
Y24H5760527,1,Wyndham (C),584.5915824,14,14
Y24H5760533,2,Wyndham (C),412.6478577,13,13
Y24H5760534,3,Wyndham (C),723.5166223,18,18
Y24H5760537,1,Wyndham (C),568.7784974,15,15
Y24H5760539,2,Wyndham (C),487.7859502,14,14
Y24H5760540,2,Wyndham (C),521.1352244,12,12
Y24H5770201,2,Knox (C),331.2836955,16,16
Y24H5770204,3,Knox (C),366.4512224,11,11
Y24H5770206,1,Knox (C),443.7494577,4,4
Y24H5770207,0,Knox (C),424.6595565,3,3
Y24H5770209,3,Knox (C),382.1757339,12,12
Y24H5770210,1,Knox (C),434.0251117,1,1
Y24H5770212,5,Knox (C),787.7281111,9,9
Y24H5770213,1,Knox (C),390.3753732,14,14
Y24H5770216,3,Knox (C),412.6441684,6,6
Y24H5770218,2,Knox (C),395.6660419,6,6
Y24H5770219,2,Knox (C),422.717201,6,6
Y24H5770220,1,Knox (C),390.3753732,5,5
Y24H5770222,3,Knox (C),384.7070392,17,17
Y24H5770224,1,Knox (C),400.6385646,6,6
Y24H5770227,2,Knox (C),354.477916,12,12
Y24H5770232,5,Knox (C),751.669461,14,14
Y24H5770233,2,Knox (C),390.2004932,12,12
Y24H5770234,1,Knox (C),409.614884,7,7
Y24H5770235,1,Knox (C),436.825882,5,5
Y24H5770236,3,Knox (C),312.7945389,15,15
Y24H5770237,2,Knox (C),424.1805654,17,17
Y24H5770239,2,Knox (C),365.2301925,6,6
Y24H5770240,2,Knox (C),324.5440731,10,10
Y24H5770241,1,Knox (C),409.614884,3,3
Y24H5770242,2,Knox (C),417.4991803,8,8
Y24H5770322,2,Yarra (C),664.4300747,14,14
Y24H5770323,2,Yarra (C),907.9782467,7,7
Y24H5770324,1,Yarra (C),532.9370104,12,12
Y24H5770327,1,Yarra (C),633.2029766,15,15
Y24H5770330,1,Yarra (C),616.0749632,14,14
Y24H5770334,0,Yarra (C),621.134385,18,18
Y24H5770335,1,Yarra (C),832.0108123,9,9
Y24H5770336,1,Yarra (C),546.2503394,14,14
Y24H5770337,0,Yarra (C),604.3328245,5,5
Y24H5770338,1,Yarra (C),763.0857771,7,7
Y24H5770342,2,Yarra (C),995.2162653,18,18
Y24H5770504,2,Brimbank (C),1395.182264,3,3
Y24H5770506,1,Brimbank (C),792.3695663,10,10
Y24H5770515,1,Brimbank (C),1047.842258,12,12
Y24H5770517,2,Brimbank (C),954.212146,13,13
Y24H5770518,1,Brimbank (C),1133.158903,1,1
Y24H5770521,2,Brimbank (C),1040.400498,14,14
Y24H5770530,0,Brimbank (C),1183.697235,10,10
Y24H5770541,0,Brimbank (C),1216.606188,12,12
Y24H5780104,3,Casey (C),1225.17899,11,11
Y24H5780108,2,Casey (C),1122.437843,8,8
Y24H5780109,4,Casey (C),1810.893545,10,10
Y24H5780114,1,Casey (C),1190.824097,8,8
Y24H5780115,5,Casey (C),1132.934062,13,13
Y24H5780120,1,Casey (C),1116.644628,3,3
Y24H5780122,4,Casey (C),1021.267741,16,16
Y24H5780126,1,Casey (C),1010.22824,7,7
Y24H5780130,3,Casey (C),1095.21576,13,13
Y24H5780136,2,Casey (C),1021.355193,8,8
Y24H5780137,2,Casey (C),1116.605119,17,17
Y24H5780138,5,Casey (C),1560.387782,17,17
Y24H5780140,1,Casey (C),951.6082841,10,10
Y24H5780201,2,Monash (C),740.4088841,12,12
Y24H5780203,3,Monash (C),798.1433776,16,16
Y24H5780204,2,Monash (C),754.2324911,18,18
Y24H5780209,2,Monash (C),835.0518856,12,12
Y24H5780215,2,Monash (C),633.867195,7,7
Y24H5780216,2,Monash (C),835.0518856,7,7
Y24H5780220,1,Monash (C),693.8458756,9,9
Y24H5780303,1,Glen Eira (C),763.6110356,9,9
Y24H5780308,1,Glen Eira (C),494.8808868,18,18
Y24H5780309,1,Glen Eira (C),486.3733276,10,10
Y24H5780311,2,Glen Eira (C),546.915089,17,17
Y24H5780314,2,Glen Eira (C),625.1854475,6,6
Y24H5780315,2,Glen Eira (C),505.7373155,7,7
Y24H5780318,4,Glen Eira (C),967.6634966,14,14
Y24H5780319,1,Glen Eira (C),498.2461584,4,4
Y24H5780320,1,Glen Eira (C),573.6564867,16,16
Y24H5780322,2,Glen Eira (C),455.163584,14,14
Y24H5780323,0,Glen Eira (C),459.3257828,9,9
Y24H5780324,2,Glen Eira (C),549.6572024,18,18
Y24H5780325,0,Glen Eira (C),440.4269546,6,6
Y24H5780327,5,Glen Eira (C),618.3469504,12,12
Y24H5780328,1,Glen Eira (C),479.7934131,9,9
Y24H5780330,3,Glen Eira (C),508.4024193,13,13
Y24H5780334,1,Glen Eira (C),516.290838,18,18
Y24H5780338,1,Glen Eira (C),440.0466004,4,4
Y24H5780341,1,Glen Eira (C),440.5355204,17,17
Y24H5780401,0,Merri-bek (C),318.445539,12,12
Y24H5780404,0,Merri-bek (C),279.4967015,11,11
Y24H5780405,1,Merri-bek (C),261.9456049,16,16
Y24H5780406,1,Merri-bek (C),252.0612366,9,9
Y24H5780407,0,Merri-bek (C),319.4961593,12,12
Y24H5780411,1,Merri-bek (C),284.9273001,8,8
Y24H5780414,0,Merri-bek (C),274.9296335,14,14
Y24H5780416,1,Merri-bek (C),255.7036384,11,11
Y24H5780417,2,Merri-bek (C),378.8481772,17,17
Y24H5780419,1,Merri-bek (C),375.0667745,9,9
Y24H5780426,0,Merri-bek (C),578.1570992,8,8
Y24H5780427,0,Merri-bek (C),580.0708511,8,8
Y24H5780431,1,Merri-bek (C),578.3828949,14,14
Y24H5780432,0,Merri-bek (C),541.1587948,12,12
Y24H5780434,1,Merri-bek (C),479.9378808,8,8
Y24H5780436,1,Merri-bek (C),414.0318981,0,0
Y24H5780440,1,Merri-bek (C),394.7894404,14,14
Y24H5790103,4,Casey (C),699.8414141,15,15
Y24H5790105,3,Casey (C),693.0783947,8,8
Y24H5790106,2,Casey (C),655.0225481,15,15
Y24H5790114,2,Casey (C),698.5361457,15,15
Y24H5790118,1,Casey (C),524.446729,1,1
Y24H5790122,2,Casey (C),329.6262701,17,17
Y24H5790123,2,Casey (C),382.5656031,9,9
Y24H5790124,2,Casey (C),373.7232064,6,6
Y24H5790125,2,Casey (C),356.4648589,18,18
Y24H5790128,1,Casey (C),349.7092582,3,3
Y24H5790129,2,Casey (C),349.9315549,13,13
Y24H5790133,1,Casey (C),346.1192944,4,4
Y24H5790134,1,Casey (C),327.9249768,6,6
Y24H5790135,3,Casey (C),399.6738626,13,13
Y24H5790139,1,Casey (C),305.9272586,7,7
Y24H5790141,2,Casey (C),514.9175819,14,14
Y24H5790142,1,Casey (C),370.3340313,8,8
Y24H5790203,1,Monash (C),457.3323059,9,9
Y24H5790206,3,Monash (C),504.6229332,14,14
Y24H5790208,2,Monash (C),443.82901,10,10
Y24H5790210,3,Monash (C),523.9686418,13,13
Y24H5790212,3,Monash (C),502.9580968,15,15
Y24H5790214,1,Monash (C),632.9812982,12,12
Y24H5790215,2,Monash (C),443.82901,17,17
Y24H5790217,1,Monash (C),580.5441692,13,13
Y24H5790218,1,Monash (C),410.901046,13,13
Y24H5790219,1,Monash (C),440.081575,7,7
Y24H5790220,1,Monash (C),441.5382844,9,9
Y24H5790222,1,Monash (C),380.9054074,4,4
Y24H5790223,3,Monash (C),661.6407917,12,12
Y24H5790224,2,Monash (C),517.8287981,14,14
Y24H5790227,1,Monash (C),467.5788503,10,10
Y24H5790230,2,Monash (C),500.5615946,13,13
Y24H5790232,1,Monash (C),411.9192086,9,9
Y24H5790237,2,Monash (C),500.5615946,13,13
Y24H5790238,2,Monash (C),534.2016513,10,10
Y24H5790239,2,Monash (C),493.9157277,13,13
Y24H5790240,1,Monash (C),591.5930532,16,16
Y24H5790241,0,Monash (C),532.8934352,4,4
Y24H5790302,2,Bayside (C),625.3508805,13,13
Y24H5790303,1,Bayside (C),536.0596118,10,10
Y24H5790307,1,Bayside (C),572.3055824,2,2
Y24H5790311,0,Bayside (C),536.5229548,2,2
Y24H5790313,1,Bayside (C),548.0700439,6,6
Y24H5790314,1,Bayside (C),572.3055824,6,6
Y24H5790316,3,Bayside (C),562.8655952,18,18
Y24H5790319,1,Bayside (C),546.2618682,14,14
Y24H5790321,2,Bayside (C),685.4342272,18,18
Y24H5790322,1,Bayside (C),595.2351785,6,6
Y24H5790324,1,Bayside (C),689.2195009,14,14
Y24H5790326,1,Bayside (C),702.3366876,6,6
Y24H5790327,2,Bayside (C),826.3758619,18,18
Y24H5790332,1,Bayside (C),657.391695,14,14
Y24H5790339,1,Bayside (C),657.391695,4,4
Y24H5790342,0,Bayside (C),788.536375,10,10
Y24H5790502,2,Brimbank (C),632.8011664,18,18
Y24H5790506,1,Brimbank (C),640.0839552,3,3
Y24H5790508,2,Brimbank (C),561.0808305,12,12
Y24H5790512,4,Brimbank (C),2431.297066,17,17
Y24H5790513,4,Brimbank (C),2439.344877,7,7
Y24H5790520,2,Brimbank (C),634.0827763,10,10
Y24H5790523,0,Brimbank (C),473.4788939,4,4
Y24H5790530,2,Brimbank (C),379.6806999,12,12
Y24H5790531,2,Brimbank (C),372.1124743,8,8
Y24H5790533,0,Brimbank (C),485.0369593,12,12
Y24H5790534,1,Brimbank (C),485.8555053,3,3
Y24H5790536,2,Brimbank (C),407.9219687,8,8
Y24H5790537,1,Brimbank (C),373.6618876,9,9
Y24H5790538,1,Brimbank (C),475.2084454,3,3
Y24H5790541,1,Brimbank (C),485.8555053,6,6
Y24H5790542,3,Brimbank (C),575.8686648,10,10
Y24H5800202,2,Boroondara (C),601.7022342,14,14
Y24H5800205,0,Boroondara (C),582.0447985,7,7
Y24H5800207,2,Boroondara (C),659.5134328,18,18
Y24H5800209,0,Boroondara (C),737.8283241,6,6
Y24H5800210,2,Boroondara (C),604.8783416,17,17
Y24H5800211,1,Boroondara (C),651.8847059,6,6
Y24H5800215,2,Boroondara (C),729.3529718,14,14
Y24H5800216,2,Boroondara (C),752.475813,18,18
Y24H5800217,4,Boroondara (C),1166.288604,16,16
Y24H5800218,2,Boroondara (C),576.9453676,8,8
Y24H5800219,1,Boroondara (C),600.9760455,11,11
Y24H5800224,2,Whitehorse (C),894.9624903,11,11
Y24H5800231,3,Whitehorse (C),1891.946372,16,16
Y24H5800232,0,Whitehorse (C),644.5567326,6,6
Y24H5800234,1,Whitehorse (C),636.6194058,12,12
Y24H5800235,0,Whitehorse (C),736.800826,9,9
Y24H5800237,4,Whitehorse (C),1004.031937,18,18
Y24H5800239,1,Whitehorse (C),486.8149711,4,4
Y24H5800242,1,Whitehorse (C),881.6285089,5,5
Y24H5800308,0,Melbourne (C),3272.286383,3,3
Y24H5800322,0,Melbourne (C),4031.853042,12,12
Y24H5800327,0,Melbourne (C),3130.532459,16,16
Y24H5800338,0,Melbourne (C),3061.929827,3,3
Y24H5800406,2,Merri-bek (C),1185.268256,9,9
Y24H5800407,1,Merri-bek (C),954.551602,17,17
Y24H5800410,3,Merri-bek (C),2910.707848,16,16
Y24H5800420,2,Merri-bek (C),1988.114181,8,8
Y24H5800421,2,Merri-bek (C),1355.610415,17,17
Y24H5800423,1,Merri-bek (C),1135.050549,4,4
Y24H5800436,0,Merri-bek (C),1740.881838,11,11
Y24H5800438,1,Merri-bek (C),729.5625852,11,11
Y24H5800439,3,Merri-bek (C),1538.476591,18,18
Y24H5800442,2,Merri-bek (C),1129.675346,7,7
Y24H5800502,0,Hobsons Bay (C),1328.247175,15,15
Y24H5800529,2,Hobsons Bay (C),1754.182288,18,18
Y24H5800534,2,Hobsons Bay (C),1636.04345,16,16
Y24H5800540,2,Hobsons Bay (C),2302.488326,2,2
Y24H5800542,1,Hobsons Bay (C),1761.23964,4,4
Y24H5810101,4,Casey (C),943.0627518,15,15
Y24H5810102,2,Casey (C),1001.978329,11,11
Y24H5810105,3,Casey (C),1006.775428,19,19
Y24H5810106,1,Casey (C),694.5299605,12,12
Y24H5810108,1,Casey (C),599.1557852,10,10
Y24H5810115,2,Casey (C),888.4162401,17,17
Y24H5810123,3,Casey (C),729.2790233,13,13
Y24H5810126,2,Casey (C),761.6717709,14,14
Y24H5810129,1,Casey (C),564.3889037,12,12
Y24H5810136,1,Casey (C),565.7873904,4,4
Y24H5810140,3,Casey (C),1006.775428,13,13
Y24H5810141,1,Casey (C),655.8499536,9,9
Y24H5810202,1,Knox (C),647.6191858,3,3
Y24H5810203,2,Knox (C),622.2334888,10,10
Y24H5810205,3,Knox (C),722.2699501,13,13
Y24H5810206,4,Knox (C),724.6607284,17,17
Y24H5810209,3,Knox (C),705.0588011,13,13
Y24H5810215,4,Knox (C),508.2911257,4,4
Y24H5810218,3,Knox (C),504.9252766,18,18
Y24H5810226,1,Maroondah (C),692.4888793,4,4
Y24H5810228,2,Maroondah (C),788.615016,11,11
Y24H5810229,5,Maroondah (C),1312.929524,12,12
Y24H5810231,4,Maroondah (C),1210.315775,13,13
Y24H5810232,1,Maroondah (C),570.2118503,10,10
Y24H5810233,2,Maroondah (C),550.4855665,18,18
Y24H5810235,1,Maroondah (C),590.1893709,12,12
Y24H5810236,4,Maroondah (C),1312.929524,17,17
Y24H5810237,1,Maroondah (C),675.9873908,12,12
Y24H5810241,2,Maroondah (C),601.2587891,8,8
Y24H5810401,1,Merri-bek (C),510.1374307,12,12
Y24H5810407,1,Merri-bek (C),630.6248088,14,14
Y24H5810409,1,Merri-bek (C),575.3459104,6,6
Y24H5810415,1,Merri-bek (C),510.1374307,2,2
Y24H5810416,0,Merri-bek (C),378.0366827,5,5
Y24H5810418,1,Merri-bek (C),551.6734671,12,12
Y24H5810421,0,Merri-bek (C),618.605356,7,7
Y24H5810423,2,Merri-bek (C),460.6053388,18,18
Y24H5810425,1,Merri-bek (C),429.0793633,3,3
Y24H5810427,0,Merri-bek (C),451.1662175,4,4
Y24H5810431,1,Merri-bek (C),301.3236784,10,10
Y24H5810432,0,Merri-bek (C),420.9012849,1,1
Y24H5810433,2,Merri-bek (C),452.546221,17,17
Y24H5810435,1,Merri-bek (C),398.0825985,9,9
Y24H5810438,2,Merri-bek (C),444.0942443,18,18
Y24H5810501,3,Melton (S),669.4000603,7,7
Y24H5810506,2,Melton (S),662.4357791,3,3
Y24H5810508,2,Melton (S),471.6199196,17,17
Y24H5810509,1,Melton (S),662.2366292,13,13
Y24H5810511,2,Melton (S),781.8193168,2,2
Y24H5810514,2,Melton (S),706.4418428,5,5
Y24H5810522,1,Melton (S),406.1257018,2,2
Y24H5810524,3,Melton (S),467.873495,10,10
Y24H5810526,2,Melton (S),476.778037,18,18
Y24H5810529,2,Melton (S),402.3180248,13,13
Y24H5810530,4,Melton (S),1745.575266,12,12
Y24H5810532,1,Melton (S),353.3655971,9,9
Y24H5810534,1,Melton (S),470.7731689,5,5
Y24H5810540,2,Melton (S),476.778037,12,12
Y24H5820101,4,Casey (C),381.7108283,11,11
Y24H5820103,2,Casey (C),419.5472615,12,12
Y24H5820105,1,Casey (C),377.5846848,12,12
Y24H5820106,1,Casey (C),357.7363383,4,4
Y24H5820108,4,Casey (C),381.7108283,11,11
Y24H5820109,1,Casey (C),347.1993247,8,8
Y24H5820111,2,Casey (C),400.1727825,18,18
Y24H5820112,2,Casey (C),415.4573296,13,13
Y24H5820114,4,Casey (C),635.891498,19,19
Y24H5820117,1,Casey (C),370.5327268,11,11
Y24H5820121,1,Casey (C),380.5580326,12,12
Y24H5820128,3,Casey (C),807.9075817,13,13
Y24H5820129,2,Casey (C),508.8096491,12,12
Y24H5820131,3,Casey (C),740.9792946,10,10
Y24H5820136,2,Casey (C),494.4394051,15,15
Y24H5820138,2,Casey (C),576.8774846,9,9
Y24H5820139,2,Casey (C),567.6351387,8,8
Y24H5820141,2,Casey (C),608.4509781,17,17
Y24H5820142,2,Casey (C),648.8707943,10,10
Y24H5820304,1,Melbourne (C),2164.486283,11,11
Y24H5820308,1,Melbourne (C),1600.790178,12,12
Y24H5820316,1,Melbourne (C),2257.364918,13,13
Y24H5820320,1,Melbourne (C),2320.123801,16,16
Y24H5820324,2,Melbourne (C),920.0776668,17,17
Y24H5820325,1,Melbourne (C),595.4554318,14,14
Y24H5820326,2,Melbourne (C),977.5804784,12,12
Y24H5820327,1,Melbourne (C),952.8911504,6,6
Y24H5820328,2,Melbourne (C),1003.182853,14,14
Y24H5820329,2,Melbourne (C),983.2875965,11,11
Y24H5820330,2,Melbourne (C),647.4950132,17,17
Y24H5820331,1,Melbourne (C),932.00945,14,14
Y24H5820334,1,Melbourne (C),638.2716911,18,18
Y24H5820335,2,Melbourne (C),1003.182853,18,18
Y24H5820336,0,Melbourne (C),806.3706084,12,12
Y24H5820337,3,Melbourne (C),1089.799059,15,15
Y24H5820339,1,Melbourne (C),721.4954277,9,9
Y24H5820342,1,Melbourne (C),1016.192364,10,10
Y24H5820401,2,Whittlesea (C),420.4181628,12,12
Y24H5820408,1,Whittlesea (C),511.5772766,12,12
Y24H5820409,2,Whittlesea (C),655.8675094,14,14
Y24H5820411,3,Whittlesea (C),628.882028,14,14
Y24H5820416,4,Whittlesea (C),784.7840111,9,9
Y24H5820417,2,Whittlesea (C),858.0514338,13,13
Y24H5820420,1,Whittlesea (C),593.0106234,14,14
Y24H5820424,2,Hume (C),637.5991334,11,11
Y24H5820425,2,Hume (C),852.7503353,12,12
Y24H5820428,2,Hume (C),974.7895253,10,10
Y24H5820437,2,Hume (C),566.7907398,15,15
Y24H5820439,2,Hume (C),608.1551298,12,12
Y24H5820440,2,Hume (C),408.847615,14,14
Y24H5820441,2,Hume (C),607.8341352,0,0
Y24H5820508,1,Wyndham (C),710.255565,3,3
Y24H5820511,2,Wyndham (C),760.8842022,18,18
Y24H5820514,2,Wyndham (C),1081.03222,11,11
Y24H5820519,3,Wyndham (C),1183.488436,1,1
Y24H5820521,2,Wyndham (C),892.1507084,16,16
Y24H5820522,1,Wyndham (C),268.9676557,12,12
Y24H5820523,0,Wyndham (C),215.1825247,9,9
Y24H5820524,2,Wyndham (C),265.9075424,11,11
Y24H5820525,2,Wyndham (C),358.1253763,18,18
Y24H5820526,3,Wyndham (C),270.9682798,18,18
Y24H5820527,2,Wyndham (C),271.8652091,14,14
Y24H5820528,2,Wyndham (C),289.9254016,13,13
Y24H5820529,2,Wyndham (C),234.5321614,17,17
Y24H5820531,4,Wyndham (C),272.7478644,10,10
Y24H5820532,2,Wyndham (C),253.6280674,13,13
Y24H5820535,2,Wyndham (C),289.9254016,17,17
Y24H5820537,1,Wyndham (C),220.3610418,14,14
Y24H5820538,2,Wyndham (C),272.7478644,13,13
Y24H5820540,1,Wyndham (C),225.7402623,9,9
Y24H5820542,2,Wyndham (C),297.3835695,13,13
Y24H5830101,3,Kingston (C),501.3502075,18,18
Y24H5830102,3,Kingston (C),602.253321,14,14
Y24H5830104,2,Kingston (C),542.1707771,12,12
Y24H5830108,2,Kingston (C),799.646335,13,13
Y24H5830110,2,Kingston (C),568.4201295,12,12
Y24H5830113,2,Kingston (C),681.0922113,10,10
Y24H5830115,4,Kingston (C),887.0449995,15,15
Y24H5830118,3,Kingston (C),487.9968777,17,17
Y24H5830120,4,Kingston (C),1131.394862,16,16
Y24H5830122,1,Kingston (C),342.4941977,7,7
Y24H5830124,2,Kingston (C),741.7815473,12,12
Y24H5830127,1,Kingston (C),397.0127427,10,10
Y24H5830128,1,Kingston (C),675.2954627,11,11
Y24H5830129,2,Kingston (C),480.7336363,10,10
Y24H5830131,2,Kingston (C),465.071015,4,4
Y24H5830132,1,Kingston (C),378.2586266,8,8
Y24H5830134,0,Kingston (C),425.4550929,0,0
Y24H5830135,2,Kingston (C),594.2762464,17,17
Y24H5830141,2,Kingston (C),475.4909454,8,8
Y24H5830142,2,Kingston (C),507.0781354,15,15
Y24H5830201,1,Knox (C),288.6585295,0,0
Y24H5830202,3,Knox (C),361.7846434,14,14
Y24H5830203,1,Knox (C),327.2748594,10,10
Y24H5830204,1,Knox (C),312.1614729,6,6
Y24H5830207,2,Knox (C),322.4458651,10,10
Y24H5830209,1,Knox (C),370.0681062,5,5
Y24H5830210,1,Knox (C),372.0215243,8,8
Y24H5830212,0,Knox (C),340.1937253,3,3
Y24H5830213,1,Knox (C),302.9715249,9,9
Y24H5830215,2,Knox (C),260.8392548,14,14
Y24H5830216,1,Knox (C),370.0681062,7,7
Y24H5830217,2,Knox (C),295.7339615,13,13
Y24H5830218,2,Knox (C),282.0771176,6,6
Y24H5830219,2,Knox (C),328.0721168,15,15
Y24H5830222,2,Knox (C),521.6785096,16,16
Y24H5830224,2,Knox (C),711.1239872,9,9
Y24H5830225,2,Knox (C),678.2846433,14,14
Y24H5830226,2,Knox (C),724.6580589,11,11
Y24H5830235,2,Knox (C),775.3556206,13,13
Y24H5830238,3,Knox (C),658.6166787,4,4
Y24H5830240,2,Knox (C),806.9939656,13,13
Y24H5830313,0,Port Phillip (C),2762.142258,14,14
Y24H5830314,1,Port Phillip (C),2437.152262,7,7
Y24H5830322,1,Stonnington (C),1630.15705,15,15
Y24H5830328,1,Stonnington (C),2482.942698,10,10
Y24H5830502,1,Brimbank (C),945.4264227,9,9
Y24H5830505,1,Brimbank (C),968.5051716,12,12
Y24H5830508,3,Brimbank (C),931.6860262,12,12
Y24H5830513,2,Brimbank (C),945.7107343,13,13
Y24H5830516,1,Brimbank (C),945.4264227,12,12
Y24H5830525,1,Hobsons Bay (C),696.1300828,6,6
Y24H5830528,1,Hobsons Bay (C),629.014157,5,5
Y24H5830539,1,Hobsons Bay (C),696.1300828,12,12
Y24H5830540,1,Hobsons Bay (C),743.7235673,13,13
Y24H5830542,3,Hobsons Bay (C),884.4291392,13,13
Y24H5840209,1,Whitehorse (C),1286.955667,6,6
Y24H5840211,1,Whitehorse (C),950.2623752,12,12
Y24H5840214,1,Whitehorse (C),1086.256752,10,10
Y24H5840218,1,Whitehorse (C),1234.004243,5,5
Y24H5840220,2,Whitehorse (C),834.9110902,9,9
Y24H5840222,3,Manningham (C),862.2730877,7,7
Y24H5840227,1,Manningham (C),730.7195236,6,6
Y24H5840229,1,Manningham (C),798.5852919,5,5
Y24H5840230,1,Manningham (C),693.5695663,5,5
Y24H5840231,0,Manningham (C),982.6235197,6,6
Y24H5840241,0,Manningham (C),1004.63923,9,9
Y24H5840301,2,Glen Eira (C),666.7929637,17,17
Y24H5840302,1,Glen Eira (C),535.7739037,12,12
Y24H5840305,1,Glen Eira (C),560.5269282,8,8
Y24H5840309,1,Glen Eira (C),547.1699936,12,12
Y24H5840315,2,Glen Eira (C),568.95448,14,14
Y24H5840316,1,Glen Eira (C),854.5516328,15,15
Y24H5840319,2,Glen Eira (C),770.383649,14,14
Y24H5840321,1,Glen Eira (C),599.7417664,8,8
Y24H5840322,1,Glen Eira (C),673.5098413,15,15
Y24H5840325,0,Glen Eira (C),489.3632828,12,12
Y24H5840328,1,Glen Eira (C),522.0006639,17,17
Y24H5840331,1,Glen Eira (C),488.9406671,2,2
Y24H5840333,2,Glen Eira (C),584.3069435,9,9
Y24H5840334,2,Glen Eira (C),586.2410519,14,14
Y24H5840335,1,Glen Eira (C),522.0006639,8,8
Y24H5840340,1,Glen Eira (C),487.8690213,11,11
Y24H5840341,1,Glen Eira (C),499.8953978,8,8
Y24H5840402,2,Hume (C),2075.131475,14,14
Y24H5840412,2,Hume (C),1354.795482,13,13
Y24H5840422,2,Hume (C),1839.940494,18,18
Y24H5840425,1,Hume (C),1562.768805,9,9
Y24H5840429,1,Hume (C),923.9761631,5,5
Y24H5840431,2,Hume (C),2086.085132,11,11
Y24H5840501,2,Melton (S),366.815493,19,19
Y24H5840503,3,Melton (S),812.5996079,12,12
Y24H5840504,1,Melton (S),443.5162392,14,14
Y24H5840509,1,Melton (S),515.0729338,13,13
Y24H5840512,3,Melton (S),586.4441027,19,19
Y24H5840516,2,Melton (S),501.2910188,12,12
Y24H5840517,2,Melton (S),572.5099003,12,12
Y24H5840518,1,Melton (S),493.880405,12,12
Y24H5840520,2,Melton (S),651.805842,9,9
Y24H5840528,1,Melton (S),1112.623311,12,12
Y24H5840532,1,Melton (S),872.6250272,13,13
Y24H5840535,1,Melton (S),1112.623311,3,3
Y24H5840537,1,Melton (S),1015.093702,10,10
Y24H5840538,2,Melton (S),828.0382676,10,10
Y24H5840539,1,Melton (S),556.1367293,5,5
Y24H5850202,1,Knox (C),458.5407648,18,18
Y24H5850203,0,Knox (C),519.3068213,4,4
Y24H5850205,2,Knox (C),563.6229347,11,11
Y24H5850206,1,Knox (C),591.6659436,4,4
Y24H5850208,2,Knox (C),543.2625522,6,6
Y24H5850211,3,Knox (C),613.4005262,1,1
Y24H5850212,3,Knox (C),479.5078611,17,17
Y24H5850219,2,Knox (C),510.3344038,18,18
Y24H5850220,4,Knox (C),1163.815321,13,13
Y24H5850224,2,Knox (C),517.5344326,9,9
Y24H5850228,2,Knox (C),678.436168,15,15
Y24H5850231,1,Knox (C),476.3613989,8,8
Y24H5850234,0,Knox (C),597.3096449,10,10
Y24H5850235,2,Knox (C),614.292457,9,9
Y24H5850238,1,Knox (C),651.0376675,7,7
Y24H5850239,2,Knox (C),493.6349559,13,13
Y24H5850240,1,Knox (C),663.4281798,12,12
Y24H5850302,0,Melbourne (C),1107.17023,17,17
Y24H5850309,0,Melbourne (C),1364.167783,14,14
Y24H5850310,4,Melbourne (C),1715.178246,13,13
Y24H5850311,1,Melbourne (C),1082.243142,15,15
Y24H5850312,1,Melbourne (C),1424.621102,8,8
Y24H5850317,1,Melbourne (C),1398.014175,7,7
Y24H5850318,1,Melbourne (C),893.1831478,12,12
Y24H5850319,0,Melbourne (C),975.988093,15,15
Y24H5850320,1,Melbourne (C),1160.061901,5,5
Y24H5850321,0,Melbourne (C),1495.236225,10,10
Y24H5850332,0,Yarra (C),1570.743677,10,10
Y24H5850334,0,Yarra (C),1683.688097,10,10
Y24H5850339,0,Yarra (C),1570.743677,12,12
Y24H5850340,0,Yarra (C),1361.987347,12,12
Y24H5850342,0,Yarra (C),1457.272891,6,6
Y24H5850505,1,Melton (S),750.7520137,12,12
Y24H5850506,3,Melton (S),927.4100908,17,17
Y24H5850508,3,Melton (S),1135.570747,14,14
Y24H5850515,1,Melton (S),536.2657297,12,12
Y24H5850516,1,Melton (S),604.8140675,6,6
Y24H5850517,2,Melton (S),748.5975919,11,11
Y24H5850521,1,Melton (S),803.2751259,13,13
Y24H5850524,3,Wyndham (C),1598.7601,12,12
Y24H5850531,1,Wyndham (C),1018.736419,8,8
Y24H5850540,2,Wyndham (C),833.8163591,11,11
Y24H5860101,2,Frankston (C),828.4854639,6,6
Y24H5860103,3,Frankston (C),991.3316973,7,7
Y24H5860105,4,Frankston (C),1360.881291,17,17
Y24H5860107,1,Frankston (C),1046.762032,6,6
Y24H5860112,0,Frankston (C),309.7973616,1,1
Y24H5860113,1,Frankston (C),1013.542514,7,7
Y24H5860117,1,Frankston (C),960.0466808,12,12
Y24H5860118,5,Frankston (C),1273.793715,15,15
Y24H5860121,2,Frankston (C),1024.162227,3,3
Y24H5860122,3,Frankston (C),868.4247312,9,9
Y24H5860123,2,Frankston (C),1074.852821,12,12
Y24H5860126,2,Frankston (C),1136.4735,12,12
Y24H5860127,1,Frankston (C),1751.736389,15,15
Y24H5860132,1,Frankston (C),1634.227183,10,10
Y24H5860135,2,Frankston (C),1233.818314,16,16
Y24H5860141,3,Frankston (C),974.8925881,5,5
Y24H5860142,1,Frankston (C),1177.607286,8,8
Y24H5860203,1,Yarra Ranges (S),510.2284835,2,2
Y24H5860208,1,Yarra Ranges (S),450.0248018,4,4
Y24H5860211,1,Yarra Ranges (S),428.1302681,1,1
Y24H5860212,2,Yarra Ranges (S),496.9352017,12,12
Y24H5860213,0,Yarra Ranges (S),468.1209851,3,3
Y24H5860214,1,Yarra Ranges (S),556.3144115,2,2
Y24H5860215,1,Yarra Ranges (S),450.0248018,6,6
Y24H5860217,0,Yarra Ranges (S),457.8625604,8,8
Y24H5860218,1,Yarra Ranges (S),428.1302681,9,9
Y24H5860219,1,Yarra Ranges (S),519.9391232,1,1
Y24H5860220,1,Yarra Ranges (S),458.9150012,6,6
Y24H5860221,1,Yarra Ranges (S),556.3144115,4,4
Y24H5860223,2,Yarra Ranges (S),1261.243386,12,12
Y24H5860230,1,Yarra Ranges (S),965.5662619,9,9
Y24H5860233,1,Yarra Ranges (S),1189.242504,12,12
Y24H5860234,1,Yarra Ranges (S),1356.316438,3,3
Y24H5860239,2,Yarra Ranges (S),1209.349887,1,1
Y24H5860301,1,Maribyrnong (C),369.0086745,7,7
Y24H5860303,1,Maribyrnong (C),641.3338692,7,7
Y24H5860304,1,Maribyrnong (C),611.7173975,7,7
Y24H5860311,1,Maribyrnong (C),611.7173975,8,8
Y24H5860315,1,Maribyrnong (C),565.6605946,7,7
Y24H5860316,1,Maribyrnong (C),637.9663404,7,7
Y24H5860319,2,Maribyrnong (C),636.0527999,15,15
Y24H5860323,1,Maribyrnong (C),405.9785803,7,7
Y24H5860325,1,Maribyrnong (C),307.7069108,9,9
Y24H5860326,1,Maribyrnong (C),271.3051131,11,11
Y24H5860327,2,Maribyrnong (C),406.1006674,15,15
Y24H5860330,2,Maribyrnong (C),395.1157259,9,9
Y24H5860333,1,Maribyrnong (C),373.4780299,16,16
Y24H5860334,1,Maribyrnong (C),417.2655291,9,9
Y24H5860336,1,Maribyrnong (C),234.823702,11,11
Y24H5860337,3,Maribyrnong (C),462.8257451,12,12
Y24H5860339,0,Maribyrnong (C),389.9052395,8,8
Y24H5860342,1,Maribyrnong (C),444.9847647,12,12
Y24H5860401,1,Merri-bek (C),510.1374307,14,14
Y24H5860406,2,Merri-bek (C),707.3378754,14,14
Y24H5860407,2,Merri-bek (C),649.1057531,15,15
Y24H5860413,3,Merri-bek (C),583.7711008,15,15
Y24H5860415,6,Merri-bek (C),625.871067,15,15
Y24H5860420,2,Merri-bek (C),871.5259091,10,10
Y24H5860421,0,Merri-bek (C),414.358226,12,12
Y24H5860425,0,Merri-bek (C),362.4824713,12,12
Y24H5860432,1,Merri-bek (C),385.2872339,6,6
Y24H5860434,0,Merri-bek (C),470.7904596,10,10
Y24H5860438,0,Merri-bek (C),567.3591518,9,9
Y24H5860439,1,Merri-bek (C),551.6734671,14,14
Y24H5860441,1,Merri-bek (C),479.9378808,12,12
Y24H5870102,3,Greater Dandenong (C),812.9649739,5,5
Y24H5870105,2,Greater Dandenong (C),875.9211234,8,8
Y24H5870108,3,Greater Dandenong (C),720.8252559,12,12
Y24H5870111,2,Greater Dandenong (C),819.8678528,18,18
Y24H5870112,1,Greater Dandenong (C),749.8797995,9,9
Y24H5870113,2,Greater Dandenong (C),851.8853557,14,14
Y24H5870115,3,Greater Dandenong (C),943.9574279,12,12
Y24H5870116,2,Greater Dandenong (C),805.4331513,14,14
Y24H5870122,2,Kingston (C),654.3423614,15,15
Y24H5870124,2,Kingston (C),765.3363027,7,7
Y24H5870126,1,Kingston (C),630.493007,3,3
Y24H5870128,2,Kingston (C),786.0435978,9,9
Y24H5870131,1,Kingston (C),618.7176084,4,4
Y24H5870133,1,Kingston (C),630.493007,2,2
Y24H5870134,1,Kingston (C),649.3560927,12,12
Y24H5870140,2,Kingston (C),779.9021401,8,8
Y24H5870141,1,Kingston (C),632.5799954,7,7
Y24H5870302,2,Boroondara (C),551.5603814,10,10
Y24H5870303,2,Boroondara (C),758.0143827,14,14
Y24H5870304,2,Boroondara (C),528.8665869,14,14
Y24H5870306,1,Boroondara (C),493.2481143,6,6
Y24H5870308,2,Boroondara (C),596.637916,7,7
Y24H5870310,1,Boroondara (C),494.5312619,3,3
Y24H5870311,1,Boroondara (C),460.1602625,12,12
Y24H5870313,2,Boroondara (C),691.6112945,11,11
Y24H5870314,2,Boroondara (C),957.784555,4,4
Y24H5870315,1,Boroondara (C),552.5700281,8,8
Y24H5870316,2,Boroondara (C),689.7694952,16,16
Y24H5870318,1,Boroondara (C),597.5609804,5,5
Y24H5870323,2,Boroondara (C),1153.548596,16,16
Y24H5870324,2,Boroondara (C),1159.637645,9,9
Y24H5870329,2,Boroondara (C),1328.21131,9,9
Y24H5870336,2,Boroondara (C),1022.807856,13,13
Y24H5870338,2,Boroondara (C),1159.637645,13,13
Y24H5870339,1,Boroondara (C),788.8461643,8,8
Y24H5870341,1,Boroondara (C),866.762143,14,14
Y24H5870401,1,Darebin (C),270.5787966,8,8
Y24H5870402,1,Darebin (C),305.1656175,10,10
Y24H5870405,1,Darebin (C),312.6149975,12,12
Y24H5870407,1,Darebin (C),334.4857514,6,6
Y24H5870408,2,Darebin (C),287.6498361,11,11
Y24H5870409,4,Darebin (C),348.6359502,8,8
Y24H5870411,1,Darebin (C),292.6096653,5,5
Y24H5870412,3,Darebin (C),417.4354603,16,16
Y24H5870413,3,Darebin (C),293.3271935,14,14
Y24H5870414,2,Darebin (C),319.3597359,10,10
Y24H5870415,0,Darebin (C),353.4169019,4,4
Y24H5870417,3,Darebin (C),292.903492,14,14
Y24H5870418,1,Darebin (C),292.6096653,9,9
Y24H5870422,2,Darebin (C),467.4309836,13,13
Y24H5870426,1,Darebin (C),426.6803877,13,13
Y24H5870427,1,Darebin (C),476.6566895,14,14
Y24H5870428,1,Darebin (C),508.3213206,5,5
Y24H5870430,0,Darebin (C),647.7128613,12,12
Y24H5870432,1,Darebin (C),475.4907061,12,12
Y24H5870436,1,Darebin (C),411.2012862,10,10
Y24H5870442,2,Darebin (C),577.8316918,13,13
Y24H5870502,1,Wyndham (C),633.3670108,3,3
Y24H5870504,1,Wyndham (C),386.2410713,8,8
Y24H5870507,1,Wyndham (C),441.5169774,8,8
Y24H5870510,1,Wyndham (C),503.2953439,12,12
Y24H5870516,1,Wyndham (C),402.81477,8,8
Y24H5870517,1,Wyndham (C),636.7102619,8,8
Y24H5870518,0,Wyndham (C),608.2909988,5,5
Y24H5870522,2,Wyndham (C),601.4134234,7,7
Y24H5870524,0,Wyndham (C),540.7959339,12,12
Y24H5870525,1,Wyndham (C),809.7430746,6,6
Y24H5870528,1,Wyndham (C),588.6893032,15,15
Y24H5870531,2,Wyndham (C),681.8696609,14,14
Y24H5870537,2,Wyndham (C),933.7315591,7,7
Y24H5880103,1,Cardinia (S),530.5582451,8,8
Y24H5880104,2,Cardinia (S),589.6553889,11,11
Y24H5880107,1,Cardinia (S),578.4804405,6,6
Y24H5880112,1,Cardinia (S),572.5420109,14,14
Y24H5880114,2,Cardinia (S),693.6325905,11,11
Y24H5880115,1,Cardinia (S),467.9557822,8,8
Y24H5880116,2,Cardinia (S),614.9576457,12,12
Y24H5880117,2,Cardinia (S),636.1710167,17,17
Y24H5880118,1,Cardinia (S),535.9030357,8,8
Y24H5880123,1,Cardinia (S),1354.422415,9,9
Y24H5880124,1,Cardinia (S),1326.395613,1,1
Y24H5880131,3,Cardinia (S),1609.28508,10,10
Y24H5880142,2,Cardinia (S),1788.910141,10,10
Y24H5880201,1,Yarra Ranges (S),344.1366131,6,6
Y24H5880202,1,Yarra Ranges (S),341.4422795,15,15
Y24H5880204,2,Yarra Ranges (S),396.1048976,16,16
Y24H5880205,2,Yarra Ranges (S),380.0092719,13,13
Y24H5880206,3,Yarra Ranges (S),324.3668381,6,6
Y24H5880207,1,Yarra Ranges (S),425.4169029,4,4
Y24H5880208,0,Yarra Ranges (S),308.8170808,4,4
Y24H5880209,1,Yarra Ranges (S),283.990077,6,6
Y24H5880210,2,Yarra Ranges (S),372.9120311,6,6
Y24H5880212,3,Yarra Ranges (S),323.296697,5,5
Y24H5880213,2,Yarra Ranges (S),345.2196937,10,10
Y24H5880214,0,Yarra Ranges (S),381.7553874,8,8
Y24H5880216,1,Yarra Ranges (S),388.1259854,1,1
Y24H5880218,1,Yarra Ranges (S),372.1566525,5,5
Y24H5880219,1,Yarra Ranges (S),316.7070242,16,16
Y24H5880220,2,Yarra Ranges (S),350.9350009,13,13
Y24H5880221,2,Yarra Ranges (S),406.5949743,16,16
Y24H5880222,3,Yarra Ranges (S),650.1352223,12,12
Y24H5880223,2,Yarra Ranges (S),524.51121,11,11
Y24H5880224,1,Yarra Ranges (S),485.3315195,10,10
Y24H5880225,2,Yarra Ranges (S),547.5050922,13,13
Y24H5880232,2,Yarra Ranges (S),547.5050922,12,12
Y24H5880233,1,Yarra Ranges (S),675.9208602,13,13
Y24H5880234,1,Yarra Ranges (S),596.5895015,6,6
Y24H5880235,3,Yarra Ranges (S),691.2114563,17,17
Y24H5880237,1,Yarra Ranges (S),646.403024,6,6
Y24H5880239,3,Yarra Ranges (S),618.5049488,12,12
Y24H5880504,2,Hobsons Bay (C),598.6511132,8,8
Y24H5880509,2,Hobsons Bay (C),549.5586661,17,17
Y24H5880511,1,Hobsons Bay (C),427.9834701,6,6
Y24H5880512,2,Hobsons Bay (C),452.9571851,17,17
Y24H5880516,1,Hobsons Bay (C),446.3483454,5,5
Y24H5880517,3,Hobsons Bay (C),784.1408483,12,12
Y24H5880518,2,Hobsons Bay (C),434.8772751,14,14
Y24H5880520,2,Hobsons Bay (C),564.8374045,17,17
Y24H5880521,1,Hobsons Bay (C),489.2332332,6,6
Y24H5880522,1,Hobsons Bay (C),395.7601749,16,16
Y24H5880523,2,Hobsons Bay (C),453.5379652,12,12
Y24H5880526,3,Hobsons Bay (C),659.4493778,9,9
Y24H5880532,2,Hobsons Bay (C),434.8772751,18,18
Y24H5880534,2,Hobsons Bay (C),564.8374045,5,5
Y24H5880535,2,Hobsons Bay (C),497.1136275,18,18
Y24H5880537,2,Hobsons Bay (C),453.5379652,14,14
Y24H5880540,10,Hobsons Bay (C),1742.546605,14,14
Y24H5880541,2,Hobsons Bay (C),454.456514,18,18
Y24H5890102,1,Mornington Peninsula (S),372.5770103,8,8
Y24H5890104,1,Mornington Peninsula (S),368.8890485,6,6
Y24H5890105,1,Mornington Peninsula (S),381.6719658,6,6
Y24H5890106,3,Mornington Peninsula (S),536.3092164,16,16
Y24H5890107,1,Mornington Peninsula (S),408.3739914,4,4
Y24H5890109,2,Mornington Peninsula (S),364.5329969,12,12
Y24H5890113,1,Mornington Peninsula (S),382.9353343,10,10
Y24H5890114,1,Mornington Peninsula (S),421.6816642,13,13
Y24H5890118,3,Mornington Peninsula (S),500.3327588,14,14
Y24H5890121,1,Mornington Peninsula (S),421.6816642,8,8
Y24H5890122,3,Mornington Peninsula (S),361.3857467,14,14
Y24H5890126,1,Mornington Peninsula (S),458.006359,6,6
Y24H5890127,1,Mornington Peninsula (S),230.8368582,18,18
Y24H5890129,3,Mornington Peninsula (S),555.1946576,12,12
Y24H5890132,2,Mornington Peninsula (S),419.441269,8,8
Y24H5890133,3,Mornington Peninsula (S),426.9301374,18,18
Y24H5890137,0,Mornington Peninsula (S),141.5777042,1,1
Y24H5890138,1,Mornington Peninsula (S),464.0987001,15,15
Y24H5890142,1,Mornington Peninsula (S),490.0487897,7,7
Y24H5890201,1,Monash (C),537.6347135,7,7
Y24H5890202,2,Monash (C),708.2759368,8,8
Y24H5890203,2,Monash (C),734.5272705,4,4
Y24H5890204,1,Monash (C),761.3855355,13,13
Y24H5890208,2,Monash (C),647.8577735,18,18
Y24H5890214,1,Monash (C),647.4462168,2,2
Y24H5890216,1,Monash (C),590.6927984,13,13
Y24H5890217,5,Monash (C),755.8106383,15,15
Y24H5890223,2,Monash (C),1236.69794,17,17
Y24H5890224,4,Monash (C),1319.69676,17,17
Y24H5890226,1,Monash (C),804.8219703,12,12
Y24H5890230,2,Monash (C),917.6962568,5,5
Y24H5890232,1,Monash (C),775.2128181,11,11
Y24H5890237,3,Monash (C),900.1171376,3,3
Y24H5890312,0,Port Phillip (C),1281.805485,12,12
Y24H5890313,2,Port Phillip (C),1853.174572,14,14
Y24H5890317,1,Port Phillip (C),1836.069775,10,10
Y24H5890322,2,Port Phillip (C),1937.088337,18,18
Y24H5890327,1,Port Phillip (C),1877.206975,7,7
Y24H5890336,1,Port Phillip (C),1619.425342,7,7
Y24H5890501,2,Melton (S),459.7920283,11,11
Y24H5890504,2,Melton (S),702.0921657,8,8
Y24H5890512,2,Melton (S),750.0932698,9,9
Y24H5890515,2,Melton (S),571.4688379,4,4
Y24H5890516,4,Melton (S),754.9663363,8,8
Y24H5890519,1,Melton (S),536.2514384,7,7
Y24H5890521,9,Melton (S),2242.865602,10,10
Y24H5890524,1,Wyndham (C),323.9528341,11,11
Y24H5890527,1,Wyndham (C),411.6573533,13,13
Y24H5890528,2,Wyndham (C),614.0663646,7,7
Y24H5890530,2,Wyndham (C),396.7669646,7,7
Y24H5890531,3,Wyndham (C),563.1961773,14,14
Y24H5890532,1,Wyndham (C),308.992857,13,13
Y24H5890533,3,Wyndham (C),576.9036949,11,11
Y24H5890536,2,Wyndham (C),437.2449287,13,13
Y24H5890541,2,Wyndham (C),575.814605,12,12
Y24H5890542,2,Wyndham (C),540.5161098,10,10
Y24H5900201,2,Whitehorse (C),388.7690779,10,10
Y24H5900203,3,Whitehorse (C),450.8594437,9,9
Y24H5900204,2,Whitehorse (C),377.5282544,6,6
Y24H5900208,3,Whitehorse (C),323.326983,17,17
Y24H5900209,4,Whitehorse (C),733.7072615,9,9
Y24H5900210,2,Whitehorse (C),395.8063922,14,14
Y24H5900212,3,Whitehorse (C),343.145001,13,13
Y24H5900213,1,Whitehorse (C),309.8053849,10,10
Y24H5900215,5,Whitehorse (C),297.0035416,17,17
Y24H5900216,2,Whitehorse (C),393.728084,6,6
Y24H5900217,2,Whitehorse (C),358.3843147,14,14
Y24H5900219,2,Whitehorse (C),403.3393572,11,11
Y24H5900221,3,Whitehorse (C),441.4277397,12,12
Y24H5900222,1,Whitehorse (C),343.8497581,14,14
Y24H5900223,0,Whitehorse (C),319.6691119,7,7
Y24H5900224,2,Whitehorse (C),389.0624696,5,5
Y24H5900226,1,Whitehorse (C),498.7397741,6,6
Y24H5900232,2,Whitehorse (C),446.1697552,12,12
Y24H5900234,3,Whitehorse (C),406.8773583,16,16
Y24H5900237,3,Whitehorse (C),475.957601,11,11
Y24H5900238,3,Whitehorse (C),397.9610292,14,14
Y24H5900240,1,Whitehorse (C),397.2690862,4,4
Y24H5900242,2,Whitehorse (C),510.0222021,18,18
Y24H5900302,2,Port Phillip (C),1092.348636,8,8
Y24H5900306,2,Port Phillip (C),761.778611,14,14
Y24H5900308,2,Port Phillip (C),968.5441686,7,7
Y24H5900315,1,Port Phillip (C),657.1697231,15,15
Y24H5900320,1,Port Phillip (C),761.778611,1,1
Y24H5900321,1,Port Phillip (C),812.3840872,7,7
Y24H5900322,1,Port Phillip (C),657.1697231,8,8
Y24H5900323,3,Port Phillip (C),1040.26527,18,18
Y24H5900328,1,Port Phillip (C),1000.955561,2,2
Y24H5900330,1,Port Phillip (C),741.1726524,7,7
Y24H5900341,1,Port Phillip (C),938.6034873,6,6
Y24H5900342,2,Port Phillip (C),1197.300853,14,14
Y24H5900409,1,Hume (C),1222.370697,7,7
Y24H5900411,2,Hume (C),992.3544306,1,1
Y24H5900414,3,Hume (C),1815.15879,12,12
Y24H5900416,1,Hume (C),728.7494845,6,6
Y24H5900418,1,Hume (C),1050.81064,10,10
Y24H5900420,1,Hume (C),803.2916612,5,5
Y24H5900421,3,Hume (C),2848.135908,12,12
Y24H5900424,1,Hume (C),1228.823026,8,8
Y24H5910103,2,Casey (C),512.7799863,12,12
Y24H5910105,2,Casey (C),507.7811806,11,11
Y24H5910107,4,Casey (C),777.2007198,14,14
Y24H5910109,2,Casey (C),510.0874708,14,14
Y24H5910110,3,Casey (C),658.6482618,13,13
Y24H5910114,2,Casey (C),543.3058911,15,15
Y24H5910115,1,Casey (C),399.4371902,6,6
Y24H5910116,2,Casey (C),496.9093747,12,12
Y24H5910120,2,Casey (C),524.2688377,13,13
Y24H5910123,1,Casey (C),289.6041705,6,6
Y24H5910124,1,Casey (C),274.9189833,4,4
Y24H5910125,1,Casey (C),277.6884895,12,12
Y24H5910126,1,Casey (C),296.6736809,1,1
Y24H5910127,1,Casey (C),297.6556974,6,6
Y24H5910129,1,Casey (C),242.4803102,3,3
Y24H5910130,1,Casey (C),289.6041705,8,8
Y24H5910131,1,Casey (C),274.9189833,3,3
Y24H5910133,1,Casey (C),280.1512259,4,4
Y24H5910134,1,Casey (C),281.0785515,4,4
Y24H5910135,2,Casey (C),370.783311,5,5
Y24H5910138,1,Casey (C),274.9189833,3,3
Y24H5910142,1,Casey (C),299.7507927,4,4
Y24H5910301,2,Stonnington (C),480.3809967,18,18
Y24H5910302,2,Stonnington (C),677.412458,18,18
Y24H5910307,1,Stonnington (C),503.7943779,18,18
Y24H5910312,2,Stonnington (C),572.7209447,17,17
Y24H5910316,0,Stonnington (C),555.529733,4,4
Y24H5910320,1,Stonnington (C),389.8848514,12,12
Y24H5910321,1,Stonnington (C),503.7943779,17,17
Y24H5910323,1,Stonnington (C),334.2786173,8,8
Y24H5910325,0,Stonnington (C),387.3982696,3,3
Y24H5910327,2,Stonnington (C),417.9030563,14,14
Y24H5910328,1,Stonnington (C),451.4441269,7,7
Y24H5910331,3,Stonnington (C),507.4592256,18,18
Y24H5910335,2,Stonnington (C),431.8838678,17,17
Y24H5910336,1,Stonnington (C),365.1910674,0,0
Y24H5910338,1,Stonnington (C),414.045812,14,14
Y24H5910340,2,Stonnington (C),403.6446206,13,13
Y24H5910341,0,Stonnington (C),337.0238295,9,9
Y24H5910342,3,Stonnington (C),530.6602171,9,9
Y24H5910401,1,Darebin (C),349.5382669,12,12
Y24H5910403,2,Darebin (C),346.1586723,14,14
Y24H5910404,1,Darebin (C),209.9839175,8,8
Y24H5910405,2,Darebin (C),459.0646045,12,12
Y24H5910406,3,Darebin (C),494.9657925,16,16
Y24H5910410,1,Darebin (C),304.5174502,12,12
Y24H5910411,2,Darebin (C),429.6874474,17,17
Y24H5910412,3,Darebin (C),422.0822059,15,15
Y24H5910413,1,Darebin (C),370.6770141,10,10
Y24H5910418,2,Darebin (C),238.6981568,11,11
Y24H5910421,2,Darebin (C),377.4251425,15,15
Y24H5910424,0,Darebin (C),651.1318375,2,2
Y24H5910429,1,Darebin (C),439.6905444,12,12
Y24H5910430,2,Darebin (C),616.172481,5,5
Y24H5910432,3,Darebin (C),487.877476,12,12
Y24H5910435,1,Darebin (C),543.5393461,3,3
Y24H5910437,2,Darebin (C),342.2935354,9,9
Y24H5910440,1,Darebin (C),475.0841184,8,8
Y24H5910504,1,Melton (S),878.3859428,12,12
Y24H5910509,1,Melton (S),737.0572025,15,15
Y24H5910515,2,Melton (S),1000.070466,1,1
Y24H5910520,3,Melton (S),1323.866892,13,13
Y24H5910523,2,Melton (S),644.5170242,18,18
Y24H5910525,3,Melton (S),996.5239348,17,17
Y24H5910528,5,Melton (S),3087.523921,12,12
Y24H5910529,3,Melton (S),459.7920283,15,15
Y24H5910533,2,Melton (S),544.8891851,11,11
Y24H5910535,2,Melton (S),802.5702958,13,13
Y24H5910537,1,Melton (S),662.2366292,2,2
Y24H5920202,2,Greater Dandenong (C),805.4331513,8,8
Y24H5920206,0,Greater Dandenong (C),857.4569912,3,3
Y24H5920207,2,Greater Dandenong (C),885.0062139,0,0
Y24H5920208,2,Greater Dandenong (C),734.9028382,11,11
Y24H5920211,1,Greater Dandenong (C),662.80232,5,5
Y24H5920212,2,Greater Dandenong (C),849.0748418,7,7
Y24H5920214,2,Greater Dandenong (C),908.4766847,12,12
Y24H5920222,2,Greater Dandenong (C),477.2777621,3,3
Y24H5920228,1,Greater Dandenong (C),505.1050561,4,4
Y24H5920230,1,Greater Dandenong (C),460.8288863,4,4
Y24H5920231,1,Greater Dandenong (C),463.2613886,1,1
Y24H5920232,1,Greater Dandenong (C),441.8682134,7,7
Y24H5920233,1,Greater Dandenong (C),472.0781532,3,3
Y24H5920234,0,Greater Dandenong (C),571.6379942,9,9
Y24H5920236,0,Greater Dandenong (C),493.1395775,2,2
Y24H5920238,1,Greater Dandenong (C),463.2613886,2,2
Y24H5920239,1,Greater Dandenong (C),441.8682134,4,4
Y24H5920240,0,Greater Dandenong (C),569.7520637,5,5
Y24H5920301,1,Boroondara (C),510.0646413,12,12
Y24H5920304,3,Boroondara (C),1180.624743,7,7
Y24H5920305,2,Boroondara (C),652.2530011,11,11
Y24H5920307,2,Boroondara (C),558.0498278,12,12
Y24H5920308,2,Boroondara (C),510.0646413,8,8
Y24H5920309,1,Boroondara (C),575.2638166,4,4
Y24H5920311,1,Boroondara (C),551.5947511,1,1
Y24H5920312,1,Boroondara (C),465.1782951,16,16
Y24H5920314,2,Boroondara (C),558.0498278,13,13
Y24H5920316,1,Boroondara (C),575.2638166,8,8
Y24H5920317,1,Boroondara (C),578.3003679,12,12
Y24H5920318,1,Boroondara (C),551.5947511,12,12
Y24H5920320,2,Boroondara (C),523.2874811,8,8
Y24H5920323,1,Stonnington (C),769.1070792,14,14
Y24H5920329,1,Stonnington (C),681.9381215,8,8
Y24H5920333,1,Stonnington (C),787.8817069,7,7
Y24H5920336,1,Stonnington (C),681.9381215,5,5
Y24H5920339,1,Stonnington (C),722.1030156,7,7
Y24H5920342,1,Stonnington (C),843.0024373,8,8
Y24H5920402,1,Whittlesea (C),657.0099284,3,3
Y24H5920403,3,Whittlesea (C),806.8402807,16,16
Y24H5920405,1,Whittlesea (C),673.0481592,6,6
Y24H5920406,2,Whittlesea (C),767.6165898,16,16
Y24H5920407,1,Whittlesea (C),616.1280651,6,6
Y24H5920409,3,Whittlesea (C),802.6037075,1,1
Y24H5920414,2,Whittlesea (C),454.7507086,14,14
Y24H5920415,2,Whittlesea (C),662.2060196,11,11
Y24H5920422,3,Whittlesea (C),1423.276627,11,11
Y24H5920431,2,Whittlesea (C),1153.826678,17,17
Y24H5920432,1,Whittlesea (C),1152.669214,3,3
Y24H5920436,1,Whittlesea (C),1165.091646,13,13
Y24H5930104,2,Kingston (C),1219.884248,12,12
Y24H5930108,1,Kingston (C),1502.251562,12,12
Y24H5930114,2,Kingston (C),1394.464872,8,8
Y24H5930119,1,Kingston (C),1111.329076,4,4
Y24H5930123,1,Kingston (C),711.3825211,17,17
Y24H5930124,2,Kingston (C),730.8258807,15,15
Y24H5930125,1,Kingston (C),594.4064133,8,8
Y24H5930130,1,Kingston (C),619.9125377,6,6
Y24H5930132,1,Kingston (C),594.4064133,5,5
Y24H5930133,3,Kingston (C),629.3416727,11,11
Y24H5930139,3,Kingston (C),690.3651107,18,18
Y24H5930302,1,Moonee Valley (C),982.260378,3,3
Y24H5930303,0,Moonee Valley (C),968.6249695,8,8
Y24H5930307,2,Moonee Valley (C),1062.852065,17,17
Y24H5930312,0,Moonee Valley (C),801.1061566,10,10
Y24H5930313,1,Moonee Valley (C),819.3748416,13,13
Y24H5930316,1,Moonee Valley (C),797.2109166,2,2
Y24H5930319,2,Moonee Valley (C),962.63979,14,14
Y24H5930320,2,Moonee Valley (C),996.6443001,6,6
Y24H5930326,1,Merri-bek (C),608.8147985,10,10
Y24H5930332,1,Merri-bek (C),569.8546002,3,3
Y24H5930333,1,Merri-bek (C),750.133549,9,9
Y24H5930402,2,Whittlesea (C),414.8884674,14,14
Y24H5930403,4,Whittlesea (C),1596.021145,9,9
Y24H5930404,1,Whittlesea (C),538.9916494,10,10
Y24H5930413,2,Whittlesea (C),589.8391001,13,13
Y24H5930414,2,Whittlesea (C),629.0225165,14,14
Y24H5930416,2,Whittlesea (C),746.8527151,10,10
Y24H5930418,2,Whittlesea (C),716.1236733,7,7
Y24H5930420,3,Whittlesea (C),633.8693547,14,14
Y24H5930422,2,Whittlesea (C),588.627573,14,14
Y24H5930423,3,Whittlesea (C),548.1985029,6,6
Y24H5930427,1,Whittlesea (C),513.5536684,4,4
Y24H5930428,1,Whittlesea (C),640.1200514,14,14
Y24H5930429,1,Whittlesea (C),443.0315018,8,8
Y24H5930434,2,Whittlesea (C),524.3014223,15,15
Y24H5930438,2,Whittlesea (C),570.9865651,17,17
Y24H5930440,2,Whittlesea (C),680.0747492,12,12
Y24H5930441,1,Whittlesea (C),549.1342066,12,12
Y24H5930502,2,Brimbank (C),460.0647244,6,6
Y24H5930503,2,Brimbank (C),462.493193,18,18
Y24H5930504,1,Brimbank (C),453.2635612,1,1
Y24H5930508,1,Brimbank (C),331.3118453,8,8
Y24H5930509,1,Brimbank (C),308.3744514,11,11
Y24H5930512,1,Brimbank (C),382.783326,5,5
Y24H5930513,2,Brimbank (C),390.2365194,14,14
Y24H5930515,2,Brimbank (C),336.6484983,10,10
Y24H5930516,2,Brimbank (C),460.0647244,14,14
Y24H5930517,0,Brimbank (C),475.9781696,4,4
Y24H5930523,2,Brimbank (C),511.1830271,8,8
Y24H5930526,2,Brimbank (C),523.6614859,7,7
Y24H5930527,2,Brimbank (C),433.5961327,16,16
Y24H5930530,1,Brimbank (C),342.6382793,15,15
Y24H5930533,1,Brimbank (C),425.3148066,15,15
Y24H5930534,2,Brimbank (C),525.3948524,14,14
Y24H5930538,1,Brimbank (C),528.0093838,1,1
Y24H5930540,1,Brimbank (C),342.1995123,11,11
Y24H5940101,1,Frankston (C),762.0906086,2,2
Y24H5940104,1,Frankston (C),824.1409922,5,5
Y24H5940106,2,Frankston (C),883.7885596,12,12
Y24H5940111,2,Frankston (C),806.3476207,9,9
Y24H5940112,2,Frankston (C),880.8727917,11,11
Y24H5940113,0,Frankston (C),443.7683298,8,8
Y24H5940115,1,Frankston (C),762.0906086,12,12
Y24H5940116,2,Frankston (C),840.9481941,14,14
Y24H5940120,2,Frankston (C),864.3280956,3,3
Y24H5940121,2,Frankston (C),942.4992405,13,13
Y24H5940122,1,Frankston (C),786.9248356,3,3
Y24H5940126,3,Frankston (C),820.7444663,9,9
Y24H5940128,2,Frankston (C),921.7460045,14,14
Y24H5940129,1,Frankston (C),762.0906086,4,4
Y24H5940130,1,Frankston (C),859.5050835,7,7
Y24H5940131,2,Frankston (C),1298.763011,15,15
Y24H5940135,2,Frankston (C),921.7460045,18,18
Y24H5940136,1,Frankston (C),762.0906086,4,4
Y24H5940137,2,Frankston (C),859.8822564,12,12
Y24H5940140,1,Frankston (C),909.1787997,12,12
Y24H5940203,1,Maroondah (C),617.7778319,7,7
Y24H5940204,1,Maroondah (C),589.249166,12,12
Y24H5940205,1,Maroondah (C),553.8149758,17,17
Y24H5940206,1,Maroondah (C),555.648153,13,13
Y24H5940212,1,Maroondah (C),629.5353448,7,7
Y24H5940214,3,Maroondah (C),535.4526403,8,8
Y24H5940215,1,Maroondah (C),479.3454917,11,11
Y24H5940217,2,Maroondah (C),491.094933,15,15
Y24H5940218,1,Maroondah (C),518.3744094,4,4
Y24H5940219,1,Maroondah (C),553.8149758,17,17
Y24H5940220,4,Maroondah (C),559.1006008,14,14
Y24H5940222,4,Whitehorse (C),845.7155768,15,15
Y24H5940230,1,Whitehorse (C),391.8527749,3,3
Y24H5940231,2,Whitehorse (C),465.8996091,13,13
Y24H5940233,2,Whitehorse (C),474.7665843,14,14
Y24H5940234,2,Whitehorse (C),526.0767806,4,4
Y24H5940235,1,Whitehorse (C),429.5017602,12,12
Y24H5940236,1,Whitehorse (C),474.8436572,3,3
Y24H5940237,3,Whitehorse (C),583.0396804,18,18
Y24H5940239,1,Whitehorse (C),451.7416406,5,5
Y24H5940242,2,Whitehorse (C),507.9815715,12,12
Y24H5940403,2,Whittlesea (C),642.3598857,7,7
Y24H5940406,1,Whittlesea (C),617.7759824,2,2
Y24H5940407,2,Whittlesea (C),700.3804636,13,13
Y24H5940409,3,Whittlesea (C),802.6037075,14,14
Y24H5940411,5,Whittlesea (C),1100.556872,17,17
Y24H5940412,2,Whittlesea (C),654.5852429,10,10
Y24H5940417,2,Whittlesea (C),642.3598857,12,12
Y24H5940419,4,Whittlesea (C),1626.39653,19,19
Y24H5940422,1,Whittlesea (C),332.2736263,6,6
Y24H5940423,1,Whittlesea (C),400.7101774,4,4
Y24H5940425,0,Whittlesea (C),501.8535424,3,3
Y24H5940428,1,Whittlesea (C),439.2101767,6,6
Y24H5940429,1,Whittlesea (C),332.2736263,5,5
Y24H5940431,1,Whittlesea (C),402.8253408,1,1
Y24H5940433,1,Whittlesea (C),410.49189,6,6
Y24H5940435,0,Whittlesea (C),573.6750326,2,2
Y24H5940436,1,Whittlesea (C),332.2736263,8,8
Y24H5940438,1,Whittlesea (C),376.7247223,10,10
Y24H5940439,1,Whittlesea (C),359.3277663,4,4
Y24H5940501,2,Macedon Ranges (S),387.9045919,14,14
Y24H5940502,2,Macedon Ranges (S),456.4778535,3,3
Y24H5940503,2,Macedon Ranges (S),439.7979197,17,17
Y24H5940505,3,Macedon Ranges (S),748.260424,9,9
Y24H5940506,2,Macedon Ranges (S),449.6516057,18,18
Y24H5940507,2,Macedon Ranges (S),536.5958922,9,9
Y24H5940508,2,Macedon Ranges (S),404.7416262,10,10
Y24H5940512,4,Macedon Ranges (S),1665.862921,8,8
Y24H5940519,2,Macedon Ranges (S),501.5099231,10,10
Y24H5940520,2,Macedon Ranges (S),503.1699659,17,17
Y24H5940521,3,Macedon Ranges (S),835.3597395,12,12
Y24H5940522,2,Macedon Ranges (S),581.8568878,18,18
Y24H5940524,1,Macedon Ranges (S),519.8134417,7,7
Y24H5940525,2,Macedon Ranges (S),629.2324134,18,18
Y24H5940531,1,Macedon Ranges (S),519.8134417,11,11
Y24H5940532,1,Macedon Ranges (S),695.219086,12,12
Y24H5940534,2,Macedon Ranges (S),754.7549488,14,14
Y24H5940536,2,Macedon Ranges (S),607.1124393,15,15
Y24H5940539,2,Macedon Ranges (S),629.2324134,11,11
Y24H5950201,4,Monash (C),537.2220113,8,8
Y24H5950204,2,Monash (C),547.2989335,13,13
Y24H5950207,3,Monash (C),455.353784,14,14
Y24H5950208,3,Monash (C),368.3537441,14,14
Y24H5950209,2,Monash (C),570.7836644,14,14
Y24H5950211,0,Monash (C),420.6620961,2,2
Y24H5950213,2,Monash (C),447.9798808,12,12
Y24H5950215,1,Monash (C),330.8521314,12,12
Y24H5950216,3,Monash (C),415.4386789,17,17
Y24H5950217,2,Monash (C),573.796567,12,12
Y24H5950218,2,Monash (C),547.2989335,9,9
Y24H5950219,3,Monash (C),425.5799281,8,8
Y24H5950224,1,Whitehorse (C),452.8498174,10,10
Y24H5950225,1,Whitehorse (C),431.9374433,12,12
Y24H5950226,1,Whitehorse (C),473.0350159,8,8
Y24H5950229,2,Whitehorse (C),459.0531422,9,9
Y24H5950230,1,Whitehorse (C),369.2395058,13,13
Y24H5950231,2,Whitehorse (C),634.9665399,8,8
Y24H5950232,1,Whitehorse (C),442.763843,8,8
Y24H5950234,2,Whitehorse (C),665.4648381,16,16
Y24H5950235,2,Whitehorse (C),692.3193205,9,9
Y24H5950238,1,Whitehorse (C),452.8498174,5,5
Y24H5950241,2,Whitehorse (C),665.4648381,12,12
Y24H5950301,1,Melbourne (C),2740.12775,12,12
Y24H5950305,1,Melbourne (C),2211.003253,13,13
Y24H5950309,1,Melbourne (C),2508.183242,15,15
Y24H5950310,1,Melbourne (C),2521.42278,11,11
Y24H5950311,2,Melbourne (C),2963.232426,12,12
Y24H5950313,1,Melbourne (C),2577.915335,9,9
Y24H5950324,1,Moonee Valley (C),783.4013263,1,1
Y24H5950327,0,Moonee Valley (C),1210.399718,13,13
Y24H5950332,1,Moonee Valley (C),771.0670724,7,7
Y24H5950401,2,Banyule (C),240.4461004,14,14
Y24H5950402,2,Banyule (C),271.1811998,13,13
Y24H5950403,1,Banyule (C),515.8575745,6,6
Y24H5950407,3,Banyule (C),319.424186,12,12
Y24H5950408,1,Banyule (C),348.3437373,8,8
Y24H5950411,2,Banyule (C),400.4730389,12,12
Y24H5950414,2,Banyule (C),489.5024841,8,8
Y24H5950415,2,Banyule (C),332.5910401,17,17
Y24H5950417,1,Banyule (C),431.7044821,7,7
Y24H5950421,1,Banyule (C),430.6176915,3,3
Y24H5950422,0,Banyule (C),500.4886658,4,4
Y24H5950424,2,Banyule (C),364.8954507,1,1
Y24H5950427,1,Banyule (C),444.1727592,8,8
Y24H5950430,2,Banyule (C),459.4231784,6,6
Y24H5950431,3,Banyule (C),322.2588632,17,17
Y24H5950433,3,Banyule (C),454.2401055,18,18
Y24H5950436,2,Banyule (C),407.3531342,10,10
Y24H5950438,2,Banyule (C),461.8482605,9,9
Y24H5950440,1,Banyule (C),442.7073582,6,6
Y24H5950442,2,Banyule (C),452.2588685,17,17
Y24H5950506,2,Wyndham (C),464.7646478,18,18
Y24H5950507,1,Wyndham (C),402.5553363,11,11
Y24H5950508,0,Wyndham (C),395.2255608,7,7
Y24H5950509,1,Wyndham (C),358.0575734,14,14
Y24H5950510,1,Wyndham (C),359.9475934,12,12
Y24H5950514,2,Wyndham (C),495.6392824,14,14
Y24H5950516,1,Wyndham (C),358.0575734,12,12
Y24H5950518,3,Wyndham (C),615.4182512,14,14
Y24H5950521,1,Wyndham (C),402.5553363,12,12
Y24H5950522,3,Wyndham (C),1762.645855,10,10
Y24H5950525,2,Wyndham (C),951.1052527,13,13
Y24H5950540,2,Wyndham (C),1016.131049,12,12
Y24H5970101,2,Casey (C),282.5368029,12,12
Y24H5970102,2,Casey (C),338.2814293,17,17
Y24H5970105,1,Casey (C),280.1512259,2,2
Y24H5970108,2,Casey (C),299.9413328,8,8
Y24H5970109,1,Casey (C),289.6041705,1,1
Y24H5970110,2,Casey (C),340.0670602,6,6
Y24H5970111,3,Casey (C),308.3985068,14,14
Y24H5970112,1,Casey (C),280.1512259,10,10
Y24H5970114,1,Casey (C),317.4291697,11,11
Y24H5970116,1,Casey (C),273.4754331,3,3
Y24H5970117,2,Casey (C),320.3341769,11,11
Y24H5970118,1,Casey (C),262.2233645,7,7
Y24H5970120,3,Casey (C),322.0335519,6,6
Y24H5970121,1,Casey (C),317.4291697,13,13
Y24H5970125,2,Casey (C),611.0826153,7,7
Y24H5970126,2,Casey (C),652.8615179,13,13
Y24H5970129,1,Casey (C),497.8218341,12,12
Y24H5970133,2,Casey (C),652.8615179,12,12
Y24H5970134,4,Casey (C),937.0117354,19,19
Y24H5970136,2,Casey (C),581.4967419,12,12
Y24H5970139,2,Casey (C),611.0826153,8,8
Y24H5970202,3,Greater Dandenong (C),500.2861378,10,10
Y24H5970204,1,Greater Dandenong (C),407.8783508,12,12
Y24H5970210,1,Greater Dandenong (C),452.8459533,8,8
Y24H5970211,2,Greater Dandenong (C),640.4627551,12,12
Y24H5970212,1,Greater Dandenong (C),461.464492,9,9
Y24H5970214,2,Greater Dandenong (C),576.7391693,12,12
Y24H5970215,2,Greater Dandenong (C),439.4751224,16,16
Y24H5970216,2,Greater Dandenong (C),526.1837432,11,11
Y24H5970217,2,Greater Dandenong (C),528.9612234,14,14
Y24H5970218,1,Greater Dandenong (C),431.9337576,5,5
Y24H5970219,2,Greater Dandenong (C),539.0283836,3,3
Y24H5970220,1,Greater Dandenong (C),462.9919808,9,9
Y24H5970221,3,Greater Dandenong (C),548.3533372,13,13
Y24H5970224,2,Greater Dandenong (C),809.6846598,14,14
Y24H5970225,3,Greater Dandenong (C),779.5157621,2,2
Y24H5970227,2,Greater Dandenong (C),878.8205009,17,17
Y24H5970228,1,Greater Dandenong (C),802.341891,12,12
Y24H5970231,1,Greater Dandenong (C),713.3207042,0,0
Y24H5970237,1,Greater Dandenong (C),691.2433295,4,4
Y24H5970238,1,Greater Dandenong (C),735.8746741,8,8
Y24H5970241,2,Greater Dandenong (C),878.8205009,9,9
Y24H5970303,1,Stonnington (C),910.9007865,12,12
Y24H5970311,2,Stonnington (C),868.8358517,14,14
Y24H5970312,0,Stonnington (C),739.006248,12,12
Y24H5970321,1,Stonnington (C),806.0710046,10,10
Y24H5970322,1,Stonnington (C),298.9734417,17,17
Y24H5970324,2,Stonnington (C),605.3228485,9,9
Y24H5970328,1,Stonnington (C),541.2486264,12,12
Y24H5970329,2,Stonnington (C),362.2571223,14,14
Y24H5970333,2,Stonnington (C),418.5361558,12,12
Y24H5970335,1,Stonnington (C),551.765044,8,8
Y24H5970337,1,Stonnington (C),503.3987835,7,7
Y24H5970339,1,Stonnington (C),482.6865843,12,12
Y24H5970341,2,Stonnington (C),618.8851256,3,3
Y24H5970401,1,Merri-bek (C),599.9964674,11,11
Y24H5970404,4,Merri-bek (C),695.8717562,10,10
Y24H5970405,1,Merri-bek (C),743.4475792,9,9
Y24H5970414,1,Merri-bek (C),795.4596683,15,15
Y24H5970415,1,Merri-bek (C),643.4788892,1,1
Y24H5970421,2,Merri-bek (C),1129.675346,12,12
Y24H5970425,2,Merri-bek (C),588.7553615,5,5
Y24H5970426,1,Merri-bek (C),775.1721341,14,14
Y24H5970427,2,Merri-bek (C),990.2327432,10,10
Y24H5970428,1,Merri-bek (C),473.9017845,12,12
Y24H5970429,2,Merri-bek (C),544.4273929,14,14
Y24H5970432,2,Merri-bek (C),588.7553615,18,18
Y24H5970436,0,Merri-bek (C),1160.587892,15,15
Y24H5970441,2,Merri-bek (C),706.2033253,11,11
Y24H5970442,2,Merri-bek (C),673.0135839,8,8
Y24H5980202,2,Boroondara (C),661.8724577,7,7
Y24H5980205,1,Boroondara (C),589.9449664,8,8
Y24H5980206,1,Boroondara (C),591.8977372,7,7
Y24H5980208,2,Boroondara (C),929.7479171,5,5
Y24H5980211,2,Boroondara (C),634.6399043,12,12
Y24H5980212,0,Boroondara (C),831.4233488,6,6
Y24H5980215,1,Boroondara (C),418.5388975,11,11
Y24H5980217,2,Boroondara (C),665.3661758,15,15
Y24H5980218,1,Boroondara (C),452.6168652,15,15
Y24H5980220,2,Boroondara (C),829.9335534,5,5
Y24H5980222,1,Monash (C),698.3265801,6,6
Y24H5980225,2,Monash (C),905.5121674,11,11
Y24H5980227,3,Monash (C),925.1420442,14,14
Y24H5980229,0,Monash (C),892.5181773,14,14
Y24H5980233,1,Monash (C),804.8219703,5,5
Y24H5980238,1,Monash (C),791.7477227,2,2
Y24H5980301,1,Stonnington (C),530.3963167,12,12
Y24H5980303,3,Stonnington (C),950.5333597,12,12
Y24H5980304,1,Stonnington (C),573.5818573,12,12
Y24H5980307,2,Stonnington (C),768.9205169,12,12
Y24H5980309,3,Stonnington (C),694.7646096,16,16
Y24H5980315,2,Stonnington (C),635.2406837,9,9
Y24H5980317,2,Stonnington (C),751.1419245,17,17
Y24H5980318,4,Stonnington (C),1309.526434,19,19
Y24H5980321,0,Stonnington (C),688.0071074,3,3
Y24H5980322,2,Glen Eira (C),907.4741724,13,13
Y24H5980325,0,Glen Eira (C),550.5336932,12,12
Y24H5980326,1,Glen Eira (C),548.852649,6,6
Y24H5980328,1,Glen Eira (C),599.7417664,1,1
Y24H5980331,1,Glen Eira (C),538.602006,4,4
Y24H5980337,0,Glen Eira (C),574.1572285,12,12
Y24H5980339,0,Glen Eira (C),550.5336932,7,7
Y24H5980342,0,Glen Eira (C),982.8537379,1,1
Y24H5980406,4,Hume (C),1935.048548,11,11
Y24H5980407,1,Hume (C),489.517073,6,6
Y24H5980409,2,Hume (C),566.7907398,12,12
Y24H5980410,0,Hume (C),1899.705512,1,1
Y24H5980412,4,Hume (C),2012.378354,14,14
Y24H5980413,2,Hume (C),607.8341352,14,14
Y24H5980414,2,Hume (C),695.1897006,14,14
Y24H5980426,3,Hume (C),1518.71177,9,9
Y24H5980427,2,Hume (C),850.9677892,12,12
Y24H5980429,3,Hume (C),1225.670407,0,0
Y24H5980434,3,Hume (C),1420.773762,8,8
Y24H5980438,2,Hume (C),797.6955919,4,4
Y24H5980501,2,Wyndham (C),874.4898573,17,17
Y24H5980503,1,Wyndham (C),664.572677,12,12
Y24H5980507,1,Wyndham (C),997.4822442,11,11
Y24H5980509,3,Wyndham (C),1126.313029,8,8
Y24H5980511,1,Wyndham (C),768.0854737,12,12
Y24H5980529,1,Wyndham (C),571.4569635,9,9
Y24H5980530,1,Wyndham (C),644.503632,16,16
Y24H5980532,2,Wyndham (C),780.4575203,14,14
Y24H5980535,1,Wyndham (C),997.4822442,7,7
Y24H5980538,1,Wyndham (C),664.572677,11,11
Y24H5990201,2,Yarra Ranges (S),635.597952,10,10
Y24H5990202,2,Yarra Ranges (S),630.6216931,10,10
Y24H5990203,2,Yarra Ranges (S),574.0127069,16,16
Y24H5990209,2,Yarra Ranges (S),702.2731544,17,17
Y24H5990210,2,Yarra Ranges (S),705.9801291,13,13
Y24H5990211,4,Yarra Ranges (S),514.4332691,9,9
Y24H5990213,3,Yarra Ranges (S),600.2963331,12,12
Y24H5990216,3,Yarra Ranges (S),718.3354067,11,11
Y24H5990219,2,Yarra Ranges (S),584.9372845,17,17
Y24H5990222,2,Yarra Ranges (S),422.7856609,17,17
Y24H5990225,2,Yarra Ranges (S),549.7044941,4,4
Y24H5990227,2,Yarra Ranges (S),589.2310293,8,8
Y24H5990228,5,Yarra Ranges (S),1293.238056,16,16
Y24H5990230,4,Yarra Ranges (S),1313.934196,2,2
Y24H5990231,4,Yarra Ranges (S),1073.962346,9,9
Y24H5990232,1,Yarra Ranges (S),563.4608692,12,12
Y24H5990234,2,Yarra Ranges (S),589.2310293,13,13
Y24H5990236,3,Yarra Ranges (S),519.9428224,11,11
Y24H5990237,1,Yarra Ranges (S),477.7929348,10,10
Y24H5990240,3,Yarra Ranges (S),543.9235036,13,13
Y24H5990303,1,Bayside (C),363.3887918,6,6
Y24H5990304,3,Bayside (C),373.6430661,17,17
Y24H5990305,1,Bayside (C),378.1812933,14,14
Y24H5990309,1,Bayside (C),369.1695179,6,6
Y24H5990311,2,Bayside (C),486.5074288,12,12
Y24H5990312,1,Bayside (C),370.3047869,12,12
Y24H5990313,3,Bayside (C),376.0253154,7,7
Y24H5990314,1,Bayside (C),404.6391092,5,5
Y24H5990315,5,Bayside (C),679.1810122,18,18
Y24H5990317,1,Bayside (C),579.5998709,16,16
Y24H5990318,2,Bayside (C),486.5074288,13,13
Y24H5990321,2,Bayside (C),474.531388,12,12
Y24H5990326,1,Glen Eira (C),643.234384,14,14
Y24H5990327,2,Glen Eira (C),772.933688,13,13
Y24H5990328,1,Glen Eira (C),587.2507469,5,5
Y24H5990333,1,Glen Eira (C),875.4120426,14,14
Y24H5990334,2,Glen Eira (C),659.5211834,8,8
Y24H5990337,1,Glen Eira (C),547.1699936,8,8
Y24H5990340,2,Glen Eira (C),770.383649,18,18
Y24H5990341,2,Glen Eira (C),1051.926755,11,11
Y24H5990402,2,Whittlesea (C),567.9884173,15,15
Y24H5990403,1,Whittlesea (C),537.1004544,12,12
Y24H5990405,1,Whittlesea (C),511.859368,6,6
Y24H5990407,2,Whittlesea (C),622.5604121,10,10
Y24H5990409,1,Whittlesea (C),534.2802365,12,12
Y24H5990413,1,Whittlesea (C),513.5536684,6,6
Y24H5990416,1,Whittlesea (C),584.0088252,10,10
Y24H5990418,0,Whittlesea (C),731.418652,9,9
Y24H5990420,2,Whittlesea (C),583.7795366,13,13
Y24H5990422,1,Whittlesea (C),996.820879,6,6
Y24H5990434,1,Whittlesea (C),1155.495754,6,6
Y24H5990439,1,Whittlesea (C),1077.983299,7,7
Y24H5990501,2,Maribyrnong (C),625.4373135,12,12
Y24H5990508,1,Maribyrnong (C),447.1332733,12,12
Y24H5990509,4,Maribyrnong (C),727.2975995,16,16
Y24H5990512,1,Maribyrnong (C),415.6443881,4,4
Y24H5990513,2,Maribyrnong (C),724.9950069,3,3
Y24H5990514,1,Maribyrnong (C),699.2617731,8,8
Y24H5990521,1,Maribyrnong (C),552.7399442,17,17
Y24H5990522,2,Maribyrnong (C),550.525095,12,12
Y24H5990523,0,Maribyrnong (C),416.8514338,7,7
Y24H5990527,2,Maribyrnong (C),724.9950069,11,11
Y24H5990531,0,Maribyrnong (C),507.7712686,7,7
Y24H5990533,1,Maribyrnong (C),516.5983767,13,13
Y24H5990537,1,Maribyrnong (C),637.9663404,12,12
Y24H5990539,2,Maribyrnong (C),595.3495462,3,3
Y24H6000202,3,Manningham (C),226.2493943,18,18
Y24H6000203,2,Manningham (C),267.3417342,6,6
Y24H6000205,2,Manningham (C),272.429767,7,7
Y24H6000207,2,Manningham (C),291.4891354,3,3
Y24H6000211,2,Manningham (C),230.8870672,15,15
Y24H6000212,2,Manningham (C),272.429767,13,13
Y24H6000214,2,Manningham (C),291.4891354,17,17
Y24H6000217,2,Manningham (C),242.0655302,17,17
Y24H6000220,2,Manningham (C),273.3315339,8,8
Y24H6000221,2,Manningham (C),324.6082348,14,14
Y24H6000224,2,Manningham (C),533.2509612,12,12
Y24H6000226,1,Manningham (C),434.2713198,8,8
Y24H6000227,1,Manningham (C),504.9299136,3,3
Y24H6000228,2,Manningham (C),595.9894241,14,14
Y24H6000229,2,Manningham (C),482.1194937,16,16
Y24H6000230,2,Manningham (C),530.4509563,6,6
Y24H6000231,2,Manningham (C),533.2509612,9,9
Y24H6000236,2,Manningham (C),470.3307751,10,10
Y24H6000241,5,Manningham (C),768.9438889,8,8
Y24H6000242,1,Manningham (C),414.6585406,5,5
Y24H6000326,0,Port Phillip (C),688.2573708,9,9
Y24H6000328,1,Port Phillip (C),750.716671,7,7
Y24H6000329,2,Port Phillip (C),726.4081265,17,17
Y24H6000337,2,Port Phillip (C),704.9826766,14,14
Y24H6000338,0,Port Phillip (C),438.413747,12,12
Y24H6000340,1,Port Phillip (C),569.4490309,12,12
Y24H6000342,3,Port Phillip (C),882.4469029,12,12
Y24H6000501,2,Brimbank (C),407.9219687,9,9
Y24H6000503,1,Brimbank (C),302.2275827,13,13
Y24H6000505,2,Brimbank (C),388.9490631,8,8
Y24H6000506,2,Brimbank (C),390.2365194,8,8
Y24H6000507,2,Brimbank (C),405.7231983,15,15
Y24H6000508,1,Brimbank (C),331.3118453,12,12
Y24H6000511,1,Brimbank (C),295.6864726,11,11
Y24H6000515,2,Brimbank (C),328.205594,8,8
Y24H6000516,1,Brimbank (C),373.6618876,6,6
Y24H6000517,0,Brimbank (C),475.9781696,2,2
Y24H6000529,1,Brimbank (C),414.1398067,4,4
Y24H6000534,1,Brimbank (C),607.3193816,4,4
Y24H6000537,1,Brimbank (C),375.8008001,4,4
Y24H6000541,2,Brimbank (C),487.7956493,7,7
Y24H6010102,2,Mornington Peninsula (S),496.9873422,15,15
Y24H6010105,2,Mornington Peninsula (S),497.9087874,6,6
Y24H6010108,2,Mornington Peninsula (S),430.956805,14,14
Y24H6010109,4,Mornington Peninsula (S),691.0267909,17,17
Y24H6010111,3,Mornington Peninsula (S),667.1103451,14,14
Y24H6010113,2,Mornington Peninsula (S),534.9521116,16,16
Y24H6010117,1,Mornington Peninsula (S),515.6652223,6,6
Y24H6010119,2,Mornington Peninsula (S),497.9087874,2,2
Y24H6010121,2,Mornington Peninsula (S),544.7375952,15,15
Y24H6010124,2,Mornington Peninsula (S),562.0620467,11,11
Y24H6010125,3,Mornington Peninsula (S),750.4991382,12,12
Y24H6010127,3,Mornington Peninsula (S),523.6393326,6,6
Y24H6010130,2,Mornington Peninsula (S),546.7994954,9,9
Y24H6010132,2,Mornington Peninsula (S),524.3015862,11,11
Y24H6010134,5,Mornington Peninsula (S),836.7909718,19,19
Y24H6010138,3,Mornington Peninsula (S),786.8347674,11,11
Y24H6010141,2,Mornington Peninsula (S),562.0015238,12,12
Y24H6010206,2,Monash (C),750.9843766,8,8
Y24H6010207,0,Monash (C),781.404129,8,8
Y24H6010209,3,Monash (C),675.0878532,18,18
Y24H6010213,2,Monash (C),727.9673063,13,13
Y24H6010215,4,Monash (C),647.8023017,19,19
Y24H6010216,3,Monash (C),909.7560886,12,12
Y24H6010217,2,Monash (C),691.9052627,15,15
Y24H6010218,2,Monash (C),659.9534297,8,8
Y24H6010222,1,Monash (C),379.9639033,17,17
Y24H6010223,2,Monash (C),515.1097722,13,13
Y24H6010224,1,Monash (C),443.3154366,15,15
Y24H6010226,0,Monash (C),562.4600528,8,8
Y24H6010227,2,Monash (C),546.1704557,14,14
Y24H6010228,3,Monash (C),553.785883,18,18
Y24H6010231,2,Monash (C),678.1232156,18,18
Y24H6010233,2,Monash (C),544.368547,15,15
Y24H6010235,2,Monash (C),582.4529341,8,8
Y24H6010237,2,Monash (C),531.3966545,12,12
Y24H6010240,2,Monash (C),544.368547,6,6
Y24H6010505,2,Brimbank (C),421.32722,12,12
Y24H6010508,1,Brimbank (C),368.1242726,1,1
Y24H6010509,2,Brimbank (C),511.1830271,10,10
Y24H6010513,1,Brimbank (C),352.1642517,10,10
Y24H6010516,1,Brimbank (C),525.2369015,4,4
Y24H6010521,1,Brimbank (C),455.0701145,4,4
Y24H6010523,3,Brimbank (C),875.6492412,4,4
Y24H6010534,2,Brimbank (C),650.394199,12,12
Y24H6010535,3,Brimbank (C),1192.898007,15,15
Y24H6010536,3,Brimbank (C),1096.291682,8,8
Y24H6010537,1,Brimbank (C),787.8553522,4,4
Y24H6010540,2,Brimbank (C),648.2484386,3,3
Y24H6020201,3,Cardinia (S),411.3960176,11,11
Y24H6020202,3,Cardinia (S),477.4679081,15,15
Y24H6020203,2,Cardinia (S),504.8351128,12,12
Y24H6020204,1,Cardinia (S),412.2331044,9,9
Y24H6020205,2,Cardinia (S),514.4431062,5,5
Y24H6020206,2,Cardinia (S),516.145959,15,15
Y24H6020208,3,Cardinia (S),411.3960176,17,17
Y24H6020209,2,Cardinia (S),502.1843144,5,5
Y24H6020211,3,Cardinia (S),454.7049868,5,5
Y24H6020213,2,Cardinia (S),516.145959,15,15
Y24H6020216,1,Cardinia (S),405.9787532,7,7
Y24H6020218,5,Cardinia (S),648.8490897,18,18
Y24H6020220,2,Cardinia (S),441.874751,18,18
Y24H6020226,2,Yarra Ranges (S),1074.630045,4,4
Y24H6020227,2,Yarra Ranges (S),1078.187167,5,5
Y24H6020231,2,Yarra Ranges (S),1148.025414,10,10
Y24H6020234,0,Yarra Ranges (S),1217.114561,4,4
Y24H6020236,1,Yarra Ranges (S),1170.064485,7,7
Y24H6020302,3,Glen Eira (C),629.0109249,14,14
Y24H6020307,1,Glen Eira (C),436.1758301,4,4
Y24H6020308,1,Glen Eira (C),345.4912225,6,6
Y24H6020310,1,Glen Eira (C),400.042364,5,5
Y24H6020312,2,Glen Eira (C),509.1984066,13,13
Y24H6020313,2,Glen Eira (C),479.6517697,9,9
Y24H6020314,1,Glen Eira (C),436.1758301,12,12
Y24H6020315,1,Glen Eira (C),352.8399362,14,14
Y24H6020316,2,Glen Eira (C),476.6036673,14,14
Y24H6020319,1,Glen Eira (C),407.6559478,3,3
Y24H6020320,0,Glen Eira (C),429.1780742,10,10
Y24H6020322,1,Yarra (C),500.7294778,11,11
Y24H6020325,1,Yarra (C),667.1929588,12,12
Y24H6020326,2,Yarra (C),852.6309462,16,16
Y24H6020327,2,Yarra (C),706.0117827,14,14
Y24H6020328,1,Yarra (C),532.6512268,17,17
Y24H6020329,0,Yarra (C),491.1857773,15,15
Y24H6020330,3,Yarra (C),817.9201562,18,18
Y24H6020332,4,Yarra (C),950.2728015,13,13
Y24H6020333,1,Yarra (C),497.8231844,18,18
Y24H6020337,2,Yarra (C),686.9143057,14,14
Y24H6020338,1,Yarra (C),468.5404467,17,17
Y24H6020340,0,Yarra (C),567.4947278,11,11
Y24H6020404,3,Banyule (C),425.171685,11,11
Y24H6020405,1,Banyule (C),371.8401204,0,0
Y24H6020406,2,Banyule (C),306.5925878,13,13
Y24H6020409,2,Banyule (C),412.6150554,13,13
Y24H6020412,2,Banyule (C),550.085342,11,11
Y24H6020414,2,Banyule (C),452.2588685,13,13
Y24H6020417,2,Banyule (C),461.8482605,7,7
Y24H6020419,2,Banyule (C),503.2453517,2,2
Y24H6020420,1,Banyule (C),373.0709445,13,13
Y24H6020424,2,Banyule (C),249.8949198,15,15
Y24H6020426,1,Banyule (C),368.9227985,6,6
Y24H6020427,1,Banyule (C),452.1385809,13,13
Y24H6020428,1,Banyule (C),394.7328838,8,8
Y24H6020432,3,Banyule (C),256.147594,18,18
Y24H6020433,1,Banyule (C),368.9227985,5,5
Y24H6020434,2,Banyule (C),420.7592824,14,14
Y24H6020437,1,Banyule (C),336.7973178,7,7
Y24H6020438,2,Banyule (C),384.8735504,17,17
Y24H6020439,3,Banyule (C),394.5035539,11,11
Y24H6020440,2,Banyule (C),392.1984422,6,6
Y24H6020441,1,Banyule (C),310.8924538,18,18
Y24H6020501,2,Hume (C),383.77078,3,3
Y24H6020502,1,Hume (C),304.7742413,10,10
Y24H6020503,1,Hume (C),306.3830033,1,1
Y24H6020504,2,Hume (C),415.0178835,8,8
Y24H6020507,2,Hume (C),474.4121097,10,10
Y24H6020508,2,Hume (C),357.8378656,18,18
Y24H6020509,4,Hume (C),1340.564967,18,18
Y24H6020510,1,Hume (C),306.3830033,12,12
Y24H6020511,2,Hume (C),581.9348089,15,15
Y24H6020512,1,Hume (C),488.3053997,12,12
Y24H6020515,2,Hume (C),383.77078,11,11
Y24H6020518,3,Hume (C),619.2129869,7,7
Y24H6020521,1,Hume (C),334.056772,2,2
Y24H6020522,2,Hume (C),767.5415599,12,12
Y24H6020527,2,Hume (C),889.7195395,11,11
Y24H6020532,2,Hume (C),741.7511789,12,12
Y24H6020534,1,Hume (C),979.8434688,10,10
Y24H6020536,1,Hume (C),757.8337437,10,10
Y24H6020538,1,Hume (C),547.5907496,7,7
Y24H6020540,1,Hume (C),875.5682147,12,12
Y24H6026103,0,Greater Shepparton (C),82.11258327,4,4
Y24H6026105,1,Greater Shepparton (C),76.90787626,10,10
Y24H6026107,4,Greater Shepparton (C),206.6744091,19,19
Y24H6026108,1,Greater Shepparton (C),66.56635406,7,7
Y24H6026110,2,Greater Shepparton (C),80.45965717,8,8
Y24H6026113,0,Greater Shepparton (C),83.95231822,4,4
Y24H6026115,2,Greater Shepparton (C),70.96593475,7,7
Y24H6026116,1,Greater Shepparton (C),60.31054594,12,12
Y24H6026118,0,Greater Shepparton (C),78.32066595,4,4
Y24H6026119,1,Greater Shepparton (C),76.90787626,5,5
Y24H6026120,1,Greater Shepparton (C),61.98728969,12,12
Y24H6026123,2,Greater Shepparton (C),120.055767,11,11
Y24H6026124,2,Greater Shepparton (C),150.2355764,6,6
Y24H6026128,0,Greater Shepparton (C),107.8830547,7,7
Y24H6026131,1,Greater Shepparton (C),113.2072602,6,6
Y24H6026132,2,Greater Shepparton (C),132.0392527,13,13
Y24H6026133,2,Greater Shepparton (C),141.0666001,13,13
Y24H6026137,1,Greater Shepparton (C),112.6128292,10,10
Y24H6026141,2,Greater Shepparton (C),196.6456542,7,7
Y24H6030101,1,Mornington Peninsula (S),372.1254876,7,7
Y24H6030102,3,Mornington Peninsula (S),370.5272681,6,6
Y24H6030103,0,Mornington Peninsula (S),136.6107823,18,18
Y24H6030105,4,Mornington Peninsula (S),606.5674596,17,17
Y24H6030106,2,Mornington Peninsula (S),627.9268499,12,12
Y24H6030111,3,Mornington Peninsula (S),545.8175551,6,6
Y24H6030112,2,Mornington Peninsula (S),407.3799169,10,10
Y24H6030115,2,Mornington Peninsula (S),352.6010222,10,10
Y24H6030116,1,Mornington Peninsula (S),406.4476476,4,4
Y24H6030119,1,Mornington Peninsula (S),660.5104966,9,9
Y24H6030121,2,Mornington Peninsula (S),435.880488,6,6
Y24H6030122,4,Mornington Peninsula (S),551.436558,14,14
Y24H6030123,2,Mornington Peninsula (S),447.288608,13,13
Y24H6030127,1,Mornington Peninsula (S),474.4968458,8,8
Y24H6030128,3,Mornington Peninsula (S),446.7400424,6,6
Y24H6030129,1,Mornington Peninsula (S),396.4199109,3,3
Y24H6030132,2,Mornington Peninsula (S),419.441269,7,7
Y24H6030133,2,Mornington Peninsula (S),688.4407343,11,11
Y24H6030134,2,Mornington Peninsula (S),690.7195349,12,12
Y24H6030140,1,Mornington Peninsula (S),483.5795149,16,16
Y24H6030142,2,Mornington Peninsula (S),490.2638357,12,12
Y24H6030201,3,Maroondah (C),541.5126233,13,13
Y24H6030206,2,Maroondah (C),668.0653213,13,13
Y24H6030207,2,Maroondah (C),654.442116,18,18
Y24H6030208,2,Maroondah (C),576.3253206,12,12
Y24H6030209,2,Maroondah (C),597.0754556,11,11
Y24H6030210,2,Maroondah (C),653.4253072,17,17
Y24H6030212,2,Maroondah (C),665.8612608,4,4
Y24H6030214,1,Maroondah (C),724.2402949,9,9
Y24H6030218,4,Maroondah (C),1282.693343,13,13
Y24H6030223,2,Maroondah (C),335.8549438,12,12
Y24H6030225,1,Maroondah (C),296.416329,14,14
Y24H6030226,2,Maroondah (C),432.8055496,12,12
Y24H6030227,2,Maroondah (C),375.7867432,12,12
Y24H6030228,1,Maroondah (C),407.3851659,7,7
Y24H6030229,2,Maroondah (C),324.1829928,14,14
Y24H6030230,2,Maroondah (C),403.7995933,3,3
Y24H6030231,2,Maroondah (C),405.9310643,6,6
Y24H6030233,1,Maroondah (C),432.8055496,2,2
Y24H6030234,2,Maroondah (C),415.0259623,12,12
Y24H6030235,2,Maroondah (C),442.5964219,14,14
Y24H6030236,2,Maroondah (C),324.1829928,12,12
Y24H6030238,1,Maroondah (C),373.636762,8,8
Y24H6030240,2,Maroondah (C),413.6567214,7,7
Y24H6030241,1,Maroondah (C),317.7301633,15,15
Y24H6030242,2,Maroondah (C),442.5964219,14,14
Y24H6030402,2,Darebin (C),684.5870708,9,9
Y24H6030405,2,Darebin (C),701.2984856,17,17
Y24H6030414,2,Darebin (C),1155.663384,10,10
Y24H6030421,1,Darebin (C),1087.078692,12,12
Y24H6030425,1,Darebin (C),422.6584054,10,10
Y24H6030426,2,Darebin (C),561.0789611,6,6
Y24H6030429,2,Darebin (C),415.4942076,12,12
Y24H6030430,1,Darebin (C),370.2337025,15,15
Y24H6030433,2,Darebin (C),480.0439735,8,8
Y24H6030435,2,Darebin (C),513.6281705,7,7
Y24H6030438,2,Darebin (C),423.0828217,12,12
Y24H6030440,2,Darebin (C),431.1349102,11,11
Y24H6030441,1,Darebin (C),495.2176696,9,9
Y24H6030510,0,Wyndham (C),806.5768995,12,12
Y24H6030511,1,Wyndham (C),768.0854737,6,6
Y24H6030513,2,Wyndham (C),1151.62921,12,12
Y24H6030514,1,Wyndham (C),706.4271639,15,15
Y24H6030518,2,Wyndham (C),780.4575203,6,6
Y24H6030525,2,Wyndham (C),543.4887158,17,17
Y24H6030526,1,Wyndham (C),586.1417515,12,12
Y24H6030531,1,Wyndham (C),727.6688707,10,10
Y24H6030533,3,Wyndham (C),721.6768751,4,4
Y24H6030536,0,Wyndham (C),508.1471496,3,3
Y24H6030539,2,Wyndham (C),675.4942359,14,14
Y24H6030541,1,Wyndham (C),485.3303202,10,10
Y24H6036101,2,Campaspe (S),406.27068,8,8
Y24H6036104,2,Campaspe (S),275.6883721,14,14
Y24H6036107,1,Campaspe (S),237.4700787,5,5
Y24H6036115,3,Campaspe (S),611.9126571,10,10
Y24H6036123,3,Campaspe (S),277.2030025,12,12
Y24H6036126,1,Campaspe (S),127.2852418,6,6
Y24H6036129,1,Campaspe (S),96.04948468,5,5
Y24H6036133,2,Campaspe (S),147.268409,10,10
Y24H6036134,1,Campaspe (S),138.5956558,6,6
Y24H6036139,1,Campaspe (S),129.2984433,4,4
Y24H6036140,3,Campaspe (S),283.9697887,17,17
Y24H6036142,1,Campaspe (S),118.7350394,5,5
Y24H6036201,2,Greater Shepparton (C),106.4489021,3,3
Y24H6036204,1,Greater Shepparton (C),107.9794065,9,9
Y24H6036209,1,Greater Shepparton (C),90.46581892,9,9
Y24H6036210,2,Greater Shepparton (C),120.6894858,4,4
Y24H6036213,2,Greater Shepparton (C),123.3935374,7,7
Y24H6036215,0,Greater Shepparton (C),108.6357393,1,1
Y24H6036217,1,Greater Shepparton (C),113.2072602,2,2
Y24H6036220,2,Greater Shepparton (C),140.523908,15,15
Y24H6036228,1,Greater Shepparton (C),246.8652079,2,2
Y24H6036236,2,Greater Shepparton (C),244.1957757,12,12
Y24H6036239,1,Greater Shepparton (C),215.958813,4,4
Y24H6036241,2,Greater Shepparton (C),246.7870748,12,12
Y24H6040103,3,Cardinia (S),1039.97452,4,4
Y24H6040105,3,Cardinia (S),1387.819261,15,15
Y24H6040107,2,Cardinia (S),1123.404027,9,9
Y24H6040111,1,Cardinia (S),893.1717262,12,12
Y24H6040113,3,Cardinia (S),1084.040746,10,10
Y24H6040117,0,Cardinia (S),1067.219672,1,1
Y24H6040124,1,Cardinia (S),589.5091612,12,12
Y24H6040125,2,Cardinia (S),695.5318993,12,12
Y24H6040126,2,Cardinia (S),743.0844868,14,14
Y24H6040127,5,Cardinia (S),767.1467519,18,18
Y24H6040132,1,Cardinia (S),595.4478175,12,12
Y24H6040137,3,Cardinia (S),689.6758672,13,13
Y24H6040138,2,Cardinia (S),729.206274,12,12
Y24H6040141,2,Cardinia (S),745.544163,10,10
Y24H6040142,4,Cardinia (S),818.1088373,12,12
Y24H6040203,1,Manningham (C),476.4710016,12,12
Y24H6040205,1,Manningham (C),473.6668348,11,11
Y24H6040206,2,Manningham (C),683.0556617,14,14
Y24H6040207,2,Manningham (C),710.6200125,8,8
Y24H6040211,1,Manningham (C),454.4678132,1,1
Y24H6040217,1,Manningham (C),603.6126021,4,4
Y24H6040221,0,Manningham (C),714.2520691,5,5
Y24H6040224,2,Manningham (C),601.0003424,14,14
Y24H6040232,1,Manningham (C),647.7053391,5,5
Y24H6040235,1,Manningham (C),570.1554933,9,9
Y24H6040237,2,Manningham (C),729.370065,7,7
Y24H6040239,2,Manningham (C),699.3603419,6,6
Y24H6040240,3,Manningham (C),1481.120438,12,12
Y24H6040241,1,Manningham (C),548.0396427,8,8
Y24H6040242,3,Manningham (C),1584.740613,18,18
Y24H6040301,1,Bayside (C),277.7764166,1,1
Y24H6040302,1,Bayside (C),367.1560576,16,16
Y24H6040304,1,Bayside (C),306.782791,7,7
Y24H6040305,2,Bayside (C),450.46672,18,18
Y24H6040306,2,Bayside (C),385.6420689,14,14
Y24H6040308,2,Bayside (C),332.6849664,4,4
Y24H6040309,2,Bayside (C),598.4553697,7,7
Y24H6040311,2,Bayside (C),359.7725982,13,13
Y24H6040312,1,Bayside (C),320.9308153,9,9
Y24H6040315,2,Bayside (C),332.6849664,17,17
Y24H6040316,2,Bayside (C),399.6420523,14,14
Y24H6040317,4,Bayside (C),999.3703647,14,14
Y24H6040318,2,Bayside (C),359.7725982,8,8
Y24H6040319,2,Bayside (C),450.46672,17,17
Y24H6040321,4,Bayside (C),1089.637592,17,17
Y24H6040331,2,Kingston (C),2039.899255,17,17
Y24H6040338,1,Kingston (C),1251.490765,6,6
Y24H6040339,1,Kingston (C),1040.211223,12,12
Y24H6040340,0,Kingston (C),1166.141473,9,9
Y24H6040501,3,Melton (S),652.6119841,7,7
Y24H6040506,1,Melton (S),680.6480216,10,10
Y24H6040509,1,Melton (S),523.4729704,12,12
Y24H6040515,3,Melton (S),921.4946703,5,5
Y24H6040516,2,Melton (S),644.5170242,12,12
Y24H6040517,2,Melton (S),521.3023558,17,17
Y24H6040518,2,Melton (S),617.9985553,6,6
Y24H6040526,1,Melton (S),431.4568358,7,7
Y24H6040527,2,Melton (S),532.9821511,13,13
Y24H6040528,2,Melton (S),583.0099964,17,17
Y24H6040534,1,Melton (S),432.8849966,16,16
Y24H6040536,2,Melton (S),459.7920283,17,17
Y24H6040538,2,Melton (S),534.7125657,3,3
Y24H6040539,2,Melton (S),702.0921657,9,9
Y24H6046110,2,Campaspe (S),329.1619279,13,13
Y24H6046111,1,Campaspe (S),236.5798466,14,14
Y24H6046112,1,Campaspe (S),276.2768106,12,12
Y24H6046113,1,Campaspe (S),277.1913116,14,14
Y24H6046123,1,Greater Shepparton (C),80.41406126,7,7
Y24H6046124,0,Greater Shepparton (C),109.4834444,5,5
Y24H6046126,3,Greater Shepparton (C),125.3925334,12,12
Y24H6046129,1,Greater Shepparton (C),88.75513874,12,12
Y24H6046130,2,Greater Shepparton (C),106.7162373,17,17
Y24H6046131,1,Greater Shepparton (C),100.6286757,3,3
Y24H6046133,2,Greater Shepparton (C),109.3212811,14,14
Y24H6046135,1,Greater Shepparton (C),88.14019721,6,6
Y24H6046140,2,Greater Shepparton (C),109.3212811,11,11
Y24H6046205,1,Greater Shepparton (C),82.37704419,11,11
Y24H6046207,1,Greater Shepparton (C),109.7178702,1,1
Y24H6046208,3,Greater Shepparton (C),209.2753958,18,18
Y24H6046210,2,Greater Shepparton (C),123.0506406,13,13
Y24H6046212,1,Greater Shepparton (C),93.81321281,7,7
Y24H6046215,3,Greater Shepparton (C),209.2753958,8,8
Y24H6046216,1,Greater Shepparton (C),100.1002926,9,9
Y24H6046219,1,Greater Shepparton (C),93.81321281,8,8
Y24H6046220,1,Greater Shepparton (C),102.8832643,10,10
Y24H6046223,2,Greater Shepparton (C),149.4467164,6,6
Y24H6046225,1,Greater Shepparton (C),107.9794065,12,12
Y24H6046229,1,Greater Shepparton (C),99.84953109,3,3
Y24H6046233,1,Greater Shepparton (C),115.3618144,12,12
Y24H6046234,0,Greater Shepparton (C),161.2176328,15,15
Y24H6046235,2,Greater Shepparton (C),131.5906548,3,3
Y24H6046239,1,Greater Shepparton (C),86.74362862,14,14
Y24H6046241,1,Greater Shepparton (C),115.7436723,9,9
Y24H6050302,1,Glen Eira (C),364.7799957,2,2
Y24H6050303,3,Glen Eira (C),387.0752923,3,3
Y24H6050304,1,Glen Eira (C),349.7712269,4,4
Y24H6050305,3,Glen Eira (C),394.4420874,12,12
Y24H6050306,2,Glen Eira (C),515.2891253,18,18
Y24H6050308,2,Glen Eira (C),444.5286425,10,10
Y24H6050309,2,Glen Eira (C),455.6425427,7,7
Y24H6050312,2,Glen Eira (C),513.5890994,18,18
Y24H6050314,2,Glen Eira (C),468.8890856,13,13
Y24H6050315,2,Glen Eira (C),379.3029867,16,16
Y24H6050316,4,Glen Eira (C),710.6183055,17,17
Y24H6050321,1,Glen Eira (C),399.8278442,9,9
Y24H6050323,2,Glen Eira (C),570.3833491,12,12
Y24H6050324,1,Glen Eira (C),488.9406671,12,12
Y24H6050326,1,Glen Eira (C),487.8690213,18,18
Y24H6050332,1,Glen Eira (C),466.3616359,4,4
Y24H6050336,2,Glen Eira (C),505.7373155,13,13
Y24H6050338,1,Glen Eira (C),488.9406671,12,12
Y24H6050339,2,Glen Eira (C),546.915089,10,10
Y24H6050340,2,Glen Eira (C),931.9611299,12,12
Y24H6050341,1,Glen Eira (C),499.8953978,9,9
Y24H6050409,4,Mitchell (S),1233.446632,11,11
Y24H6050413,1,Mitchell (S),1235.551965,13,13
Y24H6050414,1,Mitchell (S),1440.270116,1,1
Y24H6050415,3,Mitchell (S),1093.650418,15,15
Y24H6050420,2,Mitchell (S),1313.503957,13,13
Y24H6050427,1,Hume (C),1126.369243,12,12
Y24H6050432,2,Hume (C),951.0730191,13,13
Y24H6050441,2,Hume (C),1140.797983,10,10
Y24H6050503,2,Wyndham (C),511.9965248,7,7
Y24H6050506,2,Wyndham (C),370.7252851,15,15
Y24H6050507,2,Wyndham (C),405.5230493,11,11
Y24H6050508,1,Wyndham (C),322.8434386,7,7
Y24H6050509,1,Wyndham (C),292.9561964,14,14
Y24H6050511,1,Wyndham (C),441.6780407,12,12
Y24H6050512,1,Wyndham (C),307.8276304,12,12
Y24H6050517,1,Wyndham (C),302.0784896,12,12
Y24H6050518,3,Wyndham (C),693.1500784,18,18
Y24H6050520,2,Wyndham (C),370.7252851,18,18
Y24H6050521,2,Wyndham (C),558.2421496,18,18
Y24H6050526,1,Wyndham (C),741.5178237,2,2
Y24H6050527,1,Wyndham (C),473.1585819,14,14
Y24H6050530,2,Wyndham (C),566.8099494,15,15
Y24H6050532,2,Wyndham (C),557.4696573,13,13
Y24H6050536,1,Wyndham (C),418.6838375,1,1
Y24H6050539,3,Wyndham (C),771.4080004,9,9
Y24H6050540,1,Wyndham (C),471.5975517,15,15
Y24H6056101,1,Greater Shepparton (C),66.56635406,7,7
Y24H6056103,1,Greater Shepparton (C),60.62889738,4,4
Y24H6056104,2,Greater Shepparton (C),76.74407114,8,8
Y24H6056105,3,Greater Shepparton (C),181.3407817,13,13
Y24H6056107,2,Greater Shepparton (C),87.72710321,6,6
Y24H6056108,1,Greater Shepparton (C),53.47507716,12,12
Y24H6056111,2,Greater Shepparton (C),76.74407114,12,12
Y24H6056112,2,Greater Shepparton (C),94.04440007,13,13
Y24H6056113,1,Greater Shepparton (C),77.16244822,2,2
Y24H6056114,2,Greater Shepparton (C),87.72710321,8,8
Y24H6056118,3,Greater Shepparton (C),147.9814837,3,3
Y24H6056121,1,Greater Shepparton (C),75.82322384,8,8
Y24H6056122,2,Greater Shepparton (C),141.9318695,11,11
Y24H6056124,3,Greater Shepparton (C),353.36906,9,9
Y24H6056125,2,Greater Shepparton (C),115.6581715,10,10
Y24H6056128,1,Greater Shepparton (C),164.5768053,7,7
Y24H6056137,1,Greater Shepparton (C),150.150439,9,9
Y24H6056142,2,Greater Shepparton (C),175.4542064,9,9
Y24H6056201,4,Moira (S),336.3132595,11,11
Y24H6056208,2,Moira (S),153.152342,10,10
Y24H6056211,2,Moira (S),165.6221998,10,10
Y24H6056213,2,Moira (S),177.5312742,15,15
Y24H6056214,2,Moira (S),235.6735558,6,6
Y24H6056217,1,Moira (S),130.8438712,8,8
Y24H6056221,3,Moira (S),365.0648732,16,16
Y24H6056222,1,Moira (S),91.41844718,2,2
Y24H6056224,1,Moira (S),83.26428165,6,6
Y24H6056225,2,Moira (S),105.3959453,8,8
Y24H6056227,1,Moira (S),105.9705206,6,6
Y24H6056228,3,Moira (S),264.5654975,14,14
Y24H6056230,3,Moira (S),82.82707588,12,12
Y24H6056232,1,Moira (S),79.41917949,6,6
Y24H6056237,2,Moira (S),126.0775618,14,14
Y24H6056238,1,Moira (S),83.26428165,7,7
Y24H6056242,3,Moira (S),120.4794173,15,15
Y24H6060103,2,Kingston (C),522.4595539,5,5
Y24H6060107,1,Kingston (C),475.6313601,9,9
Y24H6060109,2,Kingston (C),596.4019233,17,17
Y24H6060110,0,Kingston (C),457.7448155,7,7
Y24H6060111,1,Kingston (C),416.0844893,12,12
Y24H6060112,2,Kingston (C),521.3144424,11,11
Y24H6060113,2,Kingston (C),557.0973607,17,17
Y24H6060115,1,Kingston (C),384.75708,5,5
Y24H6060119,3,Kingston (C),440.5391709,5,5
Y24H6060120,3,Kingston (C),523.04004,12,12
Y24H6060124,2,Kingston (C),1023.156233,7,7
Y24H6060127,3,Kingston (C),941.5553815,16,16
Y24H6060130,2,Kingston (C),1017.783824,11,11
Y24H6060133,1,Kingston (C),870.5464471,5,5
Y24H6060140,2,Kingston (C),1042.628885,8,8
Y24H6060201,1,Whitehorse (C),643.3864155,5,5
Y24H6060203,1,Whitehorse (C),711.6211417,9,9
Y24H6060204,0,Whitehorse (C),956.5908338,9,9
Y24H6060205,2,Whitehorse (C),1016.794723,11,11
Y24H6060210,0,Whitehorse (C),1002.904451,3,3
Y24H6060212,2,Whitehorse (C),1042.280418,0,0
Y24H6060216,1,Whitehorse (C),919.2540477,2,2
Y24H6060226,1,Whitehorse (C),1647.964333,7,7
Y24H6060233,1,Whitehorse (C),1647.964333,9,9
Y24H6060234,1,Whitehorse (C),1653.419242,4,4
Y24H6060236,0,Whitehorse (C),1192.054848,4,4
Y24H6060307,0,Merri-bek (C),702.8915504,10,10
Y24H6060308,0,Merri-bek (C),568.5968655,12,12
Y24H6060315,1,Merri-bek (C),579.6446573,17,17
Y24H6060321,1,Merri-bek (C),716.5486772,17,17
Y24H6060322,1,Merri-bek (C),446.3702519,12,12
Y24H6060326,2,Merri-bek (C),530.8302923,14,14
Y24H6060328,1,Merri-bek (C),551.7967077,12,12
Y24H6060331,1,Merri-bek (C),506.0850331,12,12
Y24H6060334,2,Merri-bek (C),618.920641,10,10
Y24H6060335,2,Merri-bek (C),447.8429233,12,12
Y24H6060336,1,Merri-bek (C),446.3702519,2,2
Y24H6060339,0,Merri-bek (C),384.3079645,1,1
Y24H6060401,3,Hume (C),1225.670407,12,12
Y24H6060407,2,Hume (C),907.4981637,11,11
Y24H6060411,1,Hume (C),599.5244843,4,4
Y24H6060412,1,Hume (C),640.5131729,5,5
Y24H6060416,3,Hume (C),1324.837427,0,0
Y24H6066102,2,Greater Shepparton (C),160.074356,11,11
Y24H6066109,1,Greater Shepparton (C),192.2273567,7,7
Y24H6066110,1,Greater Shepparton (C),121.2577948,14,14
Y24H6066112,2,Greater Shepparton (C),163.9819217,6,6
Y24H6066119,1,Greater Shepparton (C),141.7308619,1,1
Y24H6066122,1,Greater Shepparton (C),80.21261574,11,11
Y24H6066125,1,Greater Shepparton (C),99.49575454,12,12
Y24H6066131,2,Greater Shepparton (C),120.6894858,12,12
Y24H6066132,1,Greater Shepparton (C),107.9794065,12,12
Y24H6066135,4,Greater Shepparton (C),433.8225247,13,13
Y24H6066137,2,Greater Shepparton (C),136.7227645,6,6
Y24H6066138,1,Greater Shepparton (C),113.2072602,6,6
Y24H6066139,2,Greater Shepparton (C),115.1161067,7,7
Y24H6066202,1,Greater Shepparton (C),112.6128292,12,12
Y24H6066203,1,Greater Shepparton (C),113.2072602,12,12
Y24H6066206,2,Greater Shepparton (C),141.5335432,18,18
Y24H6066207,2,Greater Shepparton (C),131.5906548,11,11
Y24H6066209,2,Greater Shepparton (C),136.7227645,8,8
Y24H6066214,1,Greater Shepparton (C),123.432604,4,4
Y24H6066218,3,Greater Shepparton (C),254.6042218,15,15
Y24H6066221,2,Greater Shepparton (C),149.8590077,13,13
Y24H6066223,2,Greater Shepparton (C),192.0892272,15,15
Y24H6066231,1,Greater Shepparton (C),145.5093537,6,6
Y24H6066232,4,Greater Shepparton (C),433.9193241,13,13
Y24H6066233,0,Greater Shepparton (C),161.3263858,15,15
Y24H6070103,2,Casey (C),595.1173554,10,10
Y24H6070104,2,Casey (C),534.6972884,15,15
Y24H6070106,4,Casey (C),608.3988804,9,9
Y24H6070109,7,Casey (C),797.7075365,13,13
Y24H6070112,1,Casey (C),490.2646453,9,9
Y24H6070113,2,Casey (C),772.3763728,5,5
Y24H6070115,3,Casey (C),514.8425537,3,3
Y24H6070119,2,Casey (C),606.4435954,8,8
Y24H6070122,2,Casey (C),599.8826656,10,10
Y24H6070128,1,Casey (C),599.5015854,2,2
Y24H6070129,3,Casey (C),588.3914899,18,18
Y24H6070134,2,Casey (C),655.0225481,12,12
Y24H6070139,2,Casey (C),648.7258728,1,1
Y24H6070140,3,Casey (C),640.3554949,8,8
Y24H6070142,1,Casey (C),599.5015854,7,7
Y24H6070204,1,Maroondah (C),526.9623627,10,10
Y24H6070206,2,Maroondah (C),821.6557509,9,9
Y24H6070207,3,Maroondah (C),669.4103862,12,12
Y24H6070208,1,Maroondah (C),665.9693557,1,1
Y24H6070209,3,Maroondah (C),610.7316469,14,14
Y24H6070211,2,Maroondah (C),766.5378034,13,13
Y24H6070213,1,Maroondah (C),679.1255203,14,14
Y24H6070219,1,Maroondah (C),562.9900759,16,16
Y24H6070222,0,Maroondah (C),672.3218122,9,9
Y24H6070224,2,Maroondah (C),811.8621285,15,15
Y24H6070228,2,Maroondah (C),736.2473805,18,18
Y24H6070231,2,Maroondah (C),849.4445189,7,7
Y24H6070235,1,Maroondah (C),926.1698297,5,5
Y24H6070236,1,Maroondah (C),749.2155252,4,4
Y24H6070238,2,Maroondah (C),675.2555329,13,13
Y24H6070239,1,Maroondah (C),712.7648129,12,12
Y24H6070303,1,Port Phillip (C),786.8870463,1,1
Y24H6070304,0,Port Phillip (C),736.2438437,5,5
Y24H6070306,0,Port Phillip (C),789.1835022,4,4
Y24H6070314,1,Port Phillip (C),696.3292176,17,17
Y24H6070315,1,Port Phillip (C),694.0394323,8,8
Y24H6070317,1,Port Phillip (C),786.8870463,9,9
Y24H6070320,1,Port Phillip (C),538.8869455,13,13
Y24H6070323,0,Stonnington (C),327.9074025,15,15
Y24H6070324,3,Stonnington (C),408.7451095,17,17
Y24H6070326,1,Stonnington (C),421.9259086,14,14
Y24H6070328,2,Stonnington (C),539.9984368,8,8
Y24H6070331,0,Stonnington (C),406.154267,2,2
Y24H6070332,1,Stonnington (C),320.524819,11,11
Y24H6070333,2,Stonnington (C),504.6899882,16,16
Y24H6070334,1,Stonnington (C),423.3225212,3,3
Y24H6070337,2,Stonnington (C),492.6636058,8,8
Y24H6070338,1,Stonnington (C),277.3388341,16,16
Y24H6070341,2,Stonnington (C),506.3605573,7,7
Y24H6070401,3,Banyule (C),426.3821113,9,9
Y24H6070402,1,Banyule (C),360.131646,7,7
Y24H6070403,2,Banyule (C),249.8949198,16,16
Y24H6070405,2,Banyule (C),392.1984422,5,5
Y24H6070407,3,Banyule (C),405.0158722,13,13
Y24H6070408,1,Banyule (C),298.6254274,4,4
Y24H6070409,1,Banyule (C),360.131646,14,14
Y24H6070410,1,Banyule (C),395.7291085,7,7
Y24H6070411,1,Banyule (C),290.0373037,14,14
Y24H6070417,2,Banyule (C),384.8735504,9,9
Y24H6070418,2,Banyule (C),429.06954,15,15
Y24H6070423,0,Banyule (C),940.7729817,12,12
Y24H6070428,1,Banyule (C),789.4657677,7,7
Y24H6070432,1,Banyule (C),645.8797767,8,8
Y24H6070436,2,Banyule (C),678.9218903,18,18
Y24H6070439,1,Banyule (C),645.8797767,17,17
Y24H6070442,1,Banyule (C),862.9459674,11,11
Y24H6076118,1,Campaspe (S),662.1278808,2,2
Y24H6076125,4,Campaspe (S),1140.626758,4,4
Y24H6076134,1,Campaspe (S),445.354924,10,10
Y24H6076141,2,Campaspe (S),591.0235227,11,11
Y24H6076206,1,Greater Shepparton (C),231.4873447,4,4
Y24H6076208,1,Greater Shepparton (C),199.6990622,5,5
Y24H6076209,1,Greater Shepparton (C),206.0498578,4,4
Y24H6076210,2,Greater Shepparton (C),300.4711528,6,6
Y24H6076223,2,Greater Shepparton (C),192.0892272,5,5
Y24H6076225,1,Greater Shepparton (C),172.7670504,4,4
Y24H6076228,1,Greater Shepparton (C),197.4921663,3,3
Y24H6076230,2,Greater Shepparton (C),218.7564233,8,8
Y24H6076242,2,Greater Shepparton (C),210.5450477,11,11
Y24H6080101,2,Mornington Peninsula (S),566.5626716,11,11
Y24H6080102,2,Mornington Peninsula (S),605.1923224,9,9
Y24H6080108,2,Mornington Peninsula (S),536.601114,12,12
Y24H6080110,2,Mornington Peninsula (S),628.212339,12,12
Y24H6080111,1,Mornington Peninsula (S),612.4241753,6,6
Y24H6080118,2,Mornington Peninsula (S),641.6571738,7,7
Y24H6080123,2,Mornington Peninsula (S),585.5419849,12,12
Y24H6080124,2,Mornington Peninsula (S),532.3384958,2,2
Y24H6080126,0,Mornington Peninsula (S),181.2921866,7,7
Y24H6080131,3,Mornington Peninsula (S),786.8347674,13,13
Y24H6080132,2,Mornington Peninsula (S),524.3015862,13,13
Y24H6080136,2,Mornington Peninsula (S),469.5259747,6,6
Y24H6080139,2,Mornington Peninsula (S),507.7553749,7,7
Y24H6080141,0,Mornington Peninsula (S),181.89228,13,13
Y24H6080301,2,Hobsons Bay (C),337.3427477,15,15
Y24H6080303,2,Hobsons Bay (C),307.7290613,18,18
Y24H6080304,2,Hobsons Bay (C),301.0688828,12,12
Y24H6080305,1,Hobsons Bay (C),261.2443347,14,14
Y24H6080307,1,Hobsons Bay (C),338.6999307,14,14
Y24H6080308,2,Hobsons Bay (C),278.4011113,13,13
Y24H6080309,2,Hobsons Bay (C),380.4636919,16,16
Y24H6080311,1,Hobsons Bay (C),238.3938442,18,18
Y24H6080313,2,Hobsons Bay (C),314.6237404,17,17
Y24H6080314,3,Hobsons Bay (C),591.9006904,18,18
Y24H6080315,1,Hobsons Bay (C),346.6172587,5,5
Y24H6080317,1,Hobsons Bay (C),249.93575,17,17
Y24H6080321,1,Hobsons Bay (C),272.5109714,14,14
Y24H6080322,1,Hobsons Bay (C),395.7601749,7,7
Y24H6080323,2,Hobsons Bay (C),549.5586661,17,17
Y24H6080325,0,Hobsons Bay (C),542.3115035,8,8
Y24H6080327,2,Hobsons Bay (C),454.456514,19,19
Y24H6080329,1,Hobsons Bay (C),500.6693736,12,12
Y24H6080330,0,Hobsons Bay (C),565.5822226,5,5
Y24H6080331,4,Hobsons Bay (C),2125.336595,10,10
Y24H6080336,1,Hobsons Bay (C),326.6116532,6,6
Y24H6080341,3,Hobsons Bay (C),801.7095481,14,14
Y24H6080401,0,Whittlesea (C),1113.764393,6,6
Y24H6080403,2,Whittlesea (C),1201.272007,13,13
Y24H6080409,1,Whittlesea (C),899.3918604,10,10
Y24H6080417,1,Whittlesea (C),966.7808179,12,12
Y24H6080418,1,Whittlesea (C),922.1353716,0,0
Y24H6080424,1,Whittlesea (C),645.8138096,10,10
Y24H6080428,1,Whittlesea (C),823.0114947,8,8
Y24H6080431,2,Whittlesea (C),659.3295302,16,16
Y24H6080437,3,Whittlesea (C),917.26138,17,17
Y24H6080438,2,Whittlesea (C),734.1255837,14,14
Y24H6080439,1,Whittlesea (C),553.2305471,14,14
Y24H6080442,4,Whittlesea (C),1437.783157,10,10
Y24H6080502,1,Brimbank (C),339.6926251,0,0
Y24H6080505,1,Brimbank (C),347.9848418,12,12
Y24H6080507,1,Brimbank (C),422.9945841,14,14
Y24H6080508,2,Brimbank (C),370.8381534,12,12
Y24H6080510,2,Brimbank (C),420.4483572,10,10
Y24H6080513,2,Brimbank (C),345.8633325,14,14
Y24H6080515,2,Brimbank (C),298.3687218,11,11
Y24H6080516,0,Brimbank (C),430.4353581,5,5
Y24H6080517,1,Brimbank (C),432.0076777,9,9
Y24H6080518,1,Brimbank (C),268.8058842,15,15
Y24H6080520,1,Brimbank (C),349.1367028,17,17
Y24H6080530,1,Maribyrnong (C),710.0448169,8,8
Y24H6080533,1,Maribyrnong (C),1143.694474,10,10
Y24H6080539,1,Maribyrnong (C),846.1940048,12,12
Y24H6080542,1,Maribyrnong (C),798.2859498,11,11
Y24H6086102,2,Greater Shepparton (C),157.3772449,6,6
Y24H6086105,2,Greater Shepparton (C),161.2189715,11,11
Y24H6086106,1,Greater Shepparton (C),106.2639252,15,15
Y24H6086111,0,Greater Shepparton (C),134.2639988,4,4
Y24H6086112,2,Greater Shepparton (C),140.5559329,8,8
Y24H6086116,2,Greater Shepparton (C),137.2065908,3,3
Y24H6086119,0,Greater Shepparton (C),143.4434491,2,2
Y24H6086125,2,Greater Shepparton (C),244.6058099,18,18
Y24H6086130,1,Greater Shepparton (C),150.150439,14,14
Y24H6086133,2,Greater Shepparton (C),163.9819217,12,12
Y24H6086136,2,Greater Shepparton (C),162.7971838,13,13
Y24H6086139,1,Greater Shepparton (C),184.318217,13,13
Y24H6086140,2,Greater Shepparton (C),186.7470612,8,8
Y24H6086203,1,Moira (S),114.4883873,3,3
Y24H6086210,3,Moira (S),333.6416754,3,3
Y24H6086211,3,Moira (S),318.2342726,10,10
Y24H6086212,2,Moira (S),154.8273725,3,3
Y24H6086213,1,Moira (S),145.7094659,1,1
Y24H6086216,2,Moira (S),151.1379528,9,9
Y24H6086219,1,Moira (S),145.2287457,9,9
Y24H6086221,1,Moira (S),124.8294477,7,7
Y24H6086225,2,Moira (S),206.1683045,8,8
Y24H6086226,2,Moira (S),202.9582245,6,6
Y24H6086228,1,Moira (S),177.5874809,3,3
Y24H6086231,2,Moira (S),216.1500016,9,9
Y24H6086234,3,Moira (S),392.6488935,17,17
Y24H6086238,1,Moira (S),162.8758651,4,4
Y24H6090201,1,Monash (C),316.9335975,15,15
Y24H6090202,2,Monash (C),417.5259428,10,10
Y24H6090203,1,Monash (C),359.3325261,8,8
Y24H6090204,2,Monash (C),377.1162455,13,13
Y24H6090205,2,Monash (C),542.9515287,14,14
Y24H6090206,2,Monash (C),415.9813179,8,8
Y24H6090208,2,Monash (C),370.204442,17,17
Y24H6090209,2,Monash (C),404.7291067,15,15
Y24H6090214,1,Monash (C),379.780896,3,3
Y24H6090216,1,Monash (C),357.4457356,12,12
Y24H6090218,2,Monash (C),400.3469571,12,12
Y24H6090219,0,Monash (C),441.9328987,5,5
Y24H6090220,1,Monash (C),346.9229378,9,9
Y24H6090224,2,Monash (C),813.7309684,12,12
Y24H6090225,2,Monash (C),754.2324911,18,18
Y24H6090229,1,Monash (C),598.5656401,10,10
Y24H6090232,1,Monash (C),645.7016438,11,11
Y24H6090234,2,Monash (C),831.9626358,15,15
Y24H6090237,1,Monash (C),714.8914712,0,0
Y24H6090241,2,Monash (C),858.267859,14,14
Y24H6090301,1,Maribyrnong (C),234.823702,14,14
Y24H6090302,1,Maribyrnong (C),405.9785803,12,12
Y24H6090304,2,Maribyrnong (C),312.6633439,14,14
Y24H6090307,1,Maribyrnong (C),283.0056391,18,18
Y24H6090309,1,Maribyrnong (C),264.8401165,6,6
Y24H6090312,1,Maribyrnong (C),328.7444216,9,9
Y24H6090313,1,Maribyrnong (C),272.2031573,11,11
Y24H6090314,1,Maribyrnong (C),351.7436008,18,18
Y24H6090317,1,Maribyrnong (C),322.6046284,12,12
Y24H6090319,0,Maribyrnong (C),416.5625403,3,3
Y24H6090320,0,Maribyrnong (C),265.8063428,14,14
Y24H6090323,1,Moonee Valley (C),540.2432079,4,4
Y24H6090324,2,Moonee Valley (C),559.0107148,18,18
Y24H6090327,1,Moonee Valley (C),387.7941255,18,18
Y24H6090333,1,Moonee Valley (C),553.4310531,6,6
Y24H6090334,1,Moonee Valley (C),450.6561629,17,17
Y24H6090335,1,Moonee Valley (C),413.5555555,8,8
Y24H6090337,2,Moonee Valley (C),646.2161546,14,14
Y24H6090339,0,Moonee Valley (C),412.4123073,7,7
Y24H6090340,3,Moonee Valley (C),650.5430579,4,4
Y24H6090342,1,Moonee Valley (C),480.5935612,17,17
Y24H6090406,2,Hume (C),773.6070811,17,17
Y24H6090409,1,Hume (C),797.019041,12,12
Y24H6090411,1,Hume (C),487.0523883,4,4
Y24H6090412,1,Hume (C),582.2847027,17,17
Y24H6090414,4,Hume (C),2626.393829,18,18
Y24H6090415,0,Hume (C),2132.521328,4,4
Y24H6090417,1,Hume (C),801.2261353,12,12
Y24H6090421,1,Hume (C),974.4111696,8,8
Y24H6090425,1,Hume (C),852.419348,4,4
Y24H6090431,1,Hume (C),801.2261353,12,12
Y24H6090440,1,Hume (C),520.3515099,12,12
Y24H6090501,2,Brimbank (C),368.1242726,14,14
Y24H6090503,2,Brimbank (C),513.8813255,14,14
Y24H6090504,1,Brimbank (C),503.6261791,5,5
Y24H6090505,2,Brimbank (C),425.3148066,14,14
Y24H6090511,0,Brimbank (C),504.4419333,7,7
Y24H6090512,2,Brimbank (C),523.6614859,12,12
Y24H6090514,1,Brimbank (C),455.0701145,6,6
Y24H6090515,2,Brimbank (C),453.2466319,16,16
Y24H6090518,2,Brimbank (C),394.3650107,6,6
Y24H6090522,0,Brimbank (C),1049.539512,3,3
Y24H6090523,2,Brimbank (C),1150.161811,9,9
Y24H6090534,2,Brimbank (C),951.1241644,12,12
Y24H6090541,1,Brimbank (C),1214.638763,3,3
Y24H6096104,4,Campaspe (S),373.8027359,16,16
Y24H6096105,4,Campaspe (S),399.3591299,17,17
Y24H6096106,2,Campaspe (S),168.8638636,5,5
Y24H6096109,2,Campaspe (S),164.29613,2,2
Y24H6096110,2,Campaspe (S),189.4439361,5,5
Y24H6096114,5,Campaspe (S),427.2985613,13,13
Y24H6096119,2,Campaspe (S),209.5100656,3,3
Y24H6096122,4,Campaspe (S),319.8938138,11,11
Y24H6096123,2,Campaspe (S),164.29613,4,4
Y24H6096129,5,Campaspe (S),280.8976055,15,15
Y24H6096131,2,Campaspe (S),188.0925302,13,13
Y24H6096132,0,Campaspe (S),160.7725639,6,6
Y24H6096133,1,Campaspe (S),157.8724632,5,5
Y24H6096136,3,Campaspe (S),280.8976055,13,13
Y24H6110107,1,Cardinia (S),875.139189,9,9
Y24H6110110,3,Cardinia (S),866.2308483,9,9
Y24H6110111,3,Cardinia (S),877.125208,12,12
Y24H6110112,6,Cardinia (S),983.0774636,17,17
Y24H6110113,2,Cardinia (S),902.9351367,14,14
Y24H6110117,2,Cardinia (S),937.5509238,5,5
Y24H6110118,4,Cardinia (S),1113.435282,18,18
Y24H6110123,1,Cardinia (S),508.0897872,6,6
Y24H6110124,1,Cardinia (S),482.3256774,2,2
Y24H6110125,1,Cardinia (S),458.9149878,18,18
Y24H6110126,2,Cardinia (S),607.9782164,5,5
Y24H6110131,1,Cardinia (S),482.3256774,3,3
Y24H6110132,1,Cardinia (S),487.1845779,12,12
Y24H6110134,2,Cardinia (S),609.9906789,4,4
Y24H6110136,2,Cardinia (S),510.097205,15,15
Y24H6110139,2,Cardinia (S),536.0503535,5,5
Y24H6110140,2,Cardinia (S),607.9782164,8,8
Y24H6110142,2,Cardinia (S),650.5127785,12,12
Y24H6110202,3,Maroondah (C),785.2264032,17,17
Y24H6110203,2,Maroondah (C),927.8424326,14,14
Y24H6110206,1,Maroondah (C),790.6071002,14,14
Y24H6110209,2,Maroondah (C),922.9704989,17,17
Y24H6110211,1,Maroondah (C),814.5883576,8,8
Y24H6110215,2,Maroondah (C),680.6625372,17,17
Y24H6110221,1,Maroondah (C),931.1660935,6,6
Y24H6110223,1,Yarra Ranges (S),824.7677189,9,9
Y24H6110226,1,Yarra Ranges (S),743.2765648,5,5
Y24H6110227,4,Yarra Ranges (S),1386.865706,13,13
Y24H6110233,2,Yarra Ranges (S),671.643778,15,15
Y24H6110234,1,Yarra Ranges (S),620.2567339,11,11
Y24H6110236,4,Yarra Ranges (S),1196.418669,10,10
Y24H6110237,2,Yarra Ranges (S),788.2771163,12,12
Y24H6110240,1,Yarra Ranges (S),844.9010753,5,5
Y24H6110301,3,Kingston (C),608.1703368,14,14
Y24H6110302,2,Kingston (C),596.4019233,18,18
Y24H6110303,1,Kingston (C),427.1438459,18,18
Y24H6110305,2,Kingston (C),521.3144424,8,8
Y24H6110309,0,Kingston (C),522.5282729,14,14
Y24H6110310,2,Kingston (C),511.5781165,4,4
Y24H6110315,3,Kingston (C),446.8707911,17,17
Y24H6110317,1,Kingston (C),454.9569651,15,15
Y24H6110318,2,Kingston (C),778.2790981,7,7
Y24H6110323,0,Kingston (C),455.3412798,4,4
Y24H6110324,3,Kingston (C),506.6525337,13,13
Y24H6110327,3,Kingston (C),518.0040993,13,13
Y24H6110329,1,Kingston (C),376.7436174,6,6
Y24H6110331,2,Kingston (C),511.5781165,7,7
Y24H6110332,2,Kingston (C),571.8631364,16,16
Y24H6110335,1,Kingston (C),465.7252289,8,8
Y24H6110336,1,Kingston (C),376.7436174,8,8
Y24H6110338,2,Kingston (C),511.5781165,8,8
Y24H6110341,0,Kingston (C),730.9075488,12,12
Y24H6110501,1,Melton (S),766.0938996,12,12
Y24H6110504,2,Melton (S),994.4577565,12,12
Y24H6110520,2,Melton (S),1505.152291,14,14
Y24H6110521,2,Melton (S),1136.777043,8,8
Y24H6110533,2,Melton (S),1089.77837,10,10
Y24H6110534,3,Melton (S),2136.358098,11,11
Y24H6110541,2,Melton (S),1324.871558,9,9
Y24H6116102,5,Moira (S),134.3448469,10,10
Y24H6116103,3,Moira (S),260.4173806,14,14
Y24H6116109,2,Moira (S),134.3448469,11,11
Y24H6116113,2,Moira (S),138.0798799,2,2
Y24H6116114,2,Moira (S),167.69528,10,10
Y24H6116115,2,Moira (S),148.2799816,10,10
Y24H6116117,3,Moira (S),260.4173806,3,3
Y24H6116118,1,Moira (S),120.8311537,4,4
Y24H6116119,2,Moira (S),137.6243311,1,1
Y24H6116122,1,Moira (S),78.14931653,12,12
Y24H6116124,1,Moira (S),65.42193558,12,12
Y24H6116126,2,Moira (S),88.47278426,7,7
Y24H6116127,1,Moira (S),83.26255194,5,5
Y24H6116128,0,Moira (S),96.60710002,3,3
Y24H6116129,1,Moira (S),71.82877993,14,14
Y24H6116131,1,Moira (S),65.42193558,6,6
Y24H6116132,1,Moira (S),77.67717026,4,4
Y24H6116133,1,Moira (S),82.9878547,1,1
Y24H6116134,1,Moira (S),66.88771606,17,17
Y24H6116136,3,Moira (S),168.1566297,17,17
Y24H6116139,2,Moira (S),82.81109991,11,11
Y24H6116142,1,Moira (S),88.79374043,7,7
Y24H6116205,1,Moira (S),186.6677181,7,7
Y24H6116212,1,Moira (S),232.3659931,12,12
Y24H6116217,1,Moira (S),228.0262111,5,5
Y24H6116218,2,Moira (S),231.8710797,5,5
Y24H6116219,0,Moira (S),252.8129194,5,5
Y24H6116226,1,Moira (S),186.6677181,13,13
Y24H6116227,1,Moira (S),187.285605,12,12
Y24H6116229,3,Moira (S),470.8385633,13,13
Y24H6116234,2,Moira (S),248.5437839,11,11
Y24H6116239,2,Moira (S),231.8710797,6,6
Y24H6120108,1,Casey (C),599.1557852,7,7
Y24H6120110,1,Casey (C),641.4776276,6,6
Y24H6120114,2,Casey (C),865.1610591,10,10
Y24H6120115,1,Casey (C),599.1557852,11,11
Y24H6120116,1,Casey (C),638.1093439,6,6
Y24H6120117,0,Casey (C),819.8605914,9,9
Y24H6120123,2,Casey (C),868.470648,14,14
Y24H6120124,3,Casey (C),856.3309197,11,11
Y24H6120126,1,Casey (C),741.9737524,10,10
Y24H6120128,2,Casey (C),951.9127996,8,8
Y24H6120135,2,Casey (C),982.01064,14,14
Y24H6120136,4,Casey (C),817.4052225,11,11
Y24H6120138,3,Casey (C),832.1456781,14,14
Y24H6120140,2,Casey (C),917.8006908,3,3
Y24H6120142,2,Casey (C),951.9127996,13,13
Y24H6120201,1,Whitehorse (C),434.3012703,0,0
Y24H6120202,2,Whitehorse (C),579.3165676,17,17
Y24H6120207,2,Whitehorse (C),583.2807566,14,14
Y24H6120208,2,Whitehorse (C),471.8389483,14,14
Y24H6120209,3,Whitehorse (C),743.9202624,8,8
Y24H6120211,2,Whitehorse (C),555.4807528,5,5
Y24H6120212,0,Whitehorse (C),541.3669172,8,8
Y24H6120219,1,Whitehorse (C),546.2449936,10,10
Y24H6120223,1,Whitehorse (C),669.4258737,1,1
Y24H6120225,2,Whitehorse (C),613.4834134,14,14
Y24H6120229,0,Whitehorse (C),532.6367002,1,1
Y24H6120234,3,Whitehorse (C),559.4563677,14,14
Y24H6120237,1,Whitehorse (C),533.2283867,14,14
Y24H6120238,2,Whitehorse (C),582.3745114,17,17
Y24H6120240,1,Whitehorse (C),603.2832668,8,8
Y24H6120241,3,Whitehorse (C),609.0410185,12,12
Y24H6120301,0,Port Phillip (C),386.786601,4,4
Y24H6120302,0,Port Phillip (C),537.4853728,4,4
Y24H6120303,2,Port Phillip (C),543.7692057,18,18
Y24H6120304,1,Port Phillip (C),525.384302,14,14
Y24H6120309,0,Port Phillip (C),537.4853728,6,6
Y24H6120311,1,Port Phillip (C),426.4063891,1,1
Y24H6120312,0,Port Phillip (C),550.6058967,1,1
Y24H6120314,1,Port Phillip (C),487.4304523,18,18
Y24H6120317,1,Port Phillip (C),384.691826,12,12
Y24H6120318,2,Port Phillip (C),540.7810925,12,12
Y24H6120325,1,Port Phillip (C),533.0079864,13,13
Y24H6120329,1,Port Phillip (C),492.8772923,14,14
Y24H6120330,2,Port Phillip (C),819.2614767,8,8
Y24H6120331,1,Port Phillip (C),558.8137197,6,6
Y24H6120332,1,Port Phillip (C),656.7303775,4,4
Y24H6120334,0,Port Phillip (C),690.5355644,5,5
Y24H6120337,3,Port Phillip (C),805.0939476,12,12
Y24H6120339,1,Port Phillip (C),533.0079864,12,12
Y24H6120406,2,Hume (C),1303.769123,6,6
Y24H6120414,2,Hume (C),1390.379401,14,14
Y24H6120416,2,Hume (C),1182.784688,11,11
Y24H6120424,1,Hume (C),837.2528177,6,6
Y24H6120429,2,Hume (C),1005.10377,17,17
Y24H6120430,4,Hume (C),1778.684121,14,14
Y24H6120433,2,Hume (C),2032.378404,12,12
Y24H6126106,2,Campaspe (S),294.2849877,5,5
Y24H6126107,4,Campaspe (S),831.1596286,9,9
Y24H6126112,3,Campaspe (S),521.145612,7,7
Y24H6126116,2,Campaspe (S),366.5618874,11,11
Y24H6126123,2,Campaspe (S),230.014582,8,8
Y24H6126132,2,Campaspe (S),220.5506977,1,1
Y24H6126133,2,Campaspe (S),270.2691914,8,8
Y24H6126134,1,Campaspe (S),221.7530493,4,4
Y24H6126136,2,Campaspe (S),203.9452193,6,6
Y24H6126206,1,Moira (S),133.7754321,5,5
Y24H6126210,1,Moira (S),130.8438712,6,6
Y24H6126214,2,Moira (S),235.6735558,4,4
Y24H6126215,1,Moira (S),183.9149668,19,19
Y24H6126217,2,Moira (S),173.6408457,7,7
Y24H6126219,1,Moira (S),133.3340844,14,14
Y24H6126221,1,Moira (S),142.6622259,9,9
Y24H6126222,1,Moira (S),111.7336577,0,0
Y24H6126223,1,Moira (S),126.0160481,3,3
Y24H6126224,2,Moira (S),168.1166679,12,12
Y24H6126227,2,Moira (S),157.2491134,13,13
Y24H6126231,1,Moira (S),126.6812284,4,4
Y24H6126232,1,Moira (S),120.8311537,4,4
Y24H6126239,1,Moira (S),120.8311537,7,7
Y24H6126240,2,Moira (S),219.3245059,7,7
Y24H6126241,1,Moira (S),104.0475583,6,6
Y24H6130102,2,Greater Dandenong (C),1288.693042,3,3
Y24H6130108,0,Greater Dandenong (C),1214.922476,1,1
Y24H6130111,2,Greater Dandenong (C),1235.670135,13,13
Y24H6130118,2,Greater Dandenong (C),1235.670135,8,8
Y24H6130119,2,Greater Dandenong (C),1779.05088,12,12
Y24H6130123,1,Greater Dandenong (C),810.9430691,9,9
Y24H6130125,1,Greater Dandenong (C),757.4883658,4,4
Y24H6130127,1,Greater Dandenong (C),859.8422501,4,4
Y24H6130129,1,Greater Dandenong (C),700.4563238,12,12
Y24H6130136,1,Greater Dandenong (C),700.4563238,12,12
Y24H6130138,1,Greater Dandenong (C),794.1623804,13,13
Y24H6130140,1,Greater Dandenong (C),809.2768341,3,3
Y24H6130202,2,Knox (C),550.1922246,7,7
Y24H6130204,2,Knox (C),587.495678,9,9
Y24H6130208,2,Knox (C),405.7499519,10,10
Y24H6130209,2,Knox (C),612.7052611,15,15
Y24H6130211,3,Knox (C),488.6016299,17,17
Y24H6130212,2,Knox (C),563.6229347,8,8
Y24H6130213,2,Knox (C),470.3376067,18,18
Y24H6130218,2,Knox (C),527.5547226,8,8
Y24H6130220,2,Knox (C),565.4885771,11,11
Y24H6130222,2,Knox (C),260.8392548,9,9
Y24H6130225,2,Knox (C),339.1423216,8,8
Y24H6130226,2,Knox (C),328.0721168,12,12
Y24H6130227,0,Knox (C),300.265929,6,6
Y24H6130229,2,Knox (C),283.9574533,11,11
Y24H6130231,3,Knox (C),405.0174171,15,15
Y24H6130232,3,Knox (C),386.3139188,15,15
Y24H6130233,1,Knox (C),333.5035361,14,14
Y24H6130234,1,Knox (C),302.9715249,18,18
Y24H6130236,1,Knox (C),261.3668988,16,16
Y24H6130237,3,Knox (C),300.9095678,13,13
Y24H6130238,2,Knox (C),321.9448799,11,11
Y24H6130240,1,Knox (C),333.5035361,13,13
Y24H6130241,1,Knox (C),380.356678,12,12
Y24H6130303,1,Yarra (C),624.7205956,18,18
Y24H6130305,1,Yarra (C),771.3614736,15,15
Y24H6130307,0,Yarra (C),997.5203627,4,4
Y24H6130310,2,Yarra (C),1115.609053,15,15
Y24H6130311,1,Yarra (C),889.5906117,12,12
Y24H6130313,1,Yarra (C),773.9147492,14,14
Y24H6130319,1,Yarra (C),771.3614736,5,5
Y24H6130320,3,Yarra (C),1120.879781,15,15
Y24H6130321,1,Yarra (C),710.2016358,12,12
Y24H6130322,1,Yarra (C),1233.918693,4,4
Y24H6130327,1,Yarra (C),1430.335019,12,12
Y24H6130331,1,Yarra (C),1398.990591,8,8
Y24H6130333,1,Yarra (C),1157.04221,9,9
Y24H6130335,2,Yarra (C),1570.054802,12,12
Y24H6130337,0,Yarra (C),1365.12056,4,4
Y24H6130401,2,Whittlesea (C),1059.529631,11,11
Y24H6130402,1,Whittlesea (C),961.7044257,12,12
Y24H6130408,3,Whittlesea (C),632.5220985,16,16
Y24H6130415,2,Whittlesea (C),1059.529631,15,15
Y24H6130421,2,Whittlesea (C),1120.608742,10,10
Y24H6130429,2,Whittlesea (C),735.7317849,18,18
Y24H6130432,2,Whittlesea (C),1225.392066,6,6
Y24H6130436,4,Whittlesea (C),2815.401816,13,13
Y24H6130438,1,Whittlesea (C),733.8118778,13,13
Y24H6136205,2,Greater Shepparton (C),280.1205918,3,3
Y24H6136209,3,Greater Shepparton (C),462.9942158,6,6
Y24H6136210,2,Greater Shepparton (C),384.6727047,15,15
Y24H6136221,4,Greater Shepparton (C),544.4401621,3,3
Y24H6136225,4,Greater Shepparton (C),203.6833775,13,13
Y24H6136226,2,Greater Shepparton (C),112.8532801,14,14
Y24H6136228,2,Greater Shepparton (C),119.8872062,15,15
Y24H6136231,3,Greater Shepparton (C),212.021436,15,15
Y24H6136232,2,Greater Shepparton (C),146.763486,15,15
Y24H6136234,2,Greater Shepparton (C),98.71482992,11,11
Y24H6136235,2,Greater Shepparton (C),105.2725238,13,13
Y24H6136236,2,Greater Shepparton (C),135.7135192,12,12
Y24H6136237,4,Greater Shepparton (C),227.8951533,15,15
Y24H6136242,2,Greater Shepparton (C),120.7485709,13,13
Y24H6140202,1,Boroondara (C),363.1067427,18,18
Y24H6140203,1,Boroondara (C),445.3283561,4,4
Y24H6140204,6,Boroondara (C),941.2869142,19,19
Y24H6140205,2,Boroondara (C),521.5610672,13,13
Y24H6140206,3,Boroondara (C),1265.517638,15,15
Y24H6140207,1,Boroondara (C),397.993826,15,15
Y24H6140208,1,Boroondara (C),510.0646413,5,5
Y24H6140209,1,Boroondara (C),442.990017,17,17
Y24H6140210,2,Boroondara (C),624.4202703,12,12
Y24H6140213,3,Boroondara (C),1011.945869,17,17
Y24H6140215,3,Boroondara (C),451.4286488,12,12
Y24H6140217,2,Boroondara (C),624.4202703,17,17
Y24H6140219,2,Boroondara (C),521.5610672,13,13
Y24H6140222,1,Stonnington (C),477.356685,3,3
Y24H6140225,1,Stonnington (C),516.2236716,7,7
Y24H6140229,2,Stonnington (C),559.8092849,7,7
Y24H6140230,3,Stonnington (C),625.2881487,14,14
Y24H6140231,1,Stonnington (C),541.2167874,1,1
Y24H6140232,3,Stonnington (C),605.3896666,14,14
Y24H6140237,3,Stonnington (C),625.2881487,12,12
Y24H6140238,2,Stonnington (C),634.6997795,12,12
Y24H6140239,3,Stonnington (C),815.9743915,15,15
Y24H6140242,3,Stonnington (C),622.8807316,16,16
Y24H6140301,1,Port Phillip (C),438.1131488,5,5
Y24H6140302,2,Port Phillip (C),582.4310116,18,18
Y24H6140303,1,Port Phillip (C),427.4353622,17,17
Y24H6140308,1,Port Phillip (C),361.5779729,12,12
Y24H6140310,1,Port Phillip (C),409.9493629,8,8
Y24H6140313,1,Port Phillip (C),507.8524073,12,12
Y24H6140315,1,Port Phillip (C),539.8084474,4,4
Y24H6140318,1,Port Phillip (C),473.7848768,12,12
Y24H6140321,1,Port Phillip (C),541.5893914,18,18
Y24H6140324,2,Port Phillip (C),658.8687829,8,8
Y24H6140325,2,Port Phillip (C),518.6582205,18,18
Y24H6140329,2,Port Phillip (C),500.0651537,18,18
Y24H6140330,2,Port Phillip (C),540.9139714,18,18
Y24H6140331,1,Port Phillip (C),550.8209324,13,13
Y24H6140333,3,Port Phillip (C),659.7976389,16,16
Y24H6140335,1,Port Phillip (C),600.5733368,4,4
Y24H6140339,2,Port Phillip (C),628.4425577,14,14
Y24H6140342,2,Port Phillip (C),718.380512,16,16
Y24H6140401,1,Merri-bek (C),357.0962015,7,7
Y24H6140405,1,Merri-bek (C),288.1401654,14,14
Y24H6140407,1,Merri-bek (C),358.2743386,14,14
Y24H6140413,1,Merri-bek (C),277.2673602,11,11
Y24H6140414,2,Merri-bek (C),358.2743386,18,18
Y24H6140415,0,Merri-bek (C),234.6335674,12,12
Y24H6140418,2,Merri-bek (C),461.9219843,7,7
Y24H6140419,2,Merri-bek (C),407.2915989,15,15
Y24H6140420,2,Merri-bek (C),495.1365128,13,13
Y24H6140421,2,Merri-bek (C),454.3740272,13,13
Y24H6140424,1,Merri-bek (C),1012.170066,10,10
Y24H6140435,1,Merri-bek (C),895.6858465,9,9
Y24H6140438,0,Merri-bek (C),992.8785157,5,5
Y24H6140440,1,Merri-bek (C),837.120348,10,10
Y24H6140504,1,Hobsons Bay (C),704.3325259,6,6
Y24H6140507,1,Hobsons Bay (C),636.4257787,13,13
Y24H6140509,3,Hobsons Bay (C),734.5556067,10,10
Y24H6140510,0,Hobsons Bay (C),739.6290706,6,6
Y24H6140516,2,Hobsons Bay (C),714.9009476,11,11
Y24H6140517,2,Hobsons Bay (C),718.6745785,12,12
Y24H6140522,1,Hobsons Bay (C),424.8772601,10,10
Y24H6140525,1,Hobsons Bay (C),704.3325259,10,10
Y24H6140529,0,Hobsons Bay (C),652.357594,12,12
Y24H6140531,2,Hobsons Bay (C),578.230728,11,11
Y24H6140536,2,Hobsons Bay (C),633.8755973,13,13
Y24H6140540,1,Hobsons Bay (C),594.8123122,11,11
Y24H6146101,2,Greater Shepparton (C),96.98151816,11,11
Y24H6146104,2,Greater Shepparton (C),92.09288537,8,8
Y24H6146108,4,Greater Shepparton (C),200.6245563,7,7
Y24H6146109,1,Greater Shepparton (C),90.09026338,8,8
Y24H6146112,1,Greater Shepparton (C),92.28945151,8,8
Y24H6146113,2,Greater Shepparton (C),98.71482992,9,9
Y24H6146115,2,Greater Shepparton (C),85.1591217,12,12
Y24H6146116,2,Greater Shepparton (C),96.04461358,17,17
Y24H6146120,2,Greater Shepparton (C),98.71482992,9,9
Y24H6146122,4,Greater Shepparton (C),144.3328587,4,4
Y24H6146124,1,Greater Shepparton (C),82.81801538,14,14
Y24H6146125,1,Greater Shepparton (C),61.70251801,4,4
Y24H6146126,3,Greater Shepparton (C),154.3261543,9,9
Y24H6146130,1,Greater Shepparton (C),64.35018813,1,1
Y24H6146131,4,Greater Shepparton (C),142.6679757,12,12
Y24H6146132,2,Greater Shepparton (C),65.7806324,12,12
Y24H6146133,1,Greater Shepparton (C),65.92103679,5,5
Y24H6146134,1,Greater Shepparton (C),66.13924133,0,0
Y24H6146135,1,Greater Shepparton (C),70.53291655,4,4
Y24H6146137,2,Greater Shepparton (C),78.12729402,12,12
Y24H6146139,0,Greater Shepparton (C),53.92947981,9,9
Y24H6146140,1,Greater Shepparton (C),60.74179797,10,10
Y24H6146141,1,Greater Shepparton (C),66.13924133,4,4
Y24H6146201,2,Greater Shepparton (C),60.82794407,8,8
Y24H6146203,2,Greater Shepparton (C),68.96542043,15,15
Y24H6146204,2,Greater Shepparton (C),104.8310614,15,15
Y24H6146206,2,Greater Shepparton (C),80.29937603,6,6
Y24H6146207,2,Greater Shepparton (C),75.19465989,7,7
Y24H6146209,3,Greater Shepparton (C),150.6486783,17,17
Y24H6146210,2,Greater Shepparton (C),78.53969182,7,7
Y24H6146211,1,Greater Shepparton (C),61.70251801,2,2
Y24H6146212,1,Greater Shepparton (C),65.92103679,7,7
Y24H6146213,2,Greater Shepparton (C),70.5105928,13,13
Y24H6146215,1,Greater Shepparton (C),52.57406948,13,13
Y24H6146217,1,Greater Shepparton (C),64.68986296,4,4
Y24H6146218,1,Greater Shepparton (C),61.70251801,3,3
Y24H6146220,2,Greater Shepparton (C),70.5105928,11,11
Y24H6146223,1,Greater Shepparton (C),103.3895073,13,13
Y24H6146225,2,Greater Shepparton (C),131.5612648,16,16
Y24H6146229,2,Greater Shepparton (C),121.6558881,10,10
Y24H6146234,2,Greater Shepparton (C),141.0211856,4,4
Y24H6146235,1,Greater Shepparton (C),141.0658331,5,5
Y24H6150104,2,Casey (C),1441.128325,12,12
Y24H6150108,2,Casey (C),1049.794665,8,8
Y24H6150115,2,Casey (C),1049.794665,11,11
Y24H6150119,2,Casey (C),1142.507656,8,8
Y24H6150123,1,Casey (C),337.8715322,8,8
Y24H6150124,2,Casey (C),396.7449036,14,14
Y24H6150125,2,Casey (C),366.8250506,14,14
Y24H6150129,1,Casey (C),282.8936952,8,8
Y24H6150130,1,Casey (C),319.054672,6,6
Y24H6150132,3,Casey (C),371.1744581,17,17
Y24H6150134,4,Casey (C),546.590179,13,13
Y24H6150139,2,Casey (C),378.4234258,6,6
Y24H6150140,2,Casey (C),404.2957303,11,11
Y24H6150141,3,Casey (C),385.6695737,7,7
Y24H6150142,1,Casey (C),470.1073154,3,3
Y24H6150302,0,Moonee Valley (C),883.2439862,12,12
Y24H6150303,6,Moonee Valley (C),1194.823049,17,17
Y24H6150305,3,Moonee Valley (C),1130.485587,14,14
Y24H6150307,2,Moonee Valley (C),1015.83809,18,18
Y24H6150308,2,Moonee Valley (C),954.9589875,9,9
Y24H6150316,2,Moonee Valley (C),1077.026924,17,17
Y24H6150322,1,Moonee Valley (C),534.7595072,14,14
Y24H6150328,2,Moonee Valley (C),944.1544865,17,17
Y24H6150334,1,Moonee Valley (C),925.4382659,12,12
Y24H6150336,1,Moonee Valley (C),557.5691643,17,17
Y24H6150340,1,Moonee Valley (C),922.3850885,12,12
Y24H6150503,3,Wyndham (C),707.6614459,10,10
Y24H6150507,1,Wyndham (C),694.2205426,5,5
Y24H6150509,1,Wyndham (C),633.3670108,1,1
Y24H6150511,1,Wyndham (C),480.053421,8,8
Y24H6150514,0,Wyndham (C),453.6083023,7,7
Y24H6150515,1,Wyndham (C),561.5825432,10,10
Y24H6150519,3,Wyndham (C),739.6802725,5,5
Y24H6150522,2,Wyndham (C),624.6356124,9,9
Y24H6150523,3,Wyndham (C),891.2253226,7,7
Y24H6150524,2,Wyndham (C),584.4597094,8,8
Y24H6150525,1,Wyndham (C),694.0654925,12,12
Y24H6150528,2,Wyndham (C),976.8537301,12,12
Y24H6150530,1,Wyndham (C),723.8480123,8,8
Y24H6150539,1,Wyndham (C),441.4183672,11,11
Y24H6156101,1,Campaspe (S),159.4179156,4,4
Y24H6156106,0,Campaspe (S),201.0550791,12,12
Y24H6156107,1,Campaspe (S),197.0702138,5,5
Y24H6156109,1,Campaspe (S),179.7955615,6,6
Y24H6156115,1,Campaspe (S),159.4179156,3,3
Y24H6156119,1,Campaspe (S),184.1845404,2,2
Y24H6156123,1,Campaspe (S),144.4360542,8,8
Y24H6156124,1,Campaspe (S),145.1984653,5,5
Y24H6156127,1,Campaspe (S),148.4516413,15,15
Y24H6156131,1,Campaspe (S),180.744619,9,9
Y24H6156135,1,Campaspe (S),197.0702138,4,4
Y24H6156136,2,Campaspe (S),270.84712,4,4
Y24H6156201,1,Greater Shepparton (C),80.21261574,6,6
Y24H6156204,0,Greater Shepparton (C),117.4809989,5,5
Y24H6156205,1,Greater Shepparton (C),115.3618144,8,8
Y24H6156210,1,Greater Shepparton (C),104.3128698,8,8
Y24H6156211,1,Greater Shepparton (C),107.9794065,9,9
Y24H6156215,0,Greater Shepparton (C),108.6357393,5,5
Y24H6156223,2,Greater Shepparton (C),121.5313463,11,11
Y24H6156224,2,Greater Shepparton (C),107.2795429,10,10
Y24H6156228,2,Greater Shepparton (C),116.9694709,8,8
Y24H6156229,1,Greater Shepparton (C),81.19849153,6,6
Y24H6156231,3,Greater Shepparton (C),237.2719623,12,12
Y24H6156234,1,Greater Shepparton (C),102.8832643,10,10
Y24H6156236,2,Greater Shepparton (C),94.62124634,14,14
Y24H6156237,2,Greater Shepparton (C),106.7162373,13,13
Y24H6156242,2,Greater Shepparton (C),133.2080069,11,11
Y24H6160107,2,Mornington Peninsula (S),958.9370735,12,12
Y24H6160108,2,Mornington Peninsula (S),793.1877403,18,18
Y24H6160109,2,Mornington Peninsula (S),874.8791926,8,8
Y24H6160110,0,Mornington Peninsula (S),293.9259387,6,6
Y24H6160118,3,Mornington Peninsula (S),781.6204648,4,4
Y24H6160122,0,Mornington Peninsula (S),251.0631778,7,7
Y24H6160123,1,Mornington Peninsula (S),923.3236026,12,12
Y24H6160132,1,Mornington Peninsula (S),857.3938454,4,4
Y24H6160133,6,Mornington Peninsula (S),1246.154395,12,12
Y24H6160139,2,Mornington Peninsula (S),1288.769985,12,12
Y24H6160202,1,Monash (C),625.5300373,12,12
Y24H6160208,3,Monash (C),806.6462718,15,15
Y24H6160209,2,Monash (C),688.2721926,12,12
Y24H6160211,2,Monash (C),679.1341255,17,17
Y24H6160214,1,Monash (C),870.3492851,18,18
Y24H6160215,2,Monash (C),610.2648887,15,15
Y24H6160216,2,Monash (C),730.6703999,14,14
Y24H6160217,4,Monash (C),755.8106383,13,13
Y24H6160222,2,Monash (C),699.173772,9,9
Y24H6160224,1,Monash (C),678.6409052,12,12
Y24H6160229,1,Monash (C),598.5656401,7,7
Y24H6160231,1,Monash (C),718.6650521,7,7
Y24H6160233,2,Monash (C),805.7983596,18,18
Y24H6160239,1,Monash (C),645.7016438,18,18
Y24H6160240,0,Monash (C),834.6412324,1,1
Y24H6160304,1,Melbourne (C),1352.803927,13,13
Y24H6160305,1,Melbourne (C),1780.776378,8,8
Y24H6160308,2,Melbourne (C),1843.664243,10,10
Y24H6160310,0,Melbourne (C),1714.210741,12,12
Y24H6160311,1,Melbourne (C),1666.81824,6,6
Y24H6160312,1,Melbourne (C),1780.776378,5,5
Y24H6160313,1,Melbourne (C),1450.077376,16,16
Y24H6160319,3,Melbourne (C),2624.528361,3,3
Y24H6160327,1,Yarra (C),749.2065356,16,16
Y24H6160328,1,Yarra (C),928.492242,13,13
Y24H6160332,1,Yarra (C),1000.789438,4,4
Y24H6160333,0,Yarra (C),1048.833328,10,10
Y24H6160334,1,Yarra (C),718.5571647,17,17
Y24H6160335,2,Yarra (C),1129.368945,18,18
Y24H6160337,1,Yarra (C),1043.733557,0,0
Y24H6160342,3,Yarra (C),1344.758169,15,15
Y24H6160401,1,Banyule (C),547.3973015,6,6
Y24H6160402,2,Banyule (C),656.3188262,14,14
Y24H6160403,1,Banyule (C),620.6273386,4,4
Y24H6160404,2,Banyule (C),629.3147755,6,6
Y24H6160416,2,Banyule (C),767.110318,13,13
Y24H6160417,2,Banyule (C),659.7832293,7,7
Y24H6160421,1,Banyule (C),676.6849437,4,4
Y24H6160422,1,Banyule (C),418.8427406,9,9
Y24H6160423,3,Banyule (C),493.7181573,7,7
Y24H6160427,2,Banyule (C),551.9061738,17,17
Y24H6160428,1,Banyule (C),473.6794606,9,9
Y24H6160430,1,Banyule (C),432.1579752,6,6
Y24H6160432,4,Banyule (C),1094.526289,12,12
Y24H6160434,1,Banyule (C),485.5145177,9,9
Y24H6160436,2,Banyule (C),264.4907104,15,15
Y24H6160440,1,Banyule (C),442.7073582,5,5
Y24H6160442,3,Banyule (C),541.154309,6,6
Y24H6170101,1,Casey (C),484.9606204,7,7
Y24H6170105,2,Casey (C),879.8036257,6,6
Y24H6170107,2,Casey (C),741.5666221,12,12
Y24H6170108,2,Casey (C),581.4967419,2,2
Y24H6170111,1,Casey (C),538.355119,8,8
Y24H6170117,3,Casey (C),646.6594165,11,11
Y24H6170121,2,Casey (C),698.5361457,3,3
Y24H6170123,3,Casey (C),562.8559337,12,12
Y24H6170124,1,Casey (C),479.91904,12,12
Y24H6170127,2,Casey (C),574.5649121,3,3
Y24H6170129,3,Casey (C),514.8425537,9,9
Y24H6170131,2,Casey (C),560.5848097,3,3
Y24H6170138,1,Casey (C),481.1082207,1,1
Y24H6170140,1,Casey (C),490.2646453,1,1
Y24H6170142,1,Casey (C),523.2672949,14,14
Y24H6170301,1,Boroondara (C),307.8915893,18,18
Y24H6170303,2,Boroondara (C),477.4978538,11,11
Y24H6170304,1,Boroondara (C),324.8190088,7,7
Y24H6170305,1,Boroondara (C),450.6461837,9,9
Y24H6170306,1,Boroondara (C),348.1751395,13,13
Y24H6170308,2,Boroondara (C),471.9342759,17,17
Y24H6170309,2,Boroondara (C),474.9905984,13,13
Y24H6170310,1,Boroondara (C),279.1355526,18,18
Y24H6170311,1,Boroondara (C),324.8190088,6,6
Y24H6170312,1,Boroondara (C),355.7245786,19,19
Y24H6170313,1,Boroondara (C),348.1751395,9,9
Y24H6170314,1,Boroondara (C),304.3482199,18,18
Y24H6170315,2,Boroondara (C),431.7123461,7,7
Y24H6170317,1,Boroondara (C),340.5452135,8,8
Y24H6170318,1,Boroondara (C),324.8190088,8,8
Y24H6170319,2,Boroondara (C),398.8408161,15,15
Y24H6170321,1,Boroondara (C),371.3046531,15,15
Y24H6170322,2,Glen Eira (C),664.0643792,4,4
Y24H6170323,1,Glen Eira (C),625.3371355,9,9
Y24H6170324,2,Glen Eira (C),737.2210353,13,13
Y24H6170329,1,Glen Eira (C),554.4627569,8,8
Y24H6170332,1,Glen Eira (C),599.6078176,10,10
Y24H6170337,0,Glen Eira (C),656.1796897,10,10
Y24H6170341,0,Glen Eira (C),674.4226881,7,7
Y24H6170404,0,Darebin (C),870.0532671,12,12
Y24H6170405,1,Darebin (C),1167.556078,4,4
Y24H6170407,2,Darebin (C),1494.287134,12,12
Y24H6170409,1,Darebin (C),1118.011227,14,14
Y24H6170410,1,Darebin (C),929.9006728,14,14
Y24H6170411,0,Darebin (C),1072.010974,7,7
Y24H6170413,0,Darebin (C),932.6145005,13,13
Y24H6170414,2,Darebin (C),1285.848991,18,18
Y24H6170415,3,Darebin (C),1238.552604,15,15
Y24H6170418,0,Darebin (C),1072.010974,2,2
Y24H6170420,1,Darebin (C),950.7351259,13,13
Y24H6170424,2,Darebin (C),1507.547939,13,13
Y24H6170426,1,Darebin (C),1284.311686,12,12
Y24H6170427,1,Darebin (C),1288.562872,14,14
Y24H6170430,1,Darebin (C),1253.707505,9,9
Y24H6170432,1,Darebin (C),805.21449,7,7
Y24H6170433,0,Darebin (C),1259.833226,2,2
Y24H6170434,0,Darebin (C),1025.875951,7,7
Y24H6170436,1,Darebin (C),1111.614968,10,10
Y24H6170438,2,Darebin (C),1507.547939,8,8
Y24H6170440,1,Darebin (C),896.959753,14,14
Y24H6180101,2,Casey (C),748.2918956,10,10
Y24H6180103,3,Casey (C),1121.409004,16,16
Y24H6180104,4,Casey (C),858.9938432,13,13
Y24H6180109,4,Casey (C),1207.262363,15,15
Y24H6180116,1,Casey (C),767.0096478,7,7
Y24H6180118,2,Casey (C),859.0673995,10,10
Y24H6180121,0,Casey (C),1014.646712,5,5
Y24H6180123,1,Greater Dandenong (C),976.0143048,13,13
Y24H6180126,1,Greater Dandenong (C),999.8397327,16,16
Y24H6180133,1,Greater Dandenong (C),944.1563065,5,5
Y24H6180136,0,Greater Dandenong (C),1044.446857,7,7
Y24H6180138,1,Greater Dandenong (C),981.1662322,8,8
Y24H6180142,1,Greater Dandenong (C),1037.001005,8,8
Y24H6180202,2,Knox (C),353.6950015,14,14
Y24H6180203,2,Knox (C),321.9448799,15,15
Y24H6180205,1,Knox (C),379.101817,12,12
Y24H6180206,1,Knox (C),380.356678,3,3
Y24H6180208,1,Knox (C),328.1253755,4,4
Y24H6180209,2,Knox (C),353.6950015,10,10
Y24H6180210,2,Knox (C),327.2748594,8,8
Y24H6180212,3,Knox (C),370.6161471,14,14
Y24H6180214,0,Knox (C),266.3327403,3,3
Y24H6180217,3,Knox (C),329.3083393,15,15
Y24H6180218,3,Knox (C),339.1423216,17,17
Y24H6180219,2,Knox (C),362.3290294,11,11
Y24H6180220,3,Knox (C),371.8429198,13,13
Y24H6180221,3,Knox (C),387.6778103,18,18
Y24H6180224,2,Yarra Ranges (S),704.3893921,6,6
Y24H6180225,2,Yarra Ranges (S),671.8610483,13,13
Y24H6180226,2,Yarra Ranges (S),815.9358739,3,3
Y24H6180227,3,Yarra Ranges (S),666.9959256,14,14
Y24H6180233,1,Yarra Ranges (S),751.023178,4,4
Y24H6180234,3,Yarra Ranges (S),818.6366948,12,12
Y24H6180235,2,Yarra Ranges (S),768.0127292,15,15
Y24H6180237,3,Yarra Ranges (S),596.1196959,13,13
Y24H6180240,2,Yarra Ranges (S),649.9303161,13,13
Y24H6180402,1,Merri-bek (C),408.5862002,5,5
Y24H6180406,0,Merri-bek (C),411.9416522,8,8
Y24H6180407,2,Merri-bek (C),660.0359641,5,5
Y24H6180409,1,Merri-bek (C),408.5862002,10,10
Y24H6180410,4,Merri-bek (C),668.04022,6,6
Y24H6180415,1,Merri-bek (C),446.3702519,7,7
Y24H6180417,1,Merri-bek (C),506.0850331,14,14
Y24H6180421,2,Merri-bek (C),369.6080267,8,8
Y24H6180424,1,Merri-bek (C),1711.562932,14,14
Y24H6180428,1,Merri-bek (C),1866.158312,12,12
Y24H6180430,1,Merri-bek (C),1088.597675,13,13
Y24H6180441,1,Merri-bek (C),1118.862686,11,11
Y24H6180501,2,Maribyrnong (C),385.3675665,13,13
Y24H6180507,2,Maribyrnong (C),476.386035,13,13
Y24H6180509,4,Maribyrnong (C),700.837408,1,1
Y24H6180510,4,Maribyrnong (C),1387.171784,9,9
Y24H6180513,4,Maribyrnong (C),1382.682676,16,16
Y24H6180515,3,Maribyrnong (C),440.0861,15,15
Y24H6180516,3,Maribyrnong (C),509.1083196,10,10
Y24H6180518,1,Maribyrnong (C),428.2021782,7,7
Y24H6180520,1,Maribyrnong (C),362.8158546,2,2
Y24H6180523,2,Moonee Valley (C),591.4722623,17,17
Y24H6180524,2,Moonee Valley (C),594.5943704,13,13
Y24H6180525,1,Moonee Valley (C),624.5842422,4,4
Y24H6180529,3,Moonee Valley (C),1227.75546,17,17
Y24H6180531,2,Moonee Valley (C),594.5943704,7,7
Y24H6180534,2,Moonee Valley (C),607.9162756,12,12
Y24H6180536,2,Moonee Valley (C),488.9978311,14,14
Y24H6180539,2,Moonee Valley (C),567.1363049,13,13
Y24H6180542,3,Moonee Valley (C),1517.734253,13,13
Y24H6190104,2,Mornington Peninsula (S),419.441269,3,3
Y24H6190106,2,Mornington Peninsula (S),449.6012191,5,5
Y24H6190107,2,Mornington Peninsula (S),479.4685368,10,10
Y24H6190108,1,Mornington Peninsula (S),396.4199109,6,6
Y24H6190110,2,Mornington Peninsula (S),439.7486373,14,14
Y24H6190115,2,Mornington Peninsula (S),375.6207798,10,10
Y24H6190117,1,Mornington Peninsula (S),712.9919241,8,8
Y24H6190118,2,Mornington Peninsula (S),644.3849926,13,13
Y24H6190120,3,Mornington Peninsula (S),428.3433144,14,14
Y24H6190121,2,Mornington Peninsula (S),479.4685368,14,14
Y24H6190122,7,Mornington Peninsula (S),501.3059618,11,11
Y24H6190124,2,Mornington Peninsula (S),399.7714885,11,11
Y24H6190125,2,Mornington Peninsula (S),381.3102445,11,11
Y24H6190130,3,Mornington Peninsula (S),569.2387197,13,13
Y24H6190132,2,Mornington Peninsula (S),389.8954963,17,17
Y24H6190133,1,Mornington Peninsula (S),416.3694173,12,12
Y24H6190136,3,Mornington Peninsula (S),328.532497,11,11
Y24H6190137,3,Mornington Peninsula (S),370.5272681,12,12
Y24H6190138,2,Mornington Peninsula (S),399.7714885,12,12
Y24H6190139,3,Mornington Peninsula (S),545.8175551,14,14
Y24H6190142,2,Mornington Peninsula (S),435.880488,6,6
Y24H6190201,2,Boroondara (C),1022.807856,7,7
Y24H6190202,1,Boroondara (C),822.6957459,17,17
Y24H6190204,0,Boroondara (C),1111.739496,12,12
Y24H6190205,4,Boroondara (C),1867.619824,12,12
Y24H6190212,2,Boroondara (C),1181.707803,16,16
Y24H6190214,3,Boroondara (C),2004.173094,13,13
Y24H6190219,2,Boroondara (C),968.6134105,7,7
Y24H6190222,2,Boroondara (C),715.9654992,7,7
Y24H6190226,3,Boroondara (C),1311.189474,8,8
Y24H6190229,2,Boroondara (C),733.9109883,12,12
Y24H6190232,4,Boroondara (C),774.2603179,17,17
Y24H6190233,2,Boroondara (C),847.9289015,12,12
Y24H6190235,1,Boroondara (C),819.6952758,4,4
Y24H6190238,1,Boroondara (C),751.7904782,12,12
Y24H6190239,1,Boroondara (C),452.6168652,14,14
Y24H6190241,1,Boroondara (C),591.8977372,9,9
Y24H6190242,2,Boroondara (C),725.4647761,3,3
Y24H6190302,4,Glen Eira (C),433.8045688,14,14
Y24H6190304,2,Glen Eira (C),524.2743124,14,14
Y24H6190306,1,Glen Eira (C),449.905858,7,7
Y24H6190307,1,Glen Eira (C),479.7934131,2,2
Y24H6190308,1,Glen Eira (C),404.7863583,9,9
Y24H6190313,1,Glen Eira (C),440.5355204,17,17
Y24H6190314,1,Glen Eira (C),469.8005975,17,17
Y24H6190315,2,Glen Eira (C),533.434371,15,15
Y24H6190319,2,Glen Eira (C),838.7650169,16,16
Y24H6190321,0,Glen Eira (C),503.4575352,12,12
Y24H6190322,1,Glen Eira (C),485.1549123,5,5
Y24H6190324,2,Glen Eira (C),645.0684059,1,1
Y24H6190325,1,Glen Eira (C),513.7296394,10,10
Y24H6190327,1,Glen Eira (C),562.3823225,4,4
Y24H6190330,3,Glen Eira (C),641.6812677,17,17
Y24H6190331,1,Glen Eira (C),631.2210211,18,18
Y24H6190332,1,Glen Eira (C),524.6568404,4,4
Y24H6190335,1,Glen Eira (C),587.2507469,0,0
Y24H6190404,1,Darebin (C),950.9814121,8,8
Y24H6190406,1,Darebin (C),1019.361789,7,7
Y24H6190408,2,Darebin (C),934.8619672,17,17
Y24H6190409,1,Darebin (C),991.7882568,4,4
Y24H6190423,0,Darebin (C),863.6171484,4,4
Y24H6190429,0,Darebin (C),765.7366208,4,4
Y24H6190432,1,Darebin (C),633.9876081,3,3
Y24H6190435,1,Darebin (C),724.7191281,5,5
Y24H6190437,1,Darebin (C),661.1921712,4,4
Y24H6190440,1,Darebin (C),677.3324945,7,7
Y24H6200102,1,Mornington Peninsula (S),419.6925466,13,13
Y24H6200103,2,Mornington Peninsula (S),399.7714885,12,12
Y24H6200105,3,Mornington Peninsula (S),379.5721875,16,16
Y24H6200107,2,Mornington Peninsula (S),435.880488,4,4
Y24H6200109,1,Mornington Peninsula (S),419.6925466,7,7
Y24H6200110,2,Mornington Peninsula (S),399.7714885,9,9
Y24H6200112,2,Mornington Peninsula (S),407.3799169,10,10
Y24H6200113,2,Mornington Peninsula (S),408.728381,9,9
Y24H6200114,2,Mornington Peninsula (S),445.6943961,5,5
Y24H6200116,1,Mornington Peninsula (S),419.6925466,3,3
Y24H6200122,1,Mornington Peninsula (S),566.3141585,12,12
Y24H6200124,1,Mornington Peninsula (S),662.998143,8,8
Y24H6200126,1,Mornington Peninsula (S),675.6162863,11,11
Y24H6200136,2,Mornington Peninsula (S),554.0873207,11,11
Y24H6200137,0,Mornington Peninsula (S),320.8468107,2,2
Y24H6200139,1,Mornington Peninsula (S),612.4241753,7,7
Y24H6200304,1,Bayside (C),653.3495608,2,2
Y24H6200307,1,Bayside (C),746.8520173,14,14
Y24H6200308,2,Bayside (C),723.5832452,14,14
Y24H6200309,2,Bayside (C),599.6351417,14,14
Y24H6200310,2,Bayside (C),514.3514876,14,14
Y24H6200311,3,Bayside (C),522.5439466,13,13
Y24H6200313,2,Bayside (C),525.8755485,2,2
Y24H6200314,4,Bayside (C),473.9149235,18,18
Y24H6200316,2,Bayside (C),511.6507204,12,12
Y24H6200318,2,Bayside (C),574.963325,18,18
Y24H6200321,1,Bayside (C),468.2500219,11,11
Y24H6200323,2,Glen Eira (C),629.8291371,18,18
Y24H6200324,2,Glen Eira (C),396.9651729,17,17
Y24H6200326,3,Glen Eira (C),349.1127374,14,14
Y24H6200327,1,Glen Eira (C),540.4982984,15,15
Y24H6200328,2,Glen Eira (C),432.8206944,10,10
Y24H6200329,1,Glen Eira (C),466.276044,15,15
Y24H6200330,1,Glen Eira (C),329.7070177,10,10
Y24H6200331,3,Glen Eira (C),393.1431078,14,14
Y24H6200333,3,Glen Eira (C),400.6253853,2,2
Y24H6200336,2,Glen Eira (C),372.9239887,1,1
Y24H6200339,3,Glen Eira (C),378.6335232,17,17
Y24H6200340,4,Glen Eira (C),341.8416513,12,12
Y24H6200341,1,Glen Eira (C),397.1467985,16,16
Y24H6200405,4,Murrindindi (S),2324.925105,15,15
Y24H6200406,2,Murrindindi (S),3002.415246,13,13
Y24H6200410,2,Murrindindi (S),3269.757997,9,9
Y24H6200415,2,Murrindindi (S),1872.521106,14,14
Y24H6200416,2,Murrindindi (S),3252.589086,3,3
Y24H6200420,3,Murrindindi (S),3226.539262,13,13
Y24H6200421,1,Murrindindi (S),3353.519622,13,13
Y24H6200427,4,Whittlesea (C),941.0361863,12,12
Y24H6200429,2,Whittlesea (C),490.4878566,8,8
Y24H6200430,2,Whittlesea (C),553.1846232,16,16
Y24H6200431,2,Whittlesea (C),556.1046286,14,14
Y24H6200440,2,Whittlesea (C),783.8574948,15,15
Y24H6210201,3,Knox (C),567.216999,13,13
Y24H6210205,3,Knox (C),479.5078611,16,16
Y24H6210206,2,Knox (C),512.0236565,4,4
Y24H6210208,2,Knox (C),487.8346101,14,14
Y24H6210211,2,Knox (C),477.6763121,15,15
Y24H6210212,2,Knox (C),563.6229347,17,17
Y24H6210214,2,Knox (C),603.0543716,9,9
Y24H6210217,1,Knox (C),509.0942258,6,6
Y24H6210218,2,Knox (C),527.5547226,18,18
Y24H6210223,1,Knox (C),350.5991978,15,15
Y24H6210227,4,Knox (C),805.7182995,2,2
Y24H6210228,2,Knox (C),347.2493932,9,9
Y24H6210229,2,Knox (C),337.7316531,17,17
Y24H6210230,2,Knox (C),344.8893595,13,13
Y24H6210231,2,Knox (C),382.9129162,17,17
Y24H6210234,2,Knox (C),391.4920919,6,6
Y24H6210235,3,Knox (C),355.1916124,15,15
Y24H6210236,2,Knox (C),305.8003343,12,12
Y24H6210237,1,Knox (C),398.5348836,13,13
Y24H6210238,2,Knox (C),346.7098707,13,13
Y24H6210239,1,Knox (C),382.1372796,1,1
Y24H6210241,1,Knox (C),409.614884,6,6
Y24H6210402,0,Darebin (C),863.6171484,9,9
Y24H6210404,0,Darebin (C),774.4290971,7,7
Y24H6210406,1,Darebin (C),679.5745258,1,1
Y24H6210407,1,Darebin (C),677.7617608,3,3
Y24H6210408,2,Darebin (C),623.2413114,13,13
Y24H6210409,2,Darebin (C),702.9073307,7,7
Y24H6210422,2,Darebin (C),467.4309836,15,15
Y24H6210425,2,Darebin (C),328.2099656,10,10
Y24H6210427,1,Darebin (C),476.6566895,10,10
Y24H6210428,5,Darebin (C),620.9656185,17,17
Y24H6210430,2,Darebin (C),527.180498,12,12
Y24H6210434,2,Darebin (C),541.8370824,7,7
Y24H6210435,5,Darebin (C),1037.931707,19,19
Y24H6210438,3,Darebin (C),569.5238866,8,8
Y24H6210501,1,Melton (S),383.0469498,12,12
Y24H6210506,1,Melton (S),538.0264787,12,12
Y24H6210508,2,Melton (S),571.4688379,12,12
Y24H6210509,1,Melton (S),523.4729704,15,15
Y24H6210511,2,Melton (S),617.9985553,8,8
Y24H6210515,1,Melton (S),587.1801406,5,5
Y24H6210516,2,Melton (S),531.9048861,4,4
Y24H6210523,2,Melton (S),644.5170242,18,18
Y24H6210525,2,Melton (S),617.9985553,14,14
Y24H6210527,2,Melton (S),546.6928172,6,6
Y24H6210528,2,Melton (S),893.7073949,14,14
Y24H6210533,2,Melton (S),531.2237529,12,12
Y24H6210539,1,Melton (S),501.9348245,4,4
Y24H6210540,1,Melton (S),536.2514384,17,17
Y24H6220101,2,Frankston (C),1140.668104,15,15
Y24H6220108,0,Frankston (C),344.7514774,10,10
Y24H6220111,2,Frankston (C),1769.695422,10,10
Y24H6220114,3,Frankston (C),1313.826226,6,6
Y24H6220119,0,Frankston (C),398.3108935,2,2
Y24H6220121,1,Frankston (C),1389.693651,6,6
Y24H6220130,0,Frankston (C),680.4340285,1,1
Y24H6220131,0,Frankston (C),684.0257246,12,12
Y24H6220133,1,Frankston (C),2201.216029,9,9
Y24H6220142,1,Frankston (C),2355.214573,6,6
Y24H6220402,1,Whittlesea (C),584.0088252,14,14
Y24H6220406,1,Whittlesea (C),513.5536684,3,3
Y24H6220408,3,Whittlesea (C),541.2075381,13,13
Y24H6220409,2,Whittlesea (C),510.119174,13,13
Y24H6220411,2,Whittlesea (C),489.1304662,13,13
Y24H6220412,1,Whittlesea (C),511.859368,9,9
Y24H6220417,2,Whittlesea (C),512.8118568,13,13
Y24H6220419,2,Whittlesea (C),622.166108,12,12
Y24H6220420,2,Whittlesea (C),682.3258576,17,17
Y24H6220429,2,Whittlesea (C),1324.412039,17,17
Y24H6220436,1,Whittlesea (C),996.820879,10,10
Y24H6220442,2,Whittlesea (C),1258.045033,9,9
Y24H6220501,2,Wyndham (C),439.7478027,10,10
Y24H6220503,1,Wyndham (C),415.3579231,14,14
Y24H6220505,3,Wyndham (C),721.1296187,12,12
Y24H6220506,2,Wyndham (C),719.7682562,8,8
Y24H6220507,2,Wyndham (C),675.6451373,15,15
Y24H6220511,1,Wyndham (C),480.053421,2,2
Y24H6220515,2,Wyndham (C),366.3483578,10,10
Y24H6220516,2,Wyndham (C),700.2986693,9,9
Y24H6220524,2,Wyndham (C),703.9952216,12,12
Y24H6220531,1,Wyndham (C),404.9410426,8,8
Y24H6220532,1,Wyndham (C),396.1769056,17,17
Y24H6220533,2,Wyndham (C),508.0655246,12,12
Y24H6220534,2,Wyndham (C),522.8602287,17,17
Y24H6220536,3,Wyndham (C),881.3229276,9,9
Y24H6220539,1,Wyndham (C),607.3073059,14,14
Y24H6220542,1,Wyndham (C),694.2205426,4,4
Y24H6230102,2,Greater Dandenong (C),1657.684055,6,6
Y24H6230117,1,Greater Dandenong (C),1471.749348,5,5
Y24H6230118,1,Greater Dandenong (C),1360.759834,12,12
Y24H6230119,2,Greater Dandenong (C),1650.189065,18,18
Y24H6230127,3,Greater Dandenong (C),1082.624113,11,11
Y24H6230130,4,Greater Dandenong (C),1139.967161,11,11
Y24H6230132,3,Greater Dandenong (C),1010.000001,18,18
Y24H6230137,0,Greater Dandenong (C),1112.350602,9,9
Y24H6230140,2,Greater Dandenong (C),1167.894831,9,9
Y24H6230141,1,Greater Dandenong (C),972.4035686,6,6
Y24H6230401,3,Banyule (C),365.4703811,16,16
Y24H6230402,1,Banyule (C),288.6834153,11,11
Y24H6230404,4,Banyule (C),781.8044924,18,18
Y24H6230405,1,Banyule (C),295.7304492,10,10
Y24H6230407,1,Banyule (C),369.833986,9,9
Y24H6230408,2,Banyule (C),188.921936,18,18
Y24H6230409,3,Banyule (C),316.7256471,18,18
Y24H6230411,4,Banyule (C),781.8044924,18,18
Y24H6230412,1,Banyule (C),265.600086,18,18
Y24H6230415,2,Banyule (C),290.9665244,12,12
Y24H6230416,2,Banyule (C),328.1594131,12,12
Y24H6230419,1,Banyule (C),316.2195416,7,7
Y24H6230420,2,Banyule (C),337.2828464,9,9
Y24H6230421,1,Banyule (C),316.4199489,17,17
Y24H6230424,1,Manningham (C),597.6262275,12,12
Y24H6230430,1,Manningham (C),771.998324,7,7
Y24H6230431,1,Manningham (C),776.0733455,6,6
Y24H6230432,1,Manningham (C),638.7554989,11,11
Y24H6230433,2,Manningham (C),853.9139141,10,10
Y24H6230436,2,Manningham (C),605.8127597,15,15
Y24H6230439,3,Manningham (C),1584.386671,13,13
Y24H6230501,2,Moorabool (S),292.5949271,9,9
Y24H6230505,2,Moorabool (S),531.5362562,12,12
Y24H6230506,1,Moorabool (S),275.4722705,5,5
Y24H6230510,1,Moorabool (S),334.8775447,11,11
Y24H6230511,2,Moorabool (S),393.2718079,10,10
Y24H6230513,2,Moorabool (S),347.8954291,14,14
Y24H6230516,2,Moorabool (S),465.9576167,11,11
Y24H6230518,2,Moorabool (S),393.2718079,8,8
Y24H6230519,1,Moorabool (S),274.5634409,12,12
Y24H6230520,1,Moorabool (S),342.3804864,14,14
Y24H6230521,1,Moorabool (S),365.1250572,17,17
Y24H6230522,2,Moorabool (S),247.5803229,12,12
Y24H6230523,2,Moorabool (S),347.0476284,5,5
Y24H6230524,2,Moorabool (S),348.8795321,17,17
Y24H6230525,1,Moorabool (S),270.2725978,12,12
Y24H6230527,2,Moorabool (S),294.3730554,12,12
Y24H6230529,2,Moorabool (S),247.5803229,17,17
Y24H6230530,1,Moorabool (S),232.6207952,14,14
Y24H6230531,2,Moorabool (S),348.8795321,12,12
Y24H6230533,1,Moorabool (S),288.7507745,15,15
Y24H6230534,2,Moorabool (S),356.6961888,4,4
Y24H6230535,2,Moorabool (S),306.0553577,13,13
Y24H6230536,7,Moorabool (S),1183.789518,15,15
Y24H6230542,2,Moorabool (S),380.3917615,6,6
Y24H6240201,1,Manningham (C),798.5852919,12,12
Y24H6240205,0,Manningham (C),771.0842531,6,6
Y24H6240213,2,Manningham (C),819.2876981,16,16
Y24H6240216,1,Manningham (C),693.5695663,10,10
Y24H6240218,1,Manningham (C),863.6071189,6,6
Y24H6240222,1,Manningham (C),684.5016787,10,10
Y24H6240227,1,Manningham (C),626.3310203,12,12
Y24H6240229,2,Manningham (C),739.091218,15,15
Y24H6240233,2,Manningham (C),609.0002162,14,14
Y24H6240238,1,Manningham (C),612.6055735,12,12
Y24H6240240,2,Manningham (C),699.929768,14,14
Y24H6240401,3,Banyule (C),397.9647212,11,11
Y24H6240404,2,Banyule (C),400.4730389,12,12
Y24H6240407,2,Banyule (C),411.1444259,14,14
Y24H6240410,2,Banyule (C),377.0845992,10,10
Y24H6240413,2,Banyule (C),429.2690773,17,17
Y24H6240414,1,Banyule (C),470.6978004,12,12
Y24H6240415,3,Banyule (C),258.3948987,8,8
Y24H6240416,1,Banyule (C),329.9813185,18,18
Y24H6240417,2,Banyule (C),490.7378878,11,11
Y24H6240418,2,Banyule (C),359.6710243,15,15
Y24H6240419,2,Banyule (C),384.2612521,17,17
Y24H6240426,7,Banyule (C),1902.252423,13,13
Y24H6240429,1,Banyule (C),478.9726388,5,5
Y24H6240431,2,Banyule (C),374.8423797,15,15
Y24H6240432,1,Banyule (C),517.9711984,8,8
Y24H6240433,2,Banyule (C),528.3592216,12,12
Y24H6240437,1,Banyule (C),505.1959768,14,14
Y24H6240440,2,Banyule (C),381.9763587,14,14
Y24H6240441,0,Banyule (C),725.1961465,8,8
Y24H6250101,2,Frankston (C),798.467673,14,14
Y24H6250102,2,Frankston (C),840.9481941,7,7
Y24H6250103,2,Frankston (C),864.4211766,15,15
Y24H6250104,0,Frankston (C),260.9751059,9,9
Y24H6250105,4,Frankston (C),1282.693646,16,16
Y24H6250107,2,Frankston (C),942.4992405,14,14
Y24H6250111,1,Frankston (C),824.1409922,12,12
Y24H6250115,2,Frankston (C),762.4250335,12,12
Y24H6250116,0,Frankston (C),281.0429259,8,8
Y24H6250118,1,Frankston (C),911.2931251,11,11
Y24H6250124,1,Kingston (C),623.1847688,5,5
Y24H6250125,2,Kingston (C),816.9473377,17,17
Y24H6250129,2,Kingston (C),644.593124,8,8
Y24H6250133,1,Kingston (C),635.0451862,6,6
Y24H6250136,1,Kingston (C),538.2051677,8,8
Y24H6250139,1,Kingston (C),582.0265149,11,11
Y24H6250141,2,Kingston (C),747.2000571,3,3
Y24H6250401,1,Moonee Valley (C),553.9216196,13,13
Y24H6250404,2,Moonee Valley (C),850.7044574,12,12
Y24H6250407,1,Moonee Valley (C),684.7502152,2,2
Y24H6250412,2,Moonee Valley (C),812.196827,15,15
Y24H6250416,4,Moonee Valley (C),2633.581794,13,13
Y24H6250419,1,Moonee Valley (C),639.9769971,8,8
Y24H6250423,2,Moonee Valley (C),409.480797,14,14
Y24H6250424,1,Moonee Valley (C),453.339461,2,2
Y24H6250425,3,Moonee Valley (C),392.6328265,18,18
Y24H6250426,1,Moonee Valley (C),461.9673921,7,7
Y24H6250427,2,Moonee Valley (C),420.8651139,14,14
Y24H6250428,2,Moonee Valley (C),401.0855351,15,15
Y24H6250429,2,Moonee Valley (C),363.0711159,11,11
Y24H6250430,2,Moonee Valley (C),365.9274407,12,12
Y24H6250431,1,Moonee Valley (C),406.4358317,12,12
Y24H6250438,3,Moonee Valley (C),367.8590022,15,15
