hhid,hhsize,dwelltype,owndwell,totalbikes,totalvehs,travmonth,travdow,homelga,youngestgroup_5,aveagegroup_5,oldestgroup_5,homesubregion_ASGS,homeregion_ASGS,dayType,weekly_hhinc_group,annual_hhinc_group
Y24H5740102,2,"Unit, Flat or Apartment",Being Rented,0,2,July,Tuesday,Casey (C),25->29,25->29,30->34,MELB - Outer,Greater Melbourne,Weekday,8,8
Y24H5740103,1,Separate House,Fully Owned,0,1,July,Wednesday,Casey (C),70->74,70->74,70->74,MELB - Outer,Greater Melbourne,Weekday,4,4
Y24H5740104,1,Separate House,Being Rented,1,0,July,Thursday,Casey (C),55->59,55->59,55->59,MELB - Outer,Greater Melbourne,Weekday,0,0
Y24H5740109,5,Separate House,Being Purchased,5,1,July,Tuesday,Casey (C),10->14,25->29,45->49,MELB - Outer,Greater Melbourne,Weekday,11,11
Y24H5740110,3,Separate House,Being Rented,1,1,July,Wednesday,Casey (C),25->29,45->49,60->64,MELB - Outer,Greater Melbourne,Weekday,10,10
Y24H5740111,3,Separate House,Being Purchased,0,2,July,Thursday,Casey (C),25->29,40->44,65->69,MELB - Outer,Greater Melbourne,Weekday,15,15
Y24H5740116,3,Separate House,Being Rented,0,1,July,Tuesday,Casey (C),10->14,20->24,40->44,MELB - Outer,Greater Melbourne,Weekday,4,4
Y24H5740117,2,Separate House,Fully Owned,2,1,July,Wednesday,Casey (C),65->69,70->74,75->79,MELB - Outer,Greater Melbourne,Weekday,9,9
Y24H5740119,2,Separate House,Fully Owned,0,2,July,Friday,Casey (C),60->64,65->69,65->69,MELB - Outer,Greater Melbourne,Weekday,14,14
Y24H5740120,1,Separate House,Fully Owned,Missing/Refused,1,July,Saturday,Casey (C),60->64,60->64,60->64,MELB - Outer,Greater Melbourne,Weekend,12,12
Y24H5740123,1,Separate House,Fully Owned,0,1,July,Tuesday,Casey (C),65->69,65->69,65->69,MELB - Outer,Greater Melbourne,Weekday,10,10
Y24H5740127,2,Separate House,Being Rented,0,2,July,Saturday,Casey (C),30->34,30->34,35->39,MELB - Outer,Greater Melbourne,Weekend,12,12
Y24H5740128,5,Separate House,Being Purchased,1,4,July,Sunday,Casey (C),15->19,35->39,55->59,MELB - Outer,Greater Melbourne,Weekend,17,17
Y24H5740129,4,Separate House,Being Purchased,0,3,July,Monday,Casey (C),40->44,55->59,75->79,MELB - Outer,Greater Melbourne,Weekday,13,13
Y24H5740131,4,Separate House,Being Purchased,10,2,July,Wednesday,Casey (C),15->19,30->34,50->54,MELB - Outer,Greater Melbourne,Weekday,15,15
Y24H5740135,4,Separate House,Fully Owned,4,2,July,Sunday,Casey (C),0->4,20->24,40->44,MELB - Outer,Greater Melbourne,Weekend,17,17
Y24H5740139,2,Separate House,Fully Owned,0,3,July,Thursday,Casey (C),65->69,65->69,65->69,MELB - Outer,Greater Melbourne,Weekday,10,10
Y24H5740305,1,"Unit, Flat or Apartment",Fully Owned,2,1,July,Friday,Stonnington (C),60->64,60->64,60->64,MELB - Inner,Greater Melbourne,Weekday,14,14
Y24H5740309,2,"Unit, Flat or Apartment",Fully Owned,0,1,July,Tuesday,Stonnington (C),75->79,80->84,80->84,MELB - Inner,Greater Melbourne,Weekday,18,18
Y24H5740317,2,"Unit, Flat or Apartment",Fully Owned,0,2,July,Wednesday,Stonnington (C),85->89,85->89,85->89,MELB - Inner,Greater Melbourne,Weekday,14,14
Y24H5740318,1,"Unit, Flat or Apartment",Fully Owned,0,0,July,Thursday,Stonnington (C),85->89,85->89,85->89,MELB - Inner,Greater Melbourne,Weekday,2,2
Y24H5740326,1,Separate House,Fully Owned,2,1,July,Friday,Stonnington (C),65->69,65->69,65->69,MELB - Inner,Greater Melbourne,Weekday,8,8
Y24H5740328,1,Terrace or Townhouse,Being Rented,Missing/Refused,1,July,Sunday,Stonnington (C),55->59,55->59,55->59,MELB - Inner,Greater Melbourne,Weekend,8,8
Y24H5740331,2,Separate House,Fully Owned,3,2,July,Wednesday,Stonnington (C),60->64,60->64,60->64,MELB - Inner,Greater Melbourne,Weekday,12,12
Y24H5740337,2,Terrace or Townhouse,Being Rented,1,1,July,Tuesday,Stonnington (C),15->19,20->24,25->29,MELB - Inner,Greater Melbourne,Weekday,5,5
Y24H5740340,2,"Unit, Flat or Apartment",Being Rented,2,1,July,Friday,Stonnington (C),15->19,35->39,55->59,MELB - Inner,Greater Melbourne,Weekday,6,6
Y24H5740501,4,Terrace or Townhouse,Being Purchased,2,1,July,Monday,Wyndham (C),5->9,20->24,40->44,MELB - Outer,Greater Melbourne,Weekday,11,11
Y24H5740505,3,Separate House,Being Rented,1,1,July,Friday,Wyndham (C),5->9,20->24,35->39,MELB - Outer,Greater Melbourne,Weekday,0,0
Y24H5740510,3,Separate House,Being Rented,0,1,July,Wednesday,Wyndham (C),5->9,25->29,40->44,MELB - Outer,Greater Melbourne,Weekday,16,16
Y24H5740514,3,Separate House,Fully Owned,0,1,July,Sunday,Wyndham (C),0->4,25->29,35->39,MELB - Outer,Greater Melbourne,Weekend,12,12
Y24H5740517,2,"Unit, Flat or Apartment",Being Rented,0,3,July,Wednesday,Wyndham (C),35->39,35->39,35->39,MELB - Outer,Greater Melbourne,Weekday,11,11
Y24H5740519,3,Separate House,Fully Owned,0,3,July,Friday,Wyndham (C),15->19,35->39,45->49,MELB - Outer,Greater Melbourne,Weekday,5,5
Y24H5740520,2,"Unit, Flat or Apartment",Being Purchased,Missing/Refused,2,July,Saturday,Wyndham (C),55->59,55->59,55->59,MELB - Outer,Greater Melbourne,Weekend,6,6
Y24H5740522,4,Separate House,Fully Owned,0,1,July,Monday,Wyndham (C),5->9,25->29,40->44,MELB - Outer,Greater Melbourne,Weekday,15,15
Y24H5740525,5,Separate House,Fully Owned,3,2,July,Thursday,Wyndham (C),0->4,15->19,35->39,MELB - Outer,Greater Melbourne,Weekday,7,7
Y24H5740529,4,Separate House,Fully Owned,0,1,July,Monday,Wyndham (C),5->9,20->24,35->39,MELB - Outer,Greater Melbourne,Weekday,12,12
Y24H5740530,3,Separate House,Being Rented,0,1,July,Tuesday,Wyndham (C),10->14,35->39,55->59,MELB - Outer,Greater Melbourne,Weekday,17,17
Y24H5740532,2,Separate House,Fully Owned,2,1,July,Thursday,Wyndham (C),35->39,35->39,35->39,MELB - Outer,Greater Melbourne,Weekday,9,9
Y24H5740533,4,Separate House,Fully Owned,1,2,July,Friday,Wyndham (C),0->4,20->24,35->39,MELB - Outer,Greater Melbourne,Weekday,3,3
Y24H5740534,2,Separate House,Being Purchased,0,1,July,Saturday,Wyndham (C),30->34,30->34,30->34,MELB - Outer,Greater Melbourne,Weekend,12,12
Y24H5740536,1,Separate House,Being Purchased,1,1,July,Monday,Wyndham (C),25->29,25->29,25->29,MELB - Outer,Greater Melbourne,Weekday,10,10
Y24H5740539,2,Separate House,Being Rented,0,1,July,Thursday,Wyndham (C),25->29,25->29,25->29,MELB - Outer,Greater Melbourne,Weekday,8,8
Y24H5740541,2,Separate House,Being Rented,0,1,July,Saturday,Wyndham (C),30->34,30->34,30->34,MELB - Outer,Greater Melbourne,Weekend,14,14
Y24H5750105,1,Separate House,Being Purchased,5,0,August,Friday,Mornington Peninsula (S),50->54,50->54,50->54,MELB - Outer,Greater Melbourne,Weekday,13,13
Y24H5750106,1,Separate House,Being Rented,2,1,August,Saturday,Mornington Peninsula (S),55->59,55->59,55->59,MELB - Outer,Greater Melbourne,Weekend,4,4
Y24H5750108,2,Separate House,Fully Owned,2,3,July,Monday,Mornington Peninsula (S),65->69,65->69,70->74,MELB - Outer,Greater Melbourne,Weekday,7,7
Y24H5750115,1,Separate House,Fully Owned,0,3,July,Monday,Mornington Peninsula (S),60->64,60->64,60->64,MELB - Outer,Greater Melbourne,Weekday,8,8
Y24H5750116,1,"Unit, Flat or Apartment",Fully Owned,0,1,August,Tuesday,Mornington Peninsula (S),70->74,70->74,70->74,MELB - Outer,Greater Melbourne,Weekday,4,4
Y24H5750117,1,Terrace or Townhouse,Fully Owned,0,2,August,Wednesday,Mornington Peninsula (S),55->59,55->59,55->59,MELB - Outer,Greater Melbourne,Weekday,9,9
Y24H5750123,2,Separate House,Fully Owned,0,2,August,Tuesday,Mornington Peninsula (S),65->69,70->74,70->74,MELB - Outer,Greater Melbourne,Weekday,4,4
Y24H5750127,1,Separate House,Fully Owned,0,1,August,Saturday,Mornington Peninsula (S),80->84,80->84,80->84,MELB - Outer,Greater Melbourne,Weekend,5,5
Y24H5750134,1,Separate House,Fully Owned,2,1,August,Saturday,Mornington Peninsula (S),60->64,60->64,60->64,MELB - Outer,Greater Melbourne,Weekend,6,6
Y24H5750202,3,Separate House,Fully Owned,0,2,August,Tuesday,Whitehorse (C),0->4,20->24,30->34,MELB - Middle,Greater Melbourne,Weekday,10,10
Y24H5750203,1,"Unit, Flat or Apartment",Fully Owned,0,1,August,Wednesday,Whitehorse (C),65->69,65->69,65->69,MELB - Middle,Greater Melbourne,Weekday,4,4
Y24H5750204,2,Separate House,Being Purchased,0,1,August,Thursday,Whitehorse (C),15->19,30->34,40->44,MELB - Middle,Greater Melbourne,Weekday,3,3
Y24H5750205,2,"Unit, Flat or Apartment",Fully Owned,0,2,August,Friday,Whitehorse (C),25->29,40->44,60->64,MELB - Middle,Greater Melbourne,Weekday,8,8
Y24H5750206,5,"Unit, Flat or Apartment",Being Rented,0,2,August,Saturday,Whitehorse (C),15->19,30->34,45->49,MELB - Middle,Greater Melbourne,Weekend,15,15
Y24H5750207,3,Separate House,Fully Owned,1,1,August,Sunday,Whitehorse (C),5->9,25->29,40->44,MELB - Middle,Greater Melbourne,Weekend,12,12
Y24H5750208,2,Separate House,Fully Owned,Missing/Refused,2,July,Monday,Whitehorse (C),60->64,60->64,65->69,MELB - Middle,Greater Melbourne,Weekday,13,13
Y24H5750211,1,"Unit, Flat or Apartment",Fully Owned,0,1,August,Thursday,Whitehorse (C),50->54,50->54,50->54,MELB - Middle,Greater Melbourne,Weekday,5,5
Y24H5750216,3,Terrace or Townhouse,Being Purchased,0,1,August,Tuesday,Whitehorse (C),15->19,25->29,50->54,MELB - Middle,Greater Melbourne,Weekday,14,14
Y24H5750217,2,"Unit, Flat or Apartment",Fully Owned,0,2,August,Wednesday,Whitehorse (C),20->24,40->44,55->59,MELB - Middle,Greater Melbourne,Weekday,13,13
Y24H5750218,1,"Unit, Flat or Apartment",Being Purchased,0,1,August,Thursday,Whitehorse (C),50->54,50->54,50->54,MELB - Middle,Greater Melbourne,Weekday,12,12
Y24H5750224,4,Separate House,Fully Owned,2,3,August,Wednesday,Whitehorse (C),15->19,35->39,55->59,MELB - Middle,Greater Melbourne,Weekday,6,6
Y24H5750233,4,"Unit, Flat or Apartment",Being Rented,0,1,August,Friday,Whitehorse (C),15->19,20->24,20->24,MELB - Middle,Greater Melbourne,Weekday,2,2
Y24H5750234,2,Terrace or Townhouse,Being Rented,0,1,August,Saturday,Whitehorse (C),25->29,25->29,30->34,MELB - Middle,Greater Melbourne,Weekend,11,11
Y24H5750235,4,Separate House,Being Purchased,1,2,August,Sunday,Whitehorse (C),15->19,40->44,50->54,MELB - Middle,Greater Melbourne,Weekend,17,17
Y24H5750239,5,Separate House,Fully Owned,5,4,August,Thursday,Whitehorse (C),20->24,35->39,55->59,MELB - Middle,Greater Melbourne,Weekday,16,16
Y24H5750241,2,Terrace or Townhouse,Fully Owned,0,2,August,Saturday,Whitehorse (C),30->34,30->34,35->39,MELB - Middle,Greater Melbourne,Weekend,14,14
Y24H5750309,3,Separate House,Fully Owned,0,2,August,Tuesday,Maribyrnong (C),15->19,35->39,50->54,MELB - Middle,Greater Melbourne,Weekday,9,9
Y24H5750310,1,"Unit, Flat or Apartment",Being Purchased,0,1,August,Wednesday,Maribyrnong (C),45->49,45->49,45->49,MELB - Middle,Greater Melbourne,Weekday,7,7
Y24H5750311,2,Separate House,Being Purchased,1,1,August,Thursday,Maribyrnong (C),40->44,45->49,45->49,MELB - Middle,Greater Melbourne,Weekday,15,15
Y24H5750318,1,"Unit, Flat or Apartment",Fully Owned,0,0,August,Thursday,Maribyrnong (C),55->59,55->59,55->59,MELB - Middle,Greater Melbourne,Weekday,8,8
Y24H5750320,5,Separate House,Being Purchased,8,2,August,Saturday,Maribyrnong (C),15->19,25->29,45->49,MELB - Middle,Greater Melbourne,Weekend,15,15
Y24H5750324,4,"Unit, Flat or Apartment",Being Rented,0,1,August,Wednesday,Maribyrnong (C),0->4,20->24,40->44,MELB - Middle,Greater Melbourne,Weekday,9,9
Y24H5750333,4,Terrace or Townhouse,Fully Owned,1,3,August,Friday,Maribyrnong (C),15->19,35->39,55->59,MELB - Middle,Greater Melbourne,Weekday,19,19
Y24H5750340,1,Separate House,Fully Owned,0,1,August,Friday,Maribyrnong (C),65->69,65->69,65->69,MELB - Middle,Greater Melbourne,Weekday,3,3
Y24H5750342,2,Separate House,Being Rented,0,2,August,Sunday,Maribyrnong (C),30->34,35->39,40->44,MELB - Middle,Greater Melbourne,Weekend,10,10
Y24H5750401,4,Separate House,Being Rented,0,2,July,Monday,Whittlesea (C),20->24,25->29,30->34,MELB - Outer,Greater Melbourne,Weekday,15,15
Y24H5750403,5,"Unit, Flat or Apartment",Being Rented,0,2,August,Wednesday,Whittlesea (C),10->14,25->29,40->44,MELB - Outer,Greater Melbourne,Weekday,9,9
Y24H5750404,3,"Unit, Flat or Apartment",Being Purchased,Missing/Refused,3,August,Thursday,Whittlesea (C),15->19,40->44,50->54,MELB - Outer,Greater Melbourne,Weekday,7,7
Y24H5750412,7,Separate House,Being Rented,0,2,August,Friday,Whittlesea (C),5->9,20->24,45->49,MELB - Outer,Greater Melbourne,Weekday,11,11
Y24H5750413,5,Separate House,Being Purchased,2,2,August,Saturday,Whittlesea (C),5->9,25->29,45->49,MELB - Outer,Greater Melbourne,Weekend,13,13
Y24H5750415,3,Separate House,Being Purchased,1,2,July,Monday,Whittlesea (C),5->9,25->29,40->44,MELB - Outer,Greater Melbourne,Weekday,12,12
Y24H5750417,6,Separate House,Being Purchased,3,3,August,Wednesday,Whittlesea (C),0->4,25->29,65->69,MELB - Outer,Greater Melbourne,Weekday,2,2
Y24H5750418,5,Separate House,Being Rented,3,4,August,Thursday,Whittlesea (C),10->14,30->34,50->54,MELB - Outer,Greater Melbourne,Weekday,13,13
Y24H5750419,3,Separate House,Fully Owned,0,2,August,Friday,Whittlesea (C),0->4,20->24,35->39,MELB - Outer,Greater Melbourne,Weekday,7,7
Y24H5750420,1,Separate House,Being Purchased,1,2,August,Saturday,Whittlesea (C),40->44,40->44,40->44,MELB - Outer,Greater Melbourne,Weekend,12,12
Y24H5750424,2,Separate House,Fully Owned,0,2,August,Wednesday,Whittlesea (C),50->54,55->59,60->64,MELB - Outer,Greater Melbourne,Weekday,7,7
Y24H5750426,3,Separate House,Being Purchased,1,1,August,Friday,Whittlesea (C),5->9,25->29,40->44,MELB - Outer,Greater Melbourne,Weekday,16,16
Y24H5750430,5,Separate House,Being Rented,0,2,August,Tuesday,Whittlesea (C),0->4,15->19,35->39,MELB - Outer,Greater Melbourne,Weekday,8,8
Y24H5750431,2,Separate House,Fully Owned,0,1,August,Wednesday,Whittlesea (C),30->34,30->34,30->34,MELB - Outer,Greater Melbourne,Weekday,14,14
Y24H5750436,5,Separate House,Being Rented,4,2,July,Monday,Whittlesea (C),0->4,25->29,55->59,MELB - Outer,Greater Melbourne,Weekday,2,2
Y24H5750437,2,Separate House,Being Purchased,1,1,August,Tuesday,Whittlesea (C),30->34,35->39,35->39,MELB - Outer,Greater Melbourne,Weekday,12,12
Y24H5750442,2,Separate House,Being Purchased,2,1,August,Sunday,Whittlesea (C),30->34,30->34,35->39,MELB - Outer,Greater Melbourne,Weekend,11,11
Y24H5760202,1,"Unit, Flat or Apartment",Fully Owned,0,1,August,Tuesday,Manningham (C),60->64,60->64,60->64,MELB - Outer,Greater Melbourne,Weekday,10,10
Y24H5760203,4,Separate House,Being Purchased,8,2,August,Wednesday,Manningham (C),0->4,20->24,40->44,MELB - Outer,Greater Melbourne,Weekday,16,16
Y24H5760204,2,Separate House,Fully Owned,1,2,August,Thursday,Manningham (C),70->74,70->74,75->79,MELB - Outer,Greater Melbourne,Weekday,6,6
Y24H5760205,1,Separate House,Fully Owned,0,1,August,Friday,Manningham (C),75->79,75->79,75->79,MELB - Outer,Greater Melbourne,Weekday,5,5
Y24H5760206,5,Separate House,Fully Owned,0,4,August,Saturday,Manningham (C),35->39,65->69,95->99,MELB - Outer,Greater Melbourne,Weekend,16,16
Y24H5760207,1,Separate House,Fully Owned,Missing/Refused,1,August,Sunday,Manningham (C),60->64,60->64,60->64,MELB - Outer,Greater Melbourne,Weekend,7,7
Y24H5760209,2,Separate House,Being Rented,0,3,August,Tuesday,Manningham (C),60->64,60->64,65->69,MELB - Outer,Greater Melbourne,Weekday,9,9
Y24H5760211,1,Separate House,Fully Owned,0,1,August,Thursday,Manningham (C),75->79,75->79,75->79,MELB - Outer,Greater Melbourne,Weekday,5,5
Y24H5760215,3,Separate House,Being Purchased,1,2,August,Monday,Manningham (C),0->4,20->24,35->39,MELB - Outer,Greater Melbourne,Weekday,14,14
Y24H5760217,2,Separate House,Fully Owned,0,3,August,Wednesday,Manningham (C),60->64,65->69,70->74,MELB - Outer,Greater Melbourne,Weekday,3,3
Y24H5760218,1,Separate House,Fully Owned,Missing/Refused,0,August,Thursday,Manningham (C),55->59,55->59,55->59,MELB - Outer,Greater Melbourne,Weekday,9,9
Y24H5760224,2,Separate House,Fully Owned,0,2,August,Wednesday,Manningham (C),70->74,75->79,75->79,MELB - Outer,Greater Melbourne,Weekday,8,8
Y24H5760228,2,Separate House,Fully Owned,2,2,August,Sunday,Manningham (C),70->74,70->74,70->74,MELB - Outer,Greater Melbourne,Weekend,11,11
Y24H5760231,3,Separate House,Being Purchased,0,3,August,Wednesday,Manningham (C),20->24,40->44,50->54,MELB - Outer,Greater Melbourne,Weekday,15,15
Y24H5760232,3,Separate House,Being Purchased,3,3,August,Thursday,Manningham (C),5->9,35->39,50->54,MELB - Outer,Greater Melbourne,Weekday,13,13
Y24H5760235,3,Separate House,Being Purchased,0,4,August,Sunday,Manningham (C),20->24,40->44,55->59,MELB - Outer,Greater Melbourne,Weekend,18,18
Y24H5760236,2,Separate House,Fully Owned,1,2,August,Monday,Manningham (C),60->64,60->64,60->64,MELB - Outer,Greater Melbourne,Weekday,11,11
Y24H5760237,2,Separate House,Being Purchased,2,2,August,Tuesday,Manningham (C),30->34,30->34,30->34,MELB - Outer,Greater Melbourne,Weekday,17,17
Y24H5760238,2,Separate House,Fully Owned,1,1,August,Wednesday,Manningham (C),75->79,75->79,75->79,MELB - Outer,Greater Melbourne,Weekday,8,8
Y24H5760240,2,Separate House,Fully Owned,2,2,August,Friday,Manningham (C),55->59,55->59,55->59,MELB - Outer,Greater Melbourne,Weekday,16,16
Y24H5760242,4,Separate House,Being Purchased,Missing/Refused,3,August,Sunday,Manningham (C),15->19,30->34,50->54,MELB - Outer,Greater Melbourne,Weekend,16,16
Y24H5760307,4,Terrace or Townhouse,Being Purchased,0,1,August,Sunday,Bayside (C),0->4,10->14,40->44,MELB - Middle,Greater Melbourne,Weekend,14,14
Y24H5760312,2,Separate House,Fully Owned,0,1,August,Friday,Bayside (C),70->74,70->74,75->79,MELB - Middle,Greater Melbourne,Weekday,18,18
Y24H5760313,4,Terrace or Townhouse,Being Rented,0,2,August,Saturday,Bayside (C),10->14,30->34,50->54,MELB - Middle,Greater Melbourne,Weekend,14,14
Y24H5760314,4,Terrace or Townhouse,Fully Owned,0,2,August,Sunday,Bayside (C),0->4,20->24,40->44,MELB - Middle,Greater Melbourne,Weekend,14,14
Y24H5760323,2,Separate House,Fully Owned,0,2,August,Tuesday,Bayside (C),65->69,65->69,65->69,MELB - Middle,Greater Melbourne,Weekday,7,7
Y24H5760326,2,Terrace or Townhouse,Being Rented,Missing/Refused,2,August,Friday,Bayside (C),45->49,45->49,45->49,MELB - Middle,Greater Melbourne,Weekday,14,14
Y24H5760327,3,"Unit, Flat or Apartment",Being Rented,2,1,August,Saturday,Bayside (C),0->4,25->29,40->44,MELB - Middle,Greater Melbourne,Weekend,12,12
Y24H5760328,2,Terrace or Townhouse,Fully Owned,0,1,August,Sunday,Bayside (C),55->59,60->64,60->64,MELB - Middle,Greater Melbourne,Weekend,8,8
Y24H5760329,4,Separate House,Being Purchased,3,3,August,Monday,Bayside (C),15->19,30->34,50->54,MELB - Middle,Greater Melbourne,Weekday,10,10
Y24H5760330,2,Terrace or Townhouse,Fully Owned,1,3,August,Tuesday,Bayside (C),60->64,60->64,65->69,MELB - Middle,Greater Melbourne,Weekday,14,14
Y24H5760331,3,Separate House,Being Purchased,1,1,August,Wednesday,Bayside (C),5->9,25->29,40->44,MELB - Middle,Greater Melbourne,Weekday,18,18
Y24H5760335,2,"Unit, Flat or Apartment",Being Rented,0,1,August,Sunday,Bayside (C),30->34,40->44,45->49,MELB - Middle,Greater Melbourne,Weekend,18,18
Y24H5760336,2,Separate House,Fully Owned,1,2,August,Monday,Bayside (C),50->54,65->69,80->84,MELB - Middle,Greater Melbourne,Weekday,14,14
Y24H5760338,2,Separate House,Fully Owned,0,2,August,Wednesday,Bayside (C),80->84,80->84,80->84,MELB - Middle,Greater Melbourne,Weekday,18,18
Y24H5760339,1,Separate House,Fully Owned,0,1,August,Thursday,Bayside (C),80->84,80->84,80->84,MELB - Middle,Greater Melbourne,Weekday,7,7
Y24H5760341,5,Separate House,Being Purchased,4,3,August,Saturday,Bayside (C),15->19,30->34,50->54,MELB - Middle,Greater Melbourne,Weekend,14,14
Y24H5760405,2,Separate House,Fully Owned,1,2,August,Friday,Moonee Valley (C),80->84,80->84,80->84,MELB - Inner,Greater Melbourne,Weekday,6,6
Y24H5760406,4,Terrace or Townhouse,Being Rented,4,2,August,Saturday,Moonee Valley (C),5->9,30->34,55->59,MELB - Inner,Greater Melbourne,Weekend,11,11
Y24H5760407,2,Separate House,Being Rented,1,1,August,Sunday,Moonee Valley (C),35->39,35->39,40->44,MELB - Inner,Greater Melbourne,Weekend,13,13
Y24H5760409,1,"Unit, Flat or Apartment",Being Purchased,0,1,August,Tuesday,Moonee Valley (C),45->49,45->49,45->49,MELB - Inner,Greater Melbourne,Weekday,12,12
Y24H5760411,1,"Unit, Flat or Apartment",Fully Owned,0,1,August,Thursday,Moonee Valley (C),75->79,75->79,75->79,MELB - Inner,Greater Melbourne,Weekday,6,6
Y24H5760412,1,Terrace or Townhouse,Fully Owned,2,1,August,Friday,Moonee Valley (C),80->84,80->84,80->84,MELB - Inner,Greater Melbourne,Weekday,5,5
Y24H5760413,3,Separate House,Being Rented,2,1,August,Saturday,Moonee Valley (C),10->14,20->24,40->44,MELB - Inner,Greater Melbourne,Weekend,14,14
Y24H5760414,3,Terrace or Townhouse,Being Rented,3,1,August,Sunday,Moonee Valley (C),15->19,25->29,50->54,MELB - Inner,Greater Melbourne,Weekend,8,8
Y24H5760417,2,Separate House,Fully Owned,0,1,August,Wednesday,Moonee Valley (C),65->69,70->74,70->74,MELB - Inner,Greater Melbourne,Weekday,12,12
Y24H5760420,1,"Unit, Flat or Apartment",Occupied Rent-Free,0,1,August,Saturday,Moonee Valley (C),65->69,65->69,65->69,MELB - Inner,Greater Melbourne,Weekend,12,12
Y24H5760424,4,Separate House,Being Rented,2,2,August,Wednesday,Moonee Valley (C),0->4,20->24,45->49,MELB - Middle,Greater Melbourne,Weekday,10,10
Y24H5760425,2,Separate House,Fully Owned,0,3,August,Thursday,Moonee Valley (C),60->64,60->64,65->69,MELB - Middle,Greater Melbourne,Weekday,9,9
Y24H5760435,1,Separate House,Fully Owned,3,1,August,Sunday,Moonee Valley (C),75->79,75->79,75->79,MELB - Middle,Greater Melbourne,Weekend,2,2
Y24H5760436,1,"Unit, Flat or Apartment",Fully Owned,Missing/Refused,1,August,Monday,Moonee Valley (C),80->84,80->84,80->84,MELB - Middle,Greater Melbourne,Weekday,3,3
Y24H5760440,2,"Unit, Flat or Apartment",Fully Owned,0,1,August,Friday,Moonee Valley (C),50->54,50->54,55->59,MELB - Middle,Greater Melbourne,Weekday,10,10
Y24H5760502,3,Separate House,Being Purchased,3,3,August,Tuesday,Wyndham (C),20->24,40->44,50->54,MELB - Outer,Greater Melbourne,Weekday,16,16
Y24H5760508,3,Separate House,Being Rented,3,2,August,Monday,Wyndham (C),5->9,25->29,35->39,MELB - Outer,Greater Melbourne,Weekday,14,14
Y24H5760511,6,Separate House,Fully Owned,3,2,August,Thursday,Wyndham (C),5->9,35->39,70->74,MELB - Outer,Greater Melbourne,Weekday,18,18
Y24H5760514,3,Separate House,Being Purchased,3,1,August,Sunday,Wyndham (C),5->9,30->34,40->44,MELB - Outer,Greater Melbourne,Weekend,12,12
Y24H5760521,2,Separate House,Fully Owned,Missing/Refused,2,August,Sunday,Wyndham (C),40->44,40->44,40->44,MELB - Outer,Greater Melbourne,Weekend,18,18
Y24H5760523,5,Separate House,Being Rented,0,2,August,Tuesday,Wyndham (C),5->9,20->24,35->39,MELB - Outer,Greater Melbourne,Weekday,13,13
Y24H5760525,3,Separate House,Being Purchased,Missing/Refused,2,August,Thursday,Wyndham (C),15->19,30->34,40->44,MELB - Outer,Greater Melbourne,Weekday,12,12
Y24H5760527,6,Separate House,Being Rented,5,1,August,Saturday,Wyndham (C),5->9,20->24,45->49,MELB - Outer,Greater Melbourne,Weekend,14,14
Y24H5760533,4,Separate House,Fully Owned,2,2,August,Friday,Wyndham (C),5->9,20->24,40->44,MELB - Outer,Greater Melbourne,Weekday,13,13
Y24H5760534,4,Separate House,Being Rented,Missing/Refused,3,August,Saturday,Wyndham (C),15->19,35->39,50->54,MELB - Outer,Greater Melbourne,Weekend,18,18
Y24H5760537,5,Separate House,Being Rented,2,1,August,Tuesday,Wyndham (C),0->4,20->24,40->44,MELB - Outer,Greater Melbourne,Weekday,15,15
Y24H5760539,3,Separate House,Being Rented,0,2,August,Thursday,Wyndham (C),25->29,25->29,25->29,MELB - Outer,Greater Melbourne,Weekday,14,14
Y24H5760540,3,Terrace or Townhouse,Being Rented,0,2,August,Friday,Wyndham (C),25->29,35->39,50->54,MELB - Outer,Greater Melbourne,Weekday,12,12
Y24H5770201,4,"Unit, Flat or Apartment",Fully Owned,3,2,August,Monday,Knox (C),5->9,30->34,50->54,MELB - Outer,Greater Melbourne,Weekday,16,16
Y24H5770204,4,Separate House,Fully Owned,Missing/Refused,3,August,Thursday,Knox (C),35->39,55->59,75->79,MELB - Outer,Greater Melbourne,Weekday,11,11
Y24H5770206,1,"Unit, Flat or Apartment",Fully Owned,0,1,August,Saturday,Knox (C),70->74,70->74,70->74,MELB - Outer,Greater Melbourne,Weekend,4,4
Y24H5770207,1,Separate House,Fully Owned,0,0,August,Sunday,Knox (C),70->74,70->74,70->74,MELB - Outer,Greater Melbourne,Weekend,3,3
Y24H5770209,4,Separate House,Fully Owned,0,3,August,Tuesday,Knox (C),55->59,70->74,85->89,MELB - Outer,Greater Melbourne,Weekday,12,12
Y24H5770210,1,Separate House,Fully Owned,0,1,August,Wednesday,Knox (C),85->89,85->89,85->89,MELB - Outer,Greater Melbourne,Weekday,1,1
Y24H5770212,4,Separate House,Being Rented,5,5,August,Friday,Knox (C),0->4,20->24,50->54,MELB - Outer,Greater Melbourne,Weekday,9,9
Y24H5770213,2,Separate House,Fully Owned,Missing/Refused,1,August,Saturday,Knox (C),75->79,80->84,85->89,MELB - Outer,Greater Melbourne,Weekend,14,14
Y24H5770216,2,Separate House,Fully Owned,1,3,August,Tuesday,Knox (C),60->64,65->69,65->69,MELB - Outer,Greater Melbourne,Weekday,6,6
Y24H5770218,2,Separate House,Being Purchased,2,2,August,Thursday,Knox (C),60->64,65->69,70->74,MELB - Outer,Greater Melbourne,Weekday,6,6
Y24H5770219,2,Separate House,Fully Owned,0,2,August,Friday,Knox (C),70->74,70->74,75->79,MELB - Outer,Greater Melbourne,Weekday,6,6
Y24H5770220,2,Separate House,Fully Owned,0,1,August,Saturday,Knox (C),75->79,85->89,90->94,MELB - Outer,Greater Melbourne,Weekend,5,5
Y24H5770222,5,Separate House,Fully Owned,3,3,August,Monday,Knox (C),15->19,30->34,50->54,MELB - Outer,Greater Melbourne,Weekday,17,17
Y24H5770224,1,Separate House,Fully Owned,1,1,August,Wednesday,Knox (C),75->79,75->79,75->79,MELB - Outer,Greater Melbourne,Weekday,6,6
Y24H5770227,4,Separate House,Being Purchased,5,2,August,Saturday,Knox (C),0->4,20->24,40->44,MELB - Outer,Greater Melbourne,Weekend,12,12
Y24H5770232,2,Separate House,Being Purchased,1,5,August,Thursday,Knox (C),55->59,60->64,60->64,MELB - Outer,Greater Melbourne,Weekday,14,14
Y24H5770233,2,Separate House,Fully Owned,3,2,August,Friday,Knox (C),65->69,65->69,65->69,MELB - Outer,Greater Melbourne,Weekday,12,12
Y24H5770234,1,Separate House,Being Rented,0,1,August,Saturday,Knox (C),60->64,60->64,60->64,MELB - Outer,Greater Melbourne,Weekend,7,7
Y24H5770235,1,Separate House,Fully Owned,0,1,August,Sunday,Knox (C),60->64,60->64,60->64,MELB - Outer,Greater Melbourne,Weekend,5,5
Y24H5770236,4,Separate House,Being Purchased,Missing/Refused,3,August,Monday,Knox (C),20->24,35->39,55->59,MELB - Outer,Greater Melbourne,Weekday,15,15
Y24H5770237,5,Separate House,Being Purchased,4,2,August,Tuesday,Knox (C),15->19,30->34,50->54,MELB - Outer,Greater Melbourne,Weekday,17,17
Y24H5770239,2,Separate House,Being Purchased,0,2,August,Thursday,Knox (C),55->59,55->59,60->64,MELB - Outer,Greater Melbourne,Weekday,6,6
Y24H5770240,3,Separate House,Being Purchased,2,2,August,Friday,Knox (C),5->9,30->34,45->49,MELB - Outer,Greater Melbourne,Weekday,10,10
Y24H5770241,1,Separate House,Fully Owned,Missing/Refused,1,August,Saturday,Knox (C),55->59,55->59,55->59,MELB - Outer,Greater Melbourne,Weekend,3,3
Y24H5770242,2,Separate House,Being Rented,0,2,August,Sunday,Knox (C),25->29,30->34,30->34,MELB - Outer,Greater Melbourne,Weekend,8,8
Y24H5770322,3,Separate House,Being Purchased,8,2,August,Monday,Yarra (C),20->24,45->49,55->59,MELB - Inner,Greater Melbourne,Weekday,14,14
Y24H5770323,2,Terrace or Townhouse,Being Rented,0,2,August,Tuesday,Yarra (C),25->29,25->29,25->29,MELB - Inner,Greater Melbourne,Weekday,7,7
Y24H5770324,4,Terrace or Townhouse,Being Rented,4,1,August,Wednesday,Yarra (C),0->4,20->24,40->44,MELB - Inner,Greater Melbourne,Weekday,12,12
Y24H5770327,2,Terrace or Townhouse,Being Rented,Missing/Refused,1,August,Saturday,Yarra (C),30->34,30->34,35->39,MELB - Inner,Greater Melbourne,Weekend,15,15
Y24H5770330,2,Terrace or Townhouse,Being Rented,1,1,August,Tuesday,Yarra (C),30->34,30->34,35->39,MELB - Inner,Greater Melbourne,Weekday,14,14
Y24H5770334,2,Separate House,Being Purchased,2,0,August,Saturday,Yarra (C),30->34,30->34,30->34,MELB - Inner,Greater Melbourne,Weekend,18,18
Y24H5770335,1,Separate House,Being Purchased,1,1,August,Sunday,Yarra (C),55->59,55->59,55->59,MELB - Inner,Greater Melbourne,Weekend,9,9
Y24H5770336,2,Separate House,Being Rented,2,1,August,Monday,Yarra (C),30->34,35->39,40->44,MELB - Inner,Greater Melbourne,Weekday,14,14
Y24H5770337,2,Separate House,Fully Owned,0,0,August,Tuesday,Yarra (C),80->84,85->89,95->99,MELB - Inner,Greater Melbourne,Weekday,5,5
Y24H5770338,1,Terrace or Townhouse,Being Purchased,0,1,August,Wednesday,Yarra (C),60->64,60->64,60->64,MELB - Inner,Greater Melbourne,Weekday,7,7
Y24H5770342,2,Separate House,Fully Owned,Missing/Refused,2,August,Sunday,Yarra (C),30->34,30->34,30->34,MELB - Inner,Greater Melbourne,Weekend,18,18
Y24H5770504,1,Separate House,Being Rented,0,2,August,Thursday,Brimbank (C),50->54,50->54,50->54,MELB - Middle,Greater Melbourne,Weekday,3,3
Y24H5770506,3,"Unit, Flat or Apartment",Being Rented,1,1,August,Saturday,Brimbank (C),10->14,25->29,35->39,MELB - Middle,Greater Melbourne,Weekend,10,10
Y24H5770515,1,Terrace or Townhouse,Being Purchased,2,1,August,Monday,Brimbank (C),35->39,35->39,35->39,MELB - Middle,Greater Melbourne,Weekday,12,12
Y24H5770517,3,Separate House,Being Purchased,4,2,August,Wednesday,Brimbank (C),5->9,30->34,45->49,MELB - Middle,Greater Melbourne,Weekday,13,13
Y24H5770518,1,Terrace or Townhouse,Being Rented,1,1,August,Thursday,Brimbank (C),30->34,30->34,30->34,MELB - Middle,Greater Melbourne,Weekday,1,1
Y24H5770521,3,Separate House,Being Purchased,3,2,August,Sunday,Brimbank (C),0->4,25->29,40->44,MELB - Middle,Greater Melbourne,Weekend,14,14
Y24H5770530,1,Terrace or Townhouse,Being Rented,0,0,August,Tuesday,Brimbank (C),45->49,45->49,45->49,MELB - Middle,Greater Melbourne,Weekday,10,10
Y24H5770541,1,"Unit, Flat or Apartment",Fully Owned,Missing/Refused,0,August,Saturday,Brimbank (C),70->74,70->74,70->74,MELB - Middle,Greater Melbourne,Weekend,12,12
Y24H5780104,3,Separate House,Being Purchased,0,3,August,Thursday,Casey (C),20->24,35->39,50->54,MELB - Outer,Greater Melbourne,Weekday,11,11
Y24H5780108,4,Separate House,Being Purchased,2,2,August,Monday,Casey (C),5->9,20->24,35->39,MELB - Outer,Greater Melbourne,Weekday,8,8
Y24H5780109,6,Separate House,Fully Owned,2,4,August,Tuesday,Casey (C),0->4,30->34,60->64,MELB - Outer,Greater Melbourne,Weekday,10,10
Y24H5780114,1,Separate House,Being Rented,0,1,August,Sunday,Casey (C),45->49,45->49,45->49,MELB - Outer,Greater Melbourne,Weekend,8,8
Y24H5780115,3,Separate House,Being Purchased,2,5,August,Monday,Casey (C),5->9,30->34,45->49,MELB - Outer,Greater Melbourne,Weekday,13,13
Y24H5780120,1,Separate House,Being Rented,Missing/Refused,1,August,Saturday,Casey (C),65->69,65->69,65->69,MELB - Outer,Greater Melbourne,Weekend,3,3
Y24H5780122,4,Separate House,Fully Owned,0,4,August,Monday,Casey (C),15->19,35->39,55->59,MELB - Outer,Greater Melbourne,Weekday,16,16
Y24H5780126,2,Separate House,Fully Owned,0,1,August,Friday,Casey (C),70->74,75->79,75->79,MELB - Outer,Greater Melbourne,Weekday,7,7
Y24H5780130,3,Separate House,Fully Owned,Missing/Refused,3,August,Tuesday,Casey (C),45->49,50->54,55->59,MELB - Outer,Greater Melbourne,Weekday,13,13
Y24H5780136,2,Terrace or Townhouse,Being Rented,0,2,August,Monday,Casey (C),25->29,25->29,25->29,MELB - Outer,Greater Melbourne,Weekday,8,8
Y24H5780137,3,Separate House,Being Purchased,0,2,August,Tuesday,Casey (C),25->29,40->44,55->59,MELB - Outer,Greater Melbourne,Weekday,17,17
Y24H5780138,7,Separate House,Being Purchased,0,5,August,Wednesday,Casey (C),0->4,30->34,65->69,MELB - Outer,Greater Melbourne,Weekday,17,17
Y24H5780140,4,Terrace or Townhouse,Being Rented,0,1,August,Friday,Casey (C),5->9,25->29,45->49,MELB - Outer,Greater Melbourne,Weekday,10,10
Y24H5780201,2,Separate House,Fully Owned,0,2,August,Monday,Monash (C),60->64,65->69,70->74,MELB - Middle,Greater Melbourne,Weekday,12,12
Y24H5780203,3,Separate House,Being Purchased,0,3,August,Wednesday,Monash (C),25->29,35->39,50->54,MELB - Middle,Greater Melbourne,Weekday,16,16
Y24H5780204,4,Separate House,Being Purchased,5,2,August,Thursday,Monash (C),5->9,25->29,40->44,MELB - Middle,Greater Melbourne,Weekday,18,18
Y24H5780209,2,Separate House,Being Purchased,0,2,August,Tuesday,Monash (C),25->29,40->44,55->59,MELB - Middle,Greater Melbourne,Weekday,12,12
Y24H5780215,2,Separate House,Fully Owned,0,2,August,Monday,Monash (C),65->69,65->69,65->69,MELB - Middle,Greater Melbourne,Weekday,7,7
Y24H5780216,2,Separate House,Being Rented,0,2,August,Tuesday,Monash (C),60->64,60->64,60->64,MELB - Middle,Greater Melbourne,Weekday,7,7
Y24H5780220,1,Separate House,Being Rented,0,1,August,Saturday,Monash (C),60->64,60->64,60->64,MELB - Middle,Greater Melbourne,Weekend,9,9
Y24H5780303,3,"Unit, Flat or Apartment",Being Rented,1,1,August,Wednesday,Glen Eira (C),5->9,15->19,40->44,MELB - Inner,Greater Melbourne,Weekday,9,9
Y24H5780308,4,Terrace or Townhouse,Being Purchased,10,1,August,Monday,Glen Eira (C),10->14,30->34,45->49,MELB - Inner,Greater Melbourne,Weekday,18,18
Y24H5780309,1,Separate House,Fully Owned,0,1,August,Tuesday,Glen Eira (C),95->99,95->99,95->99,MELB - Inner,Greater Melbourne,Weekday,10,10
Y24H5780311,2,Terrace or Townhouse,Fully Owned,0,2,August,Thursday,Glen Eira (C),70->74,75->79,75->79,MELB - Inner,Greater Melbourne,Weekday,17,17
Y24H5780314,2,Separate House,Fully Owned,0,2,August,Sunday,Glen Eira (C),75->79,75->79,75->79,MELB - Inner,Greater Melbourne,Weekend,6,6
Y24H5780315,2,Separate House,Fully Owned,0,2,August,Monday,Glen Eira (C),80->84,80->84,80->84,MELB - Inner,Greater Melbourne,Weekday,7,7
Y24H5780318,5,Separate House,Fully Owned,Missing/Refused,4,August,Thursday,Glen Eira (C),15->19,30->34,45->49,MELB - Inner,Greater Melbourne,Weekday,14,14
Y24H5780319,1,"Unit, Flat or Apartment",Being Rented,0,1,August,Friday,Glen Eira (C),65->69,65->69,65->69,MELB - Inner,Greater Melbourne,Weekday,4,4
Y24H5780320,4,Separate House,Being Purchased,Missing/Refused,1,August,Saturday,Glen Eira (C),15->19,35->39,50->54,MELB - Inner,Greater Melbourne,Weekend,16,16
Y24H5780322,2,Separate House,Fully Owned,3,2,August,Monday,Glen Eira (C),60->64,60->64,60->64,MELB - Inner,Greater Melbourne,Weekday,14,14
Y24H5780323,1,"Unit, Flat or Apartment",Being Rented,0,0,August,Tuesday,Glen Eira (C),20->24,20->24,20->24,MELB - Inner,Greater Melbourne,Weekday,9,9
Y24H5780324,5,Separate House,Being Purchased,3,2,August,Wednesday,Glen Eira (C),5->9,25->29,50->54,MELB - Inner,Greater Melbourne,Weekday,18,18
Y24H5780325,1,"Unit, Flat or Apartment",Being Rented,1,0,August,Thursday,Glen Eira (C),20->24,20->24,20->24,MELB - Inner,Greater Melbourne,Weekday,6,6
Y24H5780327,4,Separate House,Being Purchased,3,5,August,Saturday,Glen Eira (C),15->19,40->44,60->64,MELB - Inner,Greater Melbourne,Weekend,12,12
Y24H5780328,1,"Unit, Flat or Apartment",Being Rented,0,1,August,Sunday,Glen Eira (C),25->29,25->29,25->29,MELB - Inner,Greater Melbourne,Weekend,9,9
Y24H5780330,4,Separate House,Fully Owned,4,3,August,Tuesday,Glen Eira (C),15->19,35->39,55->59,MELB - Inner,Greater Melbourne,Weekday,13,13
Y24H5780334,4,Separate House,Being Purchased,7,1,August,Saturday,Glen Eira (C),10->14,35->39,60->64,MELB - Inner,Greater Melbourne,Weekend,18,18
Y24H5780338,1,"Unit, Flat or Apartment",Fully Owned,0,1,August,Wednesday,Glen Eira (C),55->59,55->59,55->59,MELB - Inner,Greater Melbourne,Weekday,4,4
Y24H5780341,2,Separate House,Being Rented,1,1,August,Saturday,Glen Eira (C),35->39,35->39,40->44,MELB - Inner,Greater Melbourne,Weekend,17,17
Y24H5780401,1,Terrace or Townhouse,Being Purchased,1,0,August,Monday,Merri-bek (C),60->64,60->64,60->64,MELB - Inner,Greater Melbourne,Weekday,12,12
Y24H5780404,2,Separate House,Being Rented,Missing/Refused,0,August,Thursday,Merri-bek (C),20->24,20->24,25->29,MELB - Inner,Greater Melbourne,Weekday,11,11
Y24H5780405,4,Separate House,Being Purchased,4,1,August,Friday,Merri-bek (C),0->4,20->24,40->44,MELB - Inner,Greater Melbourne,Weekday,16,16
Y24H5780406,3,Terrace or Townhouse,Being Purchased,2,1,August,Saturday,Merri-bek (C),0->4,30->34,50->54,MELB - Inner,Greater Melbourne,Weekend,9,9
Y24H5780407,2,Separate House,Being Purchased,2,0,August,Sunday,Merri-bek (C),25->29,25->29,25->29,MELB - Inner,Greater Melbourne,Weekend,12,12
Y24H5780411,2,Separate House,Fully Owned,2,1,August,Thursday,Merri-bek (C),55->59,55->59,55->59,MELB - Inner,Greater Melbourne,Weekday,8,8
Y24H5780414,4,Terrace or Townhouse,Being Rented,4,0,August,Sunday,Merri-bek (C),0->4,20->24,45->49,MELB - Inner,Greater Melbourne,Weekend,14,14
Y24H5780416,4,Separate House,Being Rented,4,1,August,Tuesday,Merri-bek (C),10->14,30->34,55->59,MELB - Inner,Greater Melbourne,Weekday,11,11
Y24H5780417,4,Separate House,Fully Owned,5,2,August,Wednesday,Merri-bek (C),10->14,30->34,45->49,MELB - Inner,Greater Melbourne,Weekday,17,17
Y24H5780419,1,Separate House,Fully Owned,1,1,August,Friday,Merri-bek (C),65->69,65->69,65->69,MELB - Inner,Greater Melbourne,Weekday,9,9
Y24H5780426,1,"Unit, Flat or Apartment",Being Rented,1,0,August,Friday,Merri-bek (C),25->29,25->29,25->29,MELB - Inner,Greater Melbourne,Weekday,8,8
Y24H5780427,1,"Unit, Flat or Apartment",Being Rented,0,0,August,Saturday,Merri-bek (C),25->29,25->29,25->29,MELB - Inner,Greater Melbourne,Weekend,8,8
Y24H5780431,1,"Unit, Flat or Apartment",Being Rented,0,1,August,Wednesday,Merri-bek (C),35->39,35->39,35->39,MELB - Inner,Greater Melbourne,Weekday,14,14
Y24H5780432,1,"Unit, Flat or Apartment",Being Rented,Missing/Refused,0,August,Thursday,Merri-bek (C),30->34,30->34,30->34,MELB - Inner,Greater Melbourne,Weekday,12,12
Y24H5780434,2,"Unit, Flat or Apartment",Fully Owned,0,1,August,Saturday,Merri-bek (C),15->19,35->39,50->54,MELB - Inner,Greater Melbourne,Weekend,8,8
Y24H5780436,2,"Unit, Flat or Apartment",Fully Owned,Missing/Refused,1,August,Monday,Merri-bek (C),20->24,25->29,30->34,MELB - Inner,Greater Melbourne,Weekday,0,0
Y24H5780440,3,"Unit, Flat or Apartment",Being Purchased,2,1,August,Friday,Merri-bek (C),0->4,25->29,40->44,MELB - Inner,Greater Melbourne,Weekday,14,14
Y24H5790103,3,Separate House,Fully Owned,3,4,August,Wednesday,Casey (C),10->14,25->29,35->39,MELB - Outer,Greater Melbourne,Weekday,15,15
Y24H5790105,2,Separate House,Fully Owned,2,3,September,Friday,Casey (C),60->64,65->69,65->69,MELB - Outer,Greater Melbourne,Weekday,8,8
Y24H5790106,4,Separate House,Being Purchased,6,2,September,Saturday,Casey (C),5->9,30->34,50->54,MELB - Outer,Greater Melbourne,Weekend,15,15
Y24H5790114,4,Separate House,Being Purchased,3,2,September,Sunday,Casey (C),5->9,25->29,40->44,MELB - Outer,Greater Melbourne,Weekend,15,15
Y24H5790118,1,Separate House,Fully Owned,1,1,August,Thursday,Casey (C),60->64,60->64,60->64,MELB - Outer,Greater Melbourne,Weekday,1,1
Y24H5790122,4,Separate House,Fully Owned,3,2,August,Monday,Casey (C),0->4,15->19,35->39,MELB - Outer,Greater Melbourne,Weekday,17,17
Y24H5790123,3,Separate House,Being Purchased,1,2,August,Tuesday,Casey (C),0->4,20->24,35->39,MELB - Outer,Greater Melbourne,Weekday,9,9
Y24H5790124,4,Separate House,Being Rented,Missing/Refused,2,August,Wednesday,Casey (C),5->9,25->29,40->44,MELB - Outer,Greater Melbourne,Weekday,6,6
Y24H5790125,4,Separate House,Fully Owned,1,2,August,Thursday,Casey (C),5->9,30->34,55->59,MELB - Outer,Greater Melbourne,Weekday,18,18
Y24H5790128,1,Separate House,Fully Owned,0,1,September,Sunday,Casey (C),75->79,75->79,75->79,MELB - Outer,Greater Melbourne,Weekend,3,3
Y24H5790129,2,Separate House,Being Purchased,2,2,August,Monday,Casey (C),25->29,30->34,30->34,MELB - Outer,Greater Melbourne,Weekday,13,13
Y24H5790133,2,Separate House,Fully Owned,0,1,September,Friday,Casey (C),75->79,80->84,80->84,MELB - Outer,Greater Melbourne,Weekday,4,4
Y24H5790134,1,Separate House,Being Purchased,1,1,September,Saturday,Casey (C),35->39,35->39,35->39,MELB - Outer,Greater Melbourne,Weekend,6,6
Y24H5790135,4,Separate House,Fully Owned,1,3,September,Sunday,Casey (C),10->14,30->34,45->49,MELB - Outer,Greater Melbourne,Weekend,13,13
Y24H5790139,1,Separate House,Fully Owned,0,1,August,Thursday,Casey (C),70->74,70->74,70->74,MELB - Outer,Greater Melbourne,Weekday,7,7
Y24H5790141,5,Separate House,Being Purchased,5,2,September,Saturday,Casey (C),5->9,20->24,40->44,MELB - Outer,Greater Melbourne,Weekend,14,14
Y24H5790142,2,Separate House,Being Purchased,0,1,September,Sunday,Casey (C),45->49,45->49,50->54,MELB - Outer,Greater Melbourne,Weekend,8,8
Y24H5790203,2,"Unit, Flat or Apartment",Being Rented,0,1,August,Wednesday,Monash (C),25->29,25->29,25->29,MELB - Middle,Greater Melbourne,Weekday,9,9
Y24H5790206,4,Separate House,Being Purchased,1,3,September,Saturday,Monash (C),15->19,35->39,55->59,MELB - Middle,Greater Melbourne,Weekend,14,14
Y24H5790208,4,Separate House,Being Purchased,3,2,August,Monday,Monash (C),0->4,20->24,40->44,MELB - Middle,Greater Melbourne,Weekday,10,10
Y24H5790210,2,Separate House,Being Purchased,2,3,August,Wednesday,Monash (C),40->44,40->44,40->44,MELB - Middle,Greater Melbourne,Weekday,13,13
Y24H5790212,4,Separate House,Being Purchased,3,3,September,Friday,Monash (C),15->19,35->39,50->54,MELB - Middle,Greater Melbourne,Weekday,15,15
Y24H5790214,5,Separate House,Being Rented,1,1,September,Sunday,Monash (C),0->4,15->19,35->39,MELB - Middle,Greater Melbourne,Weekend,12,12
Y24H5790215,4,Separate House,Being Purchased,2,2,August,Monday,Monash (C),5->9,20->24,40->44,MELB - Middle,Greater Melbourne,Weekday,17,17
Y24H5790217,5,Separate House,Fully Owned,3,1,August,Wednesday,Monash (C),0->4,15->19,40->44,MELB - Middle,Greater Melbourne,Weekday,13,13
Y24H5790218,4,Separate House,Being Purchased,3,1,August,Thursday,Monash (C),10->14,30->34,55->59,MELB - Middle,Greater Melbourne,Weekday,13,13
Y24H5790219,1,Separate House,Fully Owned,0,1,September,Friday,Monash (C),55->59,55->59,55->59,MELB - Middle,Greater Melbourne,Weekday,7,7
Y24H5790220,1,"Unit, Flat or Apartment",Being Rented,0,1,September,Saturday,Monash (C),55->59,55->59,55->59,MELB - Middle,Greater Melbourne,Weekend,9,9
Y24H5790222,1,"Unit, Flat or Apartment",Fully Owned,0,1,August,Monday,Monash (C),75->79,75->79,75->79,MELB - Middle,Greater Melbourne,Weekday,4,4
Y24H5790223,6,Separate House,Being Purchased,2,3,August,Tuesday,Monash (C),5->9,25->29,55->59,MELB - Middle,Greater Melbourne,Weekday,12,12
Y24H5790224,3,Separate House,Being Purchased,1,2,August,Wednesday,Monash (C),0->4,25->29,45->49,MELB - Middle,Greater Melbourne,Weekday,14,14
Y24H5790227,2,Separate House,Fully Owned,0,1,September,Saturday,Monash (C),55->59,70->74,85->89,MELB - Middle,Greater Melbourne,Weekend,10,10
Y24H5790230,4,Separate House,Being Purchased,Missing/Refused,2,August,Tuesday,Monash (C),15->19,30->34,50->54,MELB - Middle,Greater Melbourne,Weekday,13,13
Y24H5790232,1,"Unit, Flat or Apartment",Fully Owned,0,1,August,Thursday,Monash (C),75->79,75->79,75->79,MELB - Middle,Greater Melbourne,Weekday,9,9
Y24H5790237,4,Separate House,Fully Owned,4,2,August,Tuesday,Monash (C),10->14,30->34,50->54,MELB - Middle,Greater Melbourne,Weekday,13,13
Y24H5790238,2,Separate House,Fully Owned,0,2,August,Wednesday,Monash (C),25->29,25->29,30->34,MELB - Middle,Greater Melbourne,Weekday,10,10
Y24H5790239,3,Separate House,Fully Owned,0,2,August,Thursday,Monash (C),25->29,45->49,55->59,MELB - Middle,Greater Melbourne,Weekday,13,13
Y24H5790240,7,Separate House,Fully Owned,4,1,September,Friday,Monash (C),10->14,25->29,50->54,MELB - Middle,Greater Melbourne,Weekday,16,16
Y24H5790241,1,"Unit, Flat or Apartment",Being Rented,0,0,September,Saturday,Monash (C),70->74,70->74,70->74,MELB - Middle,Greater Melbourne,Weekend,4,4
Y24H5790302,2,Separate House,Occupied Rent-Free,0,2,August,Tuesday,Bayside (C),45->49,50->54,50->54,MELB - Inner,Greater Melbourne,Weekday,13,13
Y24H5790303,1,Separate House,Fully Owned,0,1,August,Wednesday,Bayside (C),55->59,55->59,55->59,MELB - Inner,Greater Melbourne,Weekday,10,10
Y24H5790307,2,"Unit, Flat or Apartment",Being Purchased,0,1,September,Sunday,Bayside (C),60->64,65->69,75->79,MELB - Inner,Greater Melbourne,Weekend,2,2
Y24H5790311,1,"Unit, Flat or Apartment",Fully Owned,0,0,August,Thursday,Bayside (C),75->79,75->79,75->79,MELB - Inner,Greater Melbourne,Weekday,2,2
Y24H5790313,1,"Unit, Flat or Apartment",Fully Owned,1,1,September,Saturday,Bayside (C),65->69,65->69,65->69,MELB - Inner,Greater Melbourne,Weekend,6,6
Y24H5790314,2,Terrace or Townhouse,Being Purchased,0,1,September,Sunday,Bayside (C),70->74,70->74,75->79,MELB - Inner,Greater Melbourne,Weekend,6,6
Y24H5790316,5,Separate House,Fully Owned,4,3,August,Tuesday,Bayside (C),15->19,30->34,50->54,MELB - Inner,Greater Melbourne,Weekday,18,18
Y24H5790319,1,Separate House,Fully Owned,2,1,September,Friday,Bayside (C),55->59,55->59,55->59,MELB - Inner,Greater Melbourne,Weekday,14,14
Y24H5790321,2,Separate House,Fully Owned,Missing/Refused,2,September,Sunday,Bayside (C),60->64,60->64,60->64,MELB - Inner,Greater Melbourne,Weekend,18,18
Y24H5790322,2,"Unit, Flat or Apartment",Fully Owned,0,1,August,Monday,Bayside (C),65->69,70->74,70->74,MELB - Inner,Greater Melbourne,Weekday,6,6
Y24H5790324,1,"Unit, Flat or Apartment",Being Purchased,0,1,August,Wednesday,Bayside (C),65->69,65->69,65->69,MELB - Inner,Greater Melbourne,Weekday,14,14
Y24H5790326,1,"Unit, Flat or Apartment",Fully Owned,0,1,September,Friday,Bayside (C),65->69,65->69,65->69,MELB - Inner,Greater Melbourne,Weekday,6,6
Y24H5790327,2,Terrace or Townhouse,Fully Owned,3,2,September,Saturday,Bayside (C),65->69,65->69,70->74,MELB - Inner,Greater Melbourne,Weekend,18,18
Y24H5790332,1,"Unit, Flat or Apartment",Being Rented,1,1,August,Thursday,Bayside (C),40->44,40->44,40->44,MELB - Inner,Greater Melbourne,Weekday,14,14
Y24H5790339,1,"Unit, Flat or Apartment",Fully Owned,0,1,August,Thursday,Bayside (C),85->89,85->89,85->89,MELB - Inner,Greater Melbourne,Weekday,4,4
Y24H5790342,1,"Unit, Flat or Apartment",Being Rented,0,0,September,Sunday,Bayside (C),95->99,95->99,95->99,MELB - Inner,Greater Melbourne,Weekend,10,10
Y24H5790502,3,Separate House,Being Purchased,Missing/Refused,2,August,Tuesday,Brimbank (C),25->29,40->44,55->59,MELB - Outer,Greater Melbourne,Weekday,18,18
Y24H5790506,2,Separate House,Being Purchased,0,1,September,Saturday,Brimbank (C),70->74,70->74,70->74,MELB - Outer,Greater Melbourne,Weekend,3,3
Y24H5790508,3,Separate House,Being Purchased,1,2,August,Monday,Brimbank (C),0->4,30->34,45->49,MELB - Outer,Greater Melbourne,Weekday,12,12
Y24H5790512,4,Separate House,Fully Owned,0,4,September,Friday,Brimbank (C),15->19,35->39,50->54,MELB - Outer,Greater Melbourne,Weekday,17,17
Y24H5790513,4,Separate House,Fully Owned,5,4,September,Saturday,Brimbank (C),5->9,25->29,45->49,MELB - Outer,Greater Melbourne,Weekend,7,7
Y24H5790520,4,Separate House,Being Purchased,0,2,September,Saturday,Brimbank (C),30->34,45->49,60->64,MELB - Outer,Greater Melbourne,Weekend,10,10
Y24H5790523,1,Separate House,Fully Owned,0,0,August,Tuesday,Brimbank (C),85->89,85->89,85->89,MELB - Outer,Greater Melbourne,Weekday,4,4
Y24H5790530,3,Separate House,Being Purchased,0,2,August,Tuesday,Brimbank (C),20->24,55->59,75->79,MELB - Outer,Greater Melbourne,Weekday,12,12
Y24H5790531,4,Separate House,Fully Owned,6,2,August,Wednesday,Brimbank (C),25->29,45->49,60->64,MELB - Outer,Greater Melbourne,Weekday,8,8
Y24H5790533,1,Separate House,Being Rented,0,0,September,Friday,Brimbank (C),60->64,60->64,60->64,MELB - Outer,Greater Melbourne,Weekday,12,12
Y24H5790534,1,Separate House,Fully Owned,0,1,September,Saturday,Brimbank (C),70->74,70->74,70->74,MELB - Outer,Greater Melbourne,Weekend,3,3
Y24H5790536,2,Separate House,Fully Owned,0,2,August,Monday,Brimbank (C),60->64,60->64,60->64,MELB - Outer,Greater Melbourne,Weekday,8,8
Y24H5790537,2,Separate House,Fully Owned,0,1,August,Tuesday,Brimbank (C),75->79,80->84,80->84,MELB - Outer,Greater Melbourne,Weekday,9,9
Y24H5790538,1,Separate House,Fully Owned,0,1,August,Wednesday,Brimbank (C),65->69,65->69,65->69,MELB - Outer,Greater Melbourne,Weekday,3,3
Y24H5790541,1,Separate House,Fully Owned,0,1,September,Saturday,Brimbank (C),70->74,70->74,70->74,MELB - Outer,Greater Melbourne,Weekend,6,6
Y24H5790542,4,Separate House,Fully Owned,3,3,September,Sunday,Brimbank (C),40->44,60->64,75->79,MELB - Outer,Greater Melbourne,Weekend,10,10
Y24H5800202,4,Separate House,Being Purchased,2,2,September,Tuesday,Boroondara (C),20->24,35->39,50->54,MELB - Inner,Greater Melbourne,Weekday,14,14
Y24H5800205,2,Separate House,Fully Owned,2,0,September,Friday,Boroondara (C),70->74,70->74,75->79,MELB - Inner,Greater Melbourne,Weekday,7,7
Y24H5800207,4,Separate House,Fully Owned,4,2,September,Sunday,Boroondara (C),10->14,30->34,50->54,MELB - Inner,Greater Melbourne,Weekend,18,18
Y24H5800209,1,Separate House,Fully Owned,0,0,September,Tuesday,Boroondara (C),75->79,75->79,75->79,MELB - Inner,Greater Melbourne,Weekday,6,6
Y24H5800210,4,Separate House,Fully Owned,2,2,September,Wednesday,Boroondara (C),15->19,35->39,55->59,MELB - Inner,Greater Melbourne,Weekday,17,17
Y24H5800211,1,"Unit, Flat or Apartment",Fully Owned,0,1,September,Thursday,Boroondara (C),65->69,65->69,65->69,MELB - Inner,Greater Melbourne,Weekday,6,6
Y24H5800215,5,Separate House,Fully Owned,1,2,September,Monday,Boroondara (C),10->14,30->34,50->54,MELB - Inner,Greater Melbourne,Weekday,14,14
Y24H5800216,3,Separate House,Fully Owned,Missing/Refused,2,September,Tuesday,Boroondara (C),20->24,40->44,55->59,MELB - Inner,Greater Melbourne,Weekday,18,18
Y24H5800217,5,Separate House,Fully Owned,6,4,September,Wednesday,Boroondara (C),15->19,30->34,55->59,MELB - Inner,Greater Melbourne,Weekday,16,16
Y24H5800218,4,Separate House,Being Purchased,0,2,September,Thursday,Boroondara (C),15->19,35->39,55->59,MELB - Inner,Greater Melbourne,Weekday,8,8
Y24H5800219,5,Separate House,Fully Owned,3,1,September,Friday,Boroondara (C),5->9,20->24,45->49,MELB - Inner,Greater Melbourne,Weekday,11,11
Y24H5800224,3,"Unit, Flat or Apartment",Fully Owned,0,2,September,Wednesday,Whitehorse (C),35->39,65->69,80->84,MELB - Middle,Greater Melbourne,Weekday,11,11
Y24H5800231,5,Separate House,Being Purchased,3,3,September,Wednesday,Whitehorse (C),10->14,25->29,45->49,MELB - Middle,Greater Melbourne,Weekday,16,16
Y24H5800232,2,Terrace or Townhouse,Fully Owned,0,0,September,Thursday,Whitehorse (C),20->24,20->24,20->24,MELB - Middle,Greater Melbourne,Weekday,6,6
Y24H5800234,2,Separate House,Fully Owned,2,1,September,Saturday,Whitehorse (C),15->19,35->39,50->54,MELB - Middle,Greater Melbourne,Weekend,12,12
Y24H5800235,2,Separate House,Being Rented,0,0,September,Sunday,Whitehorse (C),20->24,20->24,25->29,MELB - Middle,Greater Melbourne,Weekend,9,9
Y24H5800237,4,Terrace or Townhouse,Being Purchased,0,4,September,Tuesday,Whitehorse (C),20->24,30->34,55->59,MELB - Middle,Greater Melbourne,Weekday,18,18
Y24H5800239,4,Terrace or Townhouse,Being Rented,3,1,September,Thursday,Whitehorse (C),10->14,25->29,45->49,MELB - Middle,Greater Melbourne,Weekday,4,4
Y24H5800242,1,Separate House,Being Purchased,0,1,September,Sunday,Whitehorse (C),60->64,60->64,60->64,MELB - Middle,Greater Melbourne,Weekend,5,5
Y24H5800308,2,"Unit, Flat or Apartment",Being Rented,0,0,September,Monday,Melbourne (C),30->34,45->49,60->64,MELB - Inner,Greater Melbourne,Weekday,3,3
Y24H5800322,1,"Unit, Flat or Apartment",Being Rented,0,0,September,Monday,Melbourne (C),25->29,25->29,25->29,MELB - Inner,Greater Melbourne,Weekday,12,12
Y24H5800327,3,"Unit, Flat or Apartment",Being Rented,0,0,September,Saturday,Melbourne (C),20->24,40->44,55->59,MELB - Inner,Greater Melbourne,Weekend,16,16
Y24H5800338,3,"Unit, Flat or Apartment",Being Rented,Missing/Refused,0,September,Wednesday,Melbourne (C),25->29,30->34,35->39,MELB - Inner,Greater Melbourne,Weekday,3,3
Y24H5800406,5,Separate House,Fully Owned,0,2,September,Saturday,Merri-bek (C),5->9,25->29,50->54,MELB - Middle,Greater Melbourne,Weekend,9,9
Y24H5800407,2,Separate House,Being Purchased,2,1,September,Sunday,Merri-bek (C),30->34,30->34,30->34,MELB - Middle,Greater Melbourne,Weekend,17,17
Y24H5800410,3,Separate House,Being Rented,0,3,September,Wednesday,Merri-bek (C),60->64,60->64,65->69,MELB - Middle,Greater Melbourne,Weekday,16,16
Y24H5800420,1,Separate House,Being Purchased,0,2,September,Saturday,Merri-bek (C),50->54,50->54,50->54,MELB - Middle,Greater Melbourne,Weekend,8,8
Y24H5800421,2,Separate House,Being Purchased,2,2,September,Sunday,Merri-bek (C),40->44,40->44,40->44,MELB - Middle,Greater Melbourne,Weekend,17,17
Y24H5800423,1,Separate House,Fully Owned,0,1,September,Tuesday,Merri-bek (C),80->84,80->84,80->84,MELB - Middle,Greater Melbourne,Weekday,4,4
Y24H5800436,2,Separate House,Being Rented,0,0,September,Monday,Merri-bek (C),25->29,25->29,30->34,MELB - Middle,Greater Melbourne,Weekday,11,11
Y24H5800438,2,Separate House,Fully Owned,0,1,September,Wednesday,Merri-bek (C),70->74,80->84,85->89,MELB - Middle,Greater Melbourne,Weekday,11,11
Y24H5800439,5,Separate House,Being Purchased,0,3,September,Thursday,Merri-bek (C),10->14,25->29,45->49,MELB - Middle,Greater Melbourne,Weekday,18,18
Y24H5800442,2,Separate House,Being Purchased,Missing/Refused,2,September,Sunday,Merri-bek (C),30->34,35->39,40->44,MELB - Middle,Greater Melbourne,Weekend,7,7
Y24H5800502,3,Separate House,Fully Owned,Missing/Refused,0,September,Tuesday,Hobsons Bay (C),45->49,50->54,55->59,MELB - Outer,Greater Melbourne,Weekday,15,15
Y24H5800529,2,Separate House,Being Purchased,6,2,September,Monday,Hobsons Bay (C),40->44,45->49,45->49,MELB - Outer,Greater Melbourne,Weekday,18,18
Y24H5800534,4,Separate House,Being Purchased,6,2,September,Saturday,Hobsons Bay (C),0->4,20->24,40->44,MELB - Outer,Greater Melbourne,Weekend,16,16
Y24H5800540,5,Separate House,Being Rented,1,2,September,Friday,Hobsons Bay (C),5->9,15->19,40->44,MELB - Outer,Greater Melbourne,Weekday,2,2
Y24H5800542,2,Separate House,Fully Owned,0,1,September,Sunday,Hobsons Bay (C),85->89,85->89,85->89,MELB - Outer,Greater Melbourne,Weekend,4,4
Y24H5810101,5,Separate House,Being Purchased,3,4,September,Monday,Casey (C),15->19,30->34,50->54,MELB - Outer,Greater Melbourne,Weekday,15,15
Y24H5810102,5,Separate House,Fully Owned,3,2,September,Tuesday,Casey (C),15->19,30->34,55->59,MELB - Outer,Greater Melbourne,Weekday,11,11
Y24H5810105,5,Separate House,Being Purchased,0,3,September,Friday,Casey (C),10->14,40->44,70->74,MELB - Outer,Greater Melbourne,Weekday,19,19
Y24H5810106,2,Separate House,Fully Owned,0,1,September,Saturday,Casey (C),65->69,65->69,65->69,MELB - Outer,Greater Melbourne,Weekend,12,12
Y24H5810108,2,Separate House,Being Rented,Missing/Refused,1,September,Monday,Casey (C),45->49,50->54,55->59,MELB - Outer,Greater Melbourne,Weekday,10,10
Y24H5810115,5,Separate House,Fully Owned,1,2,September,Monday,Casey (C),10->14,40->44,75->79,MELB - Outer,Greater Melbourne,Weekday,17,17
Y24H5810123,4,Separate House,Being Purchased,4,3,September,Tuesday,Casey (C),0->4,25->29,45->49,MELB - Outer,Greater Melbourne,Weekday,13,13
Y24H5810126,4,Separate House,Being Purchased,3,2,September,Friday,Casey (C),10->14,25->29,40->44,MELB - Outer,Greater Melbourne,Weekday,14,14
Y24H5810129,4,Separate House,Being Purchased,3,1,September,Monday,Casey (C),5->9,25->29,55->59,MELB - Outer,Greater Melbourne,Weekday,12,12
Y24H5810136,1,Separate House,Fully Owned,0,1,September,Monday,Casey (C),70->74,70->74,70->74,MELB - Outer,Greater Melbourne,Weekday,4,4
Y24H5810140,5,Separate House,Being Purchased,2,3,September,Friday,Casey (C),5->9,30->34,65->69,MELB - Outer,Greater Melbourne,Weekday,13,13
Y24H5810141,1,Separate House,Being Purchased,0,1,September,Saturday,Casey (C),45->49,45->49,45->49,MELB - Outer,Greater Melbourne,Weekend,9,9
Y24H5810202,1,Separate House,Being Rented,0,1,September,Tuesday,Knox (C),65->69,65->69,65->69,MELB - Middle,Greater Melbourne,Weekday,3,3
Y24H5810203,2,Separate House,Fully Owned,0,2,September,Wednesday,Knox (C),70->74,75->79,80->84,MELB - Middle,Greater Melbourne,Weekday,10,10
Y24H5810205,5,Separate House,Being Purchased,2,3,September,Friday,Knox (C),10->14,35->39,55->59,MELB - Middle,Greater Melbourne,Weekday,13,13
Y24H5810206,5,Separate House,Being Purchased,4,4,September,Saturday,Knox (C),15->19,25->29,45->49,MELB - Middle,Greater Melbourne,Weekend,17,17
Y24H5810209,5,Separate House,Fully Owned,2,3,September,Tuesday,Knox (C),10->14,30->34,45->49,MELB - Middle,Greater Melbourne,Weekday,13,13
Y24H5810215,4,Terrace or Townhouse,Being Purchased,4,4,September,Monday,Knox (C),10->14,30->34,50->54,MELB - Middle,Greater Melbourne,Weekday,4,4
Y24H5810218,3,Separate House,Being Rented,0,3,September,Thursday,Knox (C),15->19,35->39,50->54,MELB - Middle,Greater Melbourne,Weekday,18,18
Y24H5810226,1,Separate House,Fully Owned,0,1,September,Friday,Maroondah (C),80->84,80->84,80->84,MELB - Middle,Greater Melbourne,Weekday,4,4
Y24H5810228,6,Separate House,Fully Owned,2,2,September,Sunday,Maroondah (C),0->4,35->39,65->69,MELB - Middle,Greater Melbourne,Weekend,11,11
Y24H5810229,5,Separate House,Fully Owned,1,5,September,Monday,Maroondah (C),15->19,30->34,50->54,MELB - Middle,Greater Melbourne,Weekday,12,12
Y24H5810231,4,Separate House,Being Purchased,2,4,September,Wednesday,Maroondah (C),15->19,35->39,55->59,MELB - Middle,Greater Melbourne,Weekday,13,13
Y24H5810232,2,Separate House,Fully Owned,0,1,September,Thursday,Maroondah (C),75->79,75->79,75->79,MELB - Middle,Greater Melbourne,Weekday,10,10
Y24H5810233,3,Separate House,Being Purchased,2,2,September,Friday,Maroondah (C),0->4,20->24,35->39,MELB - Middle,Greater Melbourne,Weekday,18,18
Y24H5810235,4,Separate House,Fully Owned,3,1,September,Sunday,Maroondah (C),5->9,30->34,45->49,MELB - Middle,Greater Melbourne,Weekend,12,12
Y24H5810236,5,Separate House,Fully Owned,Missing/Refused,4,September,Monday,Maroondah (C),15->19,35->39,55->59,MELB - Middle,Greater Melbourne,Weekday,17,17
Y24H5810237,1,Separate House,Fully Owned,Missing/Refused,1,September,Tuesday,Maroondah (C),80->84,80->84,80->84,MELB - Middle,Greater Melbourne,Weekday,12,12
Y24H5810241,4,Separate House,Being Purchased,3,2,September,Saturday,Maroondah (C),5->9,25->29,40->44,MELB - Middle,Greater Melbourne,Weekend,8,8
Y24H5810401,1,"Unit, Flat or Apartment",Being Purchased,0,1,September,Monday,Merri-bek (C),35->39,35->39,35->39,MELB - Inner,Greater Melbourne,Weekday,12,12
Y24H5810407,1,"Unit, Flat or Apartment",Fully Owned,0,1,September,Sunday,Merri-bek (C),50->54,50->54,50->54,MELB - Inner,Greater Melbourne,Weekend,14,14
Y24H5810409,1,"Unit, Flat or Apartment",Being Rented,1,1,September,Tuesday,Merri-bek (C),65->69,65->69,65->69,MELB - Inner,Greater Melbourne,Weekday,6,6
Y24H5810415,1,"Unit, Flat or Apartment",Fully Owned,0,1,September,Monday,Merri-bek (C),50->54,50->54,50->54,MELB - Inner,Greater Melbourne,Weekday,2,2
Y24H5810416,3,"Unit, Flat or Apartment",Being Rented,0,0,September,Tuesday,Merri-bek (C),15->19,25->29,30->34,MELB - Inner,Greater Melbourne,Weekday,5,5
Y24H5810418,1,"Unit, Flat or Apartment",Being Rented,0,1,September,Thursday,Merri-bek (C),30->34,30->34,30->34,MELB - Inner,Greater Melbourne,Weekday,12,12
Y24H5810421,1,"Unit, Flat or Apartment",Being Rented,Missing/Refused,0,September,Sunday,Merri-bek (C),50->54,50->54,50->54,MELB - Inner,Greater Melbourne,Weekend,7,7
Y24H5810423,4,Separate House,Being Purchased,6,2,September,Tuesday,Merri-bek (C),0->4,20->24,40->44,MELB - Inner,Greater Melbourne,Weekday,18,18
Y24H5810425,1,Separate House,Fully Owned,0,1,September,Thursday,Merri-bek (C),80->84,80->84,80->84,MELB - Inner,Greater Melbourne,Weekday,3,3
Y24H5810427,1,"Unit, Flat or Apartment",Being Rented,0,0,September,Saturday,Merri-bek (C),55->59,55->59,55->59,MELB - Inner,Greater Melbourne,Weekend,4,4
Y24H5810431,3,Separate House,Being Rented,1,1,September,Wednesday,Merri-bek (C),30->34,30->34,30->34,MELB - Inner,Greater Melbourne,Weekday,10,10
Y24H5810432,1,"Unit, Flat or Apartment",Being Rented,1,0,September,Thursday,Merri-bek (C),25->29,25->29,25->29,MELB - Inner,Greater Melbourne,Weekday,1,1
Y24H5810433,3,Separate House,Fully Owned,8,2,September,Friday,Merri-bek (C),20->24,50->54,65->69,MELB - Inner,Greater Melbourne,Weekday,17,17
Y24H5810435,2,"Unit, Flat or Apartment",Being Rented,1,1,September,Sunday,Merri-bek (C),20->24,25->29,25->29,MELB - Inner,Greater Melbourne,Weekend,9,9
Y24H5810438,3,Separate House,Fully Owned,9,2,September,Wednesday,Merri-bek (C),45->49,55->59,70->74,MELB - Inner,Greater Melbourne,Weekday,18,18
Y24H5810501,3,Separate House,Being Purchased,Missing/Refused,3,September,Monday,Melton (S),20->24,45->49,55->59,MELB - Outer,Greater Melbourne,Weekday,7,7
Y24H5810506,2,Separate House,Fully Owned,0,2,September,Saturday,Melton (S),70->74,70->74,75->79,MELB - Outer,Greater Melbourne,Weekend,3,3
Y24H5810508,3,Separate House,Being Purchased,3,2,September,Monday,Melton (S),15->19,35->39,55->59,MELB - Outer,Greater Melbourne,Weekday,17,17
Y24H5810509,1,Separate House,Being Purchased,0,1,September,Tuesday,Melton (S),50->54,50->54,50->54,MELB - Outer,Greater Melbourne,Weekday,13,13
Y24H5810511,1,Separate House,Being Rented,1,2,September,Thursday,Melton (S),55->59,55->59,55->59,MELB - Outer,Greater Melbourne,Weekday,2,2
Y24H5810514,2,Separate House,Being Purchased,0,2,September,Sunday,Melton (S),75->79,75->79,80->84,MELB - Outer,Greater Melbourne,Weekend,5,5
Y24H5810522,2,Separate House,Being Rented,0,1,September,Monday,Melton (S),35->39,35->39,35->39,MELB - Outer,Greater Melbourne,Weekday,2,2
Y24H5810524,3,Separate House,Being Rented,3,3,September,Wednesday,Melton (S),5->9,30->34,50->54,MELB - Outer,Greater Melbourne,Weekday,10,10
Y24H5810526,3,Separate House,Fully Owned,0,2,September,Friday,Melton (S),55->59,60->64,70->74,MELB - Outer,Greater Melbourne,Weekday,18,18
Y24H5810529,4,Separate House,Being Purchased,4,2,September,Monday,Melton (S),10->14,20->24,40->44,MELB - Outer,Greater Melbourne,Weekday,13,13
Y24H5810530,4,Separate House,Fully Owned,4,4,September,Tuesday,Melton (S),15->19,35->39,50->54,MELB - Outer,Greater Melbourne,Weekday,12,12
Y24H5810532,4,Separate House,Being Purchased,2,1,September,Thursday,Melton (S),0->4,15->19,30->34,MELB - Outer,Greater Melbourne,Weekday,9,9
Y24H5810534,2,Separate House,Fully Owned,0,1,September,Saturday,Melton (S),70->74,75->79,80->84,MELB - Outer,Greater Melbourne,Weekend,5,5
Y24H5810540,3,Separate House,Being Purchased,0,2,September,Friday,Melton (S),10->14,25->29,45->49,MELB - Outer,Greater Melbourne,Weekday,12,12
Y24H5820101,4,Separate House,Being Purchased,2,4,September,Monday,Casey (C),20->24,35->39,50->54,MELB - Outer,Greater Melbourne,Weekday,11,11
Y24H5820103,3,Separate House,Being Purchased,0,2,September,Wednesday,Casey (C),0->4,20->24,30->34,MELB - Outer,Greater Melbourne,Weekday,12,12
Y24H5820105,2,Separate House,Being Purchased,2,1,September,Friday,Casey (C),25->29,30->34,30->34,MELB - Outer,Greater Melbourne,Weekday,12,12
Y24H5820106,1,Separate House,Fully Owned,3,1,September,Saturday,Casey (C),70->74,70->74,70->74,MELB - Outer,Greater Melbourne,Weekend,4,4
Y24H5820108,4,Separate House,Fully Owned,0,4,September,Monday,Casey (C),15->19,35->39,60->64,MELB - Outer,Greater Melbourne,Weekday,11,11
Y24H5820109,4,Separate House,Being Purchased,0,1,September,Tuesday,Casey (C),15->19,40->44,65->69,MELB - Outer,Greater Melbourne,Weekday,8,8
Y24H5820111,3,Separate House,Being Purchased,0,2,September,Thursday,Casey (C),35->39,40->44,55->59,MELB - Outer,Greater Melbourne,Weekday,18,18
Y24H5820112,4,Separate House,Fully Owned,5,2,September,Friday,Casey (C),15->19,30->34,50->54,MELB - Outer,Greater Melbourne,Weekday,13,13
Y24H5820114,5,Separate House,Being Rented,1,4,September,Sunday,Casey (C),25->29,40->44,60->64,MELB - Outer,Greater Melbourne,Weekend,19,19
Y24H5820117,2,Separate House,Being Purchased,Missing/Refused,1,September,Wednesday,Casey (C),30->34,50->54,70->74,MELB - Outer,Greater Melbourne,Weekday,11,11
Y24H5820121,4,Separate House,Being Rented,3,1,September,Sunday,Casey (C),10->14,25->29,40->44,MELB - Outer,Greater Melbourne,Weekend,12,12
Y24H5820128,5,Separate House,Being Rented,2,3,September,Sunday,Casey (C),25->29,35->39,65->69,MELB - Outer,Greater Melbourne,Weekend,13,13
Y24H5820129,3,Separate House,Being Rented,Missing/Refused,2,September,Monday,Casey (C),25->29,25->29,30->34,MELB - Outer,Greater Melbourne,Weekday,12,12
Y24H5820131,5,Separate House,Being Purchased,0,3,September,Wednesday,Casey (C),25->29,45->49,70->74,MELB - Outer,Greater Melbourne,Weekday,10,10
Y24H5820136,4,Separate House,Being Purchased,3,2,September,Monday,Casey (C),5->9,20->24,40->44,MELB - Outer,Greater Melbourne,Weekday,15,15
Y24H5820138,3,Separate House,Being Purchased,0,2,September,Wednesday,Casey (C),10->14,30->34,45->49,MELB - Outer,Greater Melbourne,Weekday,9,9
Y24H5820139,2,Separate House,Being Purchased,0,2,September,Thursday,Casey (C),55->59,70->74,80->84,MELB - Outer,Greater Melbourne,Weekday,8,8
Y24H5820141,2,Separate House,Being Purchased,1,2,September,Saturday,Casey (C),40->44,40->44,40->44,MELB - Outer,Greater Melbourne,Weekend,17,17
Y24H5820142,2,Separate House,Fully Owned,4,2,September,Sunday,Casey (C),55->59,60->64,65->69,MELB - Outer,Greater Melbourne,Weekend,10,10
Y24H5820304,2,"Unit, Flat or Apartment",Being Rented,0,1,September,Thursday,Melbourne (C),20->24,25->29,35->39,MELB - Inner,Greater Melbourne,Weekday,11,11
Y24H5820308,6,"Unit, Flat or Apartment",Being Rented,0,1,September,Monday,Melbourne (C),5->9,20->24,55->59,MELB - Inner,Greater Melbourne,Weekday,12,12
Y24H5820316,2,"Unit, Flat or Apartment",Being Rented,2,1,September,Tuesday,Melbourne (C),30->34,30->34,30->34,MELB - Inner,Greater Melbourne,Weekday,13,13
Y24H5820320,2,"Unit, Flat or Apartment",Being Rented,0,1,September,Saturday,Melbourne (C),25->29,30->34,30->34,MELB - Inner,Greater Melbourne,Weekend,16,16
Y24H5820324,3,Terrace or Townhouse,Fully Owned,1,2,September,Wednesday,Melbourne (C),5->9,25->29,40->44,MELB - Inner,Greater Melbourne,Weekday,17,17
Y24H5820325,3,Terrace or Townhouse,Being Purchased,3,1,September,Thursday,Melbourne (C),5->9,20->24,50->54,MELB - Inner,Greater Melbourne,Weekday,14,14
Y24H5820326,4,Separate House,Fully Owned,4,2,September,Friday,Melbourne (C),5->9,25->29,45->49,MELB - Inner,Greater Melbourne,Weekday,12,12
Y24H5820327,1,"Unit, Flat or Apartment",Fully Owned,0,1,September,Saturday,Melbourne (C),60->64,60->64,60->64,MELB - Inner,Greater Melbourne,Weekend,6,6
Y24H5820328,3,Terrace or Townhouse,Fully Owned,2,2,September,Sunday,Melbourne (C),15->19,45->49,60->64,MELB - Inner,Greater Melbourne,Weekend,14,14
Y24H5820329,2,Terrace or Townhouse,Fully Owned,1,2,September,Monday,Melbourne (C),20->24,40->44,60->64,MELB - Inner,Greater Melbourne,Weekday,11,11
Y24H5820330,4,Terrace or Townhouse,Being Purchased,4,2,September,Tuesday,Melbourne (C),0->4,20->24,40->44,MELB - Inner,Greater Melbourne,Weekday,17,17
Y24H5820331,1,Terrace or Townhouse,Being Rented,0,1,September,Wednesday,Melbourne (C),35->39,35->39,35->39,MELB - Inner,Greater Melbourne,Weekday,14,14
Y24H5820334,3,Terrace or Townhouse,Being Purchased,3,1,September,Saturday,Melbourne (C),5->9,30->34,40->44,MELB - Inner,Greater Melbourne,Weekend,18,18
Y24H5820335,3,Terrace or Townhouse,Being Purchased,1,2,September,Sunday,Melbourne (C),0->4,25->29,40->44,MELB - Inner,Greater Melbourne,Weekend,18,18
Y24H5820336,1,Separate House,Being Rented,0,0,September,Monday,Melbourne (C),45->49,45->49,45->49,MELB - Inner,Greater Melbourne,Weekday,12,12
Y24H5820337,3,Terrace or Townhouse,Being Rented,0,3,September,Tuesday,Melbourne (C),20->24,20->24,20->24,MELB - Inner,Greater Melbourne,Weekday,15,15
Y24H5820339,2,Terrace or Townhouse,Being Rented,2,1,September,Thursday,Melbourne (C),10->14,30->34,55->59,MELB - Inner,Greater Melbourne,Weekday,9,9
Y24H5820342,1,Terrace or Townhouse,Being Purchased,0,1,September,Sunday,Melbourne (C),50->54,50->54,50->54,MELB - Inner,Greater Melbourne,Weekend,10,10
Y24H5820401,5,Separate House,Being Purchased,3,2,September,Monday,Whittlesea (C),0->4,15->19,25->29,MELB - Outer,Greater Melbourne,Weekday,12,12
Y24H5820408,4,Separate House,Fully Owned,1,1,September,Monday,Whittlesea (C),0->4,15->19,35->39,MELB - Outer,Greater Melbourne,Weekday,12,12
Y24H5820409,4,Separate House,Fully Owned,0,2,September,Tuesday,Whittlesea (C),5->9,20->24,35->39,MELB - Outer,Greater Melbourne,Weekday,14,14
Y24H5820411,4,Separate House,Being Purchased,0,3,September,Thursday,Whittlesea (C),15->19,35->39,60->64,MELB - Outer,Greater Melbourne,Weekday,14,14
Y24H5820416,2,Separate House,Being Purchased,0,4,September,Tuesday,Whittlesea (C),25->29,25->29,25->29,MELB - Outer,Greater Melbourne,Weekday,9,9
Y24H5820417,3,Separate House,Being Rented,0,2,September,Wednesday,Whittlesea (C),20->24,25->29,30->34,MELB - Outer,Greater Melbourne,Weekday,13,13
Y24H5820420,4,Separate House,Being Purchased,2,1,September,Saturday,Whittlesea (C),0->4,20->24,40->44,MELB - Outer,Greater Melbourne,Weekend,14,14
Y24H5820424,2,Separate House,Being Rented,0,2,September,Wednesday,Hume (C),25->29,25->29,25->29,MELB - Outer,Greater Melbourne,Weekday,11,11
Y24H5820425,3,Separate House,Being Purchased,3,2,September,Thursday,Hume (C),0->4,25->29,40->44,MELB - Outer,Greater Melbourne,Weekday,12,12
Y24H5820428,3,Separate House,Being Purchased,2,2,September,Sunday,Hume (C),0->4,15->19,30->34,MELB - Outer,Greater Melbourne,Weekend,10,10
Y24H5820437,4,Separate House,Being Purchased,0,2,September,Tuesday,Hume (C),15->19,30->34,45->49,MELB - Outer,Greater Melbourne,Weekday,15,15
Y24H5820439,2,Separate House,Being Rented,0,2,September,Thursday,Hume (C),30->34,30->34,30->34,MELB - Outer,Greater Melbourne,Weekday,12,12
Y24H5820440,4,Separate House,Being Purchased,4,2,September,Friday,Hume (C),5->9,20->24,30->34,MELB - Outer,Greater Melbourne,Weekday,14,14
Y24H5820441,6,Separate House,Being Purchased,5,2,September,Saturday,Hume (C),0->4,35->39,75->79,MELB - Outer,Greater Melbourne,Weekend,0,0
Y24H5820508,2,Separate House,Fully Owned,0,1,September,Monday,Wyndham (C),70->74,70->74,70->74,MELB - Outer,Greater Melbourne,Weekday,3,3
Y24H5820511,4,Separate House,Being Rented,5,2,September,Thursday,Wyndham (C),5->9,30->34,55->59,MELB - Outer,Greater Melbourne,Weekday,18,18
Y24H5820514,2,Separate House,Fully Owned,1,2,September,Sunday,Wyndham (C),60->64,65->69,70->74,MELB - Outer,Greater Melbourne,Weekend,11,11
Y24H5820519,3,Separate House,Fully Owned,0,3,September,Friday,Wyndham (C),25->29,40->44,60->64,MELB - Outer,Greater Melbourne,Weekday,1,1
Y24H5820521,3,Separate House,Fully Owned,1,2,September,Sunday,Wyndham (C),40->44,60->64,75->79,MELB - Outer,Greater Melbourne,Weekend,16,16
Y24H5820522,5,Separate House,Being Rented,2,1,September,Monday,Wyndham (C),0->4,15->19,40->44,MELB - Outer,Greater Melbourne,Weekday,12,12
Y24H5820523,4,Separate House,Being Purchased,0,0,September,Tuesday,Wyndham (C),5->9,35->39,65->69,MELB - Outer,Greater Melbourne,Weekday,9,9
Y24H5820524,4,Separate House,Being Purchased,Missing/Refused,2,September,Wednesday,Wyndham (C),5->9,25->29,40->44,MELB - Outer,Greater Melbourne,Weekday,11,11
Y24H5820525,6,Separate House,Being Rented,4,2,September,Thursday,Wyndham (C),15->19,30->34,55->59,MELB - Outer,Greater Melbourne,Weekday,18,18
Y24H5820526,4,Separate House,Being Purchased,4,3,September,Friday,Wyndham (C),10->14,30->34,50->54,MELB - Outer,Greater Melbourne,Weekday,18,18
Y24H5820527,4,Separate House,Being Purchased,4,2,September,Saturday,Wyndham (C),5->9,20->24,40->44,MELB - Outer,Greater Melbourne,Weekend,14,14
Y24H5820528,4,Separate House,Being Rented,3,2,September,Sunday,Wyndham (C),5->9,30->34,50->54,MELB - Outer,Greater Melbourne,Weekend,13,13
Y24H5820529,4,Separate House,Being Rented,2,2,September,Monday,Wyndham (C),5->9,20->24,35->39,MELB - Outer,Greater Melbourne,Weekday,17,17
Y24H5820531,3,Separate House,Being Purchased,0,4,September,Wednesday,Wyndham (C),20->24,40->44,55->59,MELB - Outer,Greater Melbourne,Weekday,10,10
Y24H5820532,4,Separate House,Being Purchased,0,2,September,Thursday,Wyndham (C),5->9,25->29,45->49,MELB - Outer,Greater Melbourne,Weekday,13,13
Y24H5820535,4,Separate House,Being Purchased,2,2,September,Sunday,Wyndham (C),15->19,30->34,50->54,MELB - Outer,Greater Melbourne,Weekend,17,17
Y24H5820537,3,Separate House,Being Purchased,Missing/Refused,1,September,Tuesday,Wyndham (C),10->14,30->34,40->44,MELB - Outer,Greater Melbourne,Weekday,14,14
Y24H5820538,3,Separate House,Fully Owned,1,2,September,Wednesday,Wyndham (C),5->9,30->34,40->44,MELB - Outer,Greater Melbourne,Weekday,13,13
Y24H5820540,3,Separate House,Being Purchased,1,1,September,Friday,Wyndham (C),5->9,25->29,35->39,MELB - Outer,Greater Melbourne,Weekday,9,9
Y24H5820542,3,Separate House,Being Purchased,3,2,September,Sunday,Wyndham (C),10->14,30->34,45->49,MELB - Outer,Greater Melbourne,Weekend,13,13
Y24H5830101,2,Separate House,Being Purchased,7,3,September,Monday,Kingston (C),55->59,60->64,65->69,MELB - Middle,Greater Melbourne,Weekday,18,18
Y24H5830102,5,Separate House,Being Rented,Missing/Refused,3,September,Tuesday,Kingston (C),10->14,25->29,45->49,MELB - Middle,Greater Melbourne,Weekday,14,14
Y24H5830104,2,Separate House,Being Purchased,0,2,September,Thursday,Kingston (C),55->59,55->59,60->64,MELB - Middle,Greater Melbourne,Weekday,12,12
Y24H5830108,3,Separate House,Fully Owned,5,2,September,Monday,Kingston (C),15->19,40->44,50->54,MELB - Middle,Greater Melbourne,Weekday,13,13
Y24H5830110,2,Separate House,Being Purchased,0,2,September,Wednesday,Kingston (C),55->59,60->64,60->64,MELB - Middle,Greater Melbourne,Weekday,12,12
Y24H5830113,4,Separate House,Fully Owned,0,2,September,Saturday,Kingston (C),0->4,15->19,35->39,MELB - Middle,Greater Melbourne,Weekend,10,10
Y24H5830115,5,Separate House,Being Purchased,4,4,September,Monday,Kingston (C),10->14,30->34,55->59,MELB - Middle,Greater Melbourne,Weekday,15,15
Y24H5830118,5,Separate House,Fully Owned,1,3,September,Thursday,Kingston (C),25->29,45->49,60->64,MELB - Middle,Greater Melbourne,Weekday,17,17
Y24H5830120,4,Separate House,Fully Owned,2,4,September,Saturday,Kingston (C),15->19,30->34,45->49,MELB - Middle,Greater Melbourne,Weekend,16,16
Y24H5830122,2,"Unit, Flat or Apartment",Fully Owned,Missing/Refused,1,September,Monday,Kingston (C),50->54,55->59,55->59,MELB - Middle,Greater Melbourne,Weekday,7,7
Y24H5830124,3,Separate House,Being Purchased,0,2,September,Wednesday,Kingston (C),15->19,40->44,55->59,MELB - Middle,Greater Melbourne,Weekday,12,12
Y24H5830127,2,Separate House,Being Purchased,Missing/Refused,1,September,Saturday,Kingston (C),60->64,60->64,60->64,MELB - Middle,Greater Melbourne,Weekend,10,10
Y24H5830128,3,Separate House,Fully Owned,1,1,October,Sunday,Kingston (C),0->4,20->24,35->39,MELB - Middle,Greater Melbourne,Weekend,11,11
Y24H5830129,4,Separate House,Fully Owned,1,2,September,Monday,Kingston (C),20->24,45->49,70->74,MELB - Middle,Greater Melbourne,Weekday,10,10
Y24H5830131,2,Separate House,Fully Owned,0,2,September,Wednesday,Kingston (C),20->24,50->54,75->79,MELB - Middle,Greater Melbourne,Weekday,4,4
Y24H5830132,1,Separate House,Fully Owned,0,1,September,Thursday,Kingston (C),60->64,60->64,60->64,MELB - Middle,Greater Melbourne,Weekday,8,8
Y24H5830134,1,Separate House,Fully Owned,0,0,September,Saturday,Kingston (C),80->84,80->84,80->84,MELB - Middle,Greater Melbourne,Weekend,0,0
Y24H5830135,4,Separate House,Fully Owned,2,2,October,Sunday,Kingston (C),5->9,25->29,45->49,MELB - Middle,Greater Melbourne,Weekend,17,17
Y24H5830141,2,"Unit, Flat or Apartment",Being Rented,2,2,September,Saturday,Kingston (C),20->24,20->24,20->24,MELB - Middle,Greater Melbourne,Weekend,8,8
Y24H5830142,2,Separate House,Being Purchased,2,2,October,Sunday,Kingston (C),25->29,30->34,30->34,MELB - Middle,Greater Melbourne,Weekend,15,15
Y24H5830201,2,"Unit, Flat or Apartment",Occupied Rent-Free,0,1,September,Monday,Knox (C),30->34,30->34,35->39,MELB - Middle,Greater Melbourne,Weekday,0,0
Y24H5830202,2,"Unit, Flat or Apartment",Being Rented,Missing/Refused,3,September,Tuesday,Knox (C),35->39,35->39,35->39,MELB - Middle,Greater Melbourne,Weekday,14,14
Y24H5830203,2,Separate House,Fully Owned,0,1,September,Wednesday,Knox (C),55->59,65->69,80->84,MELB - Middle,Greater Melbourne,Weekday,10,10
Y24H5830204,2,Other,Being Rented,0,1,September,Thursday,Knox (C),40->44,45->49,45->49,MELB - Middle,Greater Melbourne,Weekday,6,6
Y24H5830207,3,Separate House,Being Purchased,0,2,October,Sunday,Knox (C),15->19,40->44,55->59,MELB - Middle,Greater Melbourne,Weekend,10,10
Y24H5830209,1,"Unit, Flat or Apartment",Fully Owned,0,1,September,Tuesday,Knox (C),70->74,70->74,70->74,MELB - Middle,Greater Melbourne,Weekday,5,5
Y24H5830210,1,"Unit, Flat or Apartment",Fully Owned,0,1,September,Wednesday,Knox (C),70->74,70->74,70->74,MELB - Middle,Greater Melbourne,Weekday,8,8
Y24H5830212,1,"Unit, Flat or Apartment",Fully Owned,0,0,September,Friday,Knox (C),90->94,90->94,90->94,MELB - Middle,Greater Melbourne,Weekday,3,3
Y24H5830213,4,"Unit, Flat or Apartment",Being Rented,4,1,September,Saturday,Knox (C),0->4,15->19,55->59,MELB - Middle,Greater Melbourne,Weekend,9,9
Y24H5830215,3,"Unit, Flat or Apartment",Being Purchased,2,2,September,Monday,Knox (C),10->14,30->34,40->44,MELB - Middle,Greater Melbourne,Weekday,14,14
Y24H5830216,1,"Unit, Flat or Apartment",Being Rented,0,1,September,Tuesday,Knox (C),40->44,40->44,40->44,MELB - Middle,Greater Melbourne,Weekday,7,7
Y24H5830217,3,Separate House,Fully Owned,2,2,September,Wednesday,Knox (C),0->4,25->29,35->39,MELB - Middle,Greater Melbourne,Weekday,13,13
Y24H5830218,3,Separate House,Fully Owned,0,2,September,Thursday,Knox (C),30->34,55->59,70->74,MELB - Middle,Greater Melbourne,Weekday,6,6
Y24H5830219,4,Separate House,Fully Owned,0,2,September,Friday,Knox (C),10->14,30->34,55->59,MELB - Middle,Greater Melbourne,Weekday,15,15
Y24H5830222,3,Separate House,Being Purchased,1,2,September,Monday,Knox (C),5->9,25->29,35->39,MELB - Middle,Greater Melbourne,Weekday,16,16
Y24H5830224,2,Separate House,Fully Owned,0,2,September,Wednesday,Knox (C),75->79,75->79,75->79,MELB - Middle,Greater Melbourne,Weekday,9,9
Y24H5830225,2,Separate House,Being Purchased,2,2,September,Thursday,Knox (C),60->64,60->64,60->64,MELB - Middle,Greater Melbourne,Weekday,14,14
Y24H5830226,2,Separate House,Fully Owned,0,2,September,Friday,Knox (C),60->64,60->64,65->69,MELB - Middle,Greater Melbourne,Weekday,11,11
Y24H5830235,2,Separate House,Being Purchased,0,2,October,Sunday,Knox (C),60->64,60->64,60->64,MELB - Middle,Greater Melbourne,Weekend,13,13
Y24H5830238,4,Separate House,Fully Owned,6,3,September,Wednesday,Knox (C),10->14,25->29,55->59,MELB - Middle,Greater Melbourne,Weekday,4,4
Y24H5830240,5,Separate House,Fully Owned,2,2,September,Friday,Knox (C),0->4,25->29,50->54,MELB - Middle,Greater Melbourne,Weekday,13,13
Y24H5830313,1,"Unit, Flat or Apartment",Being Purchased,0,0,September,Saturday,Port Phillip (C),50->54,50->54,50->54,MELB - Inner,Greater Melbourne,Weekend,14,14
Y24H5830314,2,"Unit, Flat or Apartment",Fully Owned,2,1,October,Sunday,Port Phillip (C),70->74,70->74,70->74,MELB - Inner,Greater Melbourne,Weekend,7,7
Y24H5830322,2,"Unit, Flat or Apartment",Being Purchased,0,1,September,Monday,Stonnington (C),30->34,30->34,30->34,MELB - Inner,Greater Melbourne,Weekday,15,15
Y24H5830328,1,"Unit, Flat or Apartment",Being Purchased,1,1,October,Sunday,Stonnington (C),40->44,40->44,40->44,MELB - Inner,Greater Melbourne,Weekend,10,10
Y24H5830502,1,Separate House,Being Rented,0,1,September,Tuesday,Brimbank (C),60->64,60->64,60->64,MELB - Middle,Greater Melbourne,Weekday,9,9
Y24H5830505,1,Separate House,Being Purchased,0,1,September,Friday,Brimbank (C),40->44,40->44,40->44,MELB - Middle,Greater Melbourne,Weekday,12,12
Y24H5830508,4,Separate House,Fully Owned,2,3,September,Monday,Brimbank (C),5->9,25->29,40->44,MELB - Middle,Greater Melbourne,Weekday,12,12
Y24H5830513,2,Terrace or Townhouse,Fully Owned,0,2,September,Saturday,Brimbank (C),20->24,25->29,25->29,MELB - Middle,Greater Melbourne,Weekend,13,13
Y24H5830516,1,Separate House,Fully Owned,0,1,September,Tuesday,Brimbank (C),60->64,60->64,60->64,MELB - Middle,Greater Melbourne,Weekday,12,12
Y24H5830525,1,Separate House,Fully Owned,1,1,September,Thursday,Hobsons Bay (C),80->84,80->84,80->84,MELB - Middle,Greater Melbourne,Weekday,6,6
Y24H5830528,2,Separate House,Fully Owned,1,1,October,Sunday,Hobsons Bay (C),75->79,75->79,80->84,MELB - Middle,Greater Melbourne,Weekend,5,5
Y24H5830539,1,Terrace or Townhouse,Being Rented,0,1,September,Thursday,Hobsons Bay (C),40->44,40->44,40->44,MELB - Middle,Greater Melbourne,Weekday,12,12
Y24H5830540,1,Terrace or Townhouse,Being Rented,1,1,September,Friday,Hobsons Bay (C),40->44,40->44,40->44,MELB - Middle,Greater Melbourne,Weekday,13,13
Y24H5830542,4,Separate House,Being Purchased,4,3,October,Sunday,Hobsons Bay (C),5->9,25->29,40->44,MELB - Middle,Greater Melbourne,Weekend,13,13
Y24H5840209,1,Separate House,Fully Owned,1,1,October,Tuesday,Whitehorse (C),75->79,75->79,75->79,MELB - Middle,Greater Melbourne,Weekday,6,6
Y24H5840211,2,Terrace or Townhouse,Being Purchased,2,1,October,Thursday,Whitehorse (C),15->19,40->44,60->64,MELB - Middle,Greater Melbourne,Weekday,12,12
Y24H5840214,2,Separate House,Fully Owned,0,1,October,Sunday,Whitehorse (C),85->89,85->89,85->89,MELB - Middle,Greater Melbourne,Weekend,10,10
Y24H5840218,1,"Unit, Flat or Apartment",Fully Owned,0,1,October,Thursday,Whitehorse (C),70->74,70->74,70->74,MELB - Middle,Greater Melbourne,Weekday,5,5
Y24H5840220,4,Separate House,Fully Owned,Missing/Refused,2,October,Saturday,Whitehorse (C),20->24,40->44,55->59,MELB - Middle,Greater Melbourne,Weekend,9,9
Y24H5840222,2,"Unit, Flat or Apartment",Being Rented,0,3,October,Monday,Manningham (C),25->29,25->29,25->29,MELB - Middle,Greater Melbourne,Weekday,7,7
Y24H5840227,3,"Unit, Flat or Apartment",Being Rented,1,1,October,Saturday,Manningham (C),5->9,25->29,35->39,MELB - Middle,Greater Melbourne,Weekend,6,6
Y24H5840229,1,"Unit, Flat or Apartment",Being Rented,0,1,October,Monday,Manningham (C),25->29,25->29,25->29,MELB - Middle,Greater Melbourne,Weekday,5,5
Y24H5840230,2,"Unit, Flat or Apartment",Fully Owned,0,1,October,Tuesday,Manningham (C),80->84,80->84,80->84,MELB - Middle,Greater Melbourne,Weekday,5,5
Y24H5840231,1,"Unit, Flat or Apartment",Being Purchased,0,0,October,Wednesday,Manningham (C),20->24,20->24,20->24,MELB - Middle,Greater Melbourne,Weekday,6,6
Y24H5840241,1,"Unit, Flat or Apartment",Being Purchased,1,0,October,Saturday,Manningham (C),45->49,45->49,45->49,MELB - Middle,Greater Melbourne,Weekend,9,9
Y24H5840301,4,Terrace or Townhouse,Fully Owned,1,2,October,Monday,Glen Eira (C),0->4,20->24,35->39,MELB - Inner,Greater Melbourne,Weekday,17,17
Y24H5840302,2,Terrace or Townhouse,Being Purchased,0,1,October,Tuesday,Glen Eira (C),15->19,35->39,55->59,MELB - Inner,Greater Melbourne,Weekday,12,12
Y24H5840305,1,"Unit, Flat or Apartment",Fully Owned,0,1,October,Friday,Glen Eira (C),60->64,60->64,60->64,MELB - Inner,Greater Melbourne,Weekday,8,8
Y24H5840309,1,"Unit, Flat or Apartment",Being Purchased,1,1,October,Tuesday,Glen Eira (C),35->39,35->39,35->39,MELB - Inner,Greater Melbourne,Weekday,12,12
Y24H5840315,2,"Unit, Flat or Apartment",Being Rented,2,2,October,Monday,Glen Eira (C),15->19,35->39,55->59,MELB - Inner,Greater Melbourne,Weekday,14,14
Y24H5840316,3,Terrace or Townhouse,Being Purchased,2,1,October,Tuesday,Glen Eira (C),0->4,20->24,30->34,MELB - Inner,Greater Melbourne,Weekday,15,15
Y24H5840319,4,Separate House,Being Purchased,4,2,October,Friday,Glen Eira (C),5->9,25->29,45->49,MELB - Inner,Greater Melbourne,Weekday,14,14
Y24H5840321,1,"Unit, Flat or Apartment",Fully Owned,0,1,October,Sunday,Glen Eira (C),25->29,25->29,25->29,MELB - Inner,Greater Melbourne,Weekend,8,8
Y24H5840322,3,"Unit, Flat or Apartment",Fully Owned,0,1,October,Monday,Glen Eira (C),0->4,20->24,35->39,MELB - Inner,Greater Melbourne,Weekday,15,15
Y24H5840325,1,"Unit, Flat or Apartment",Being Rented,Missing/Refused,0,October,Thursday,Glen Eira (C),30->34,30->34,30->34,MELB - Inner,Greater Melbourne,Weekday,12,12
Y24H5840328,2,"Unit, Flat or Apartment",Being Purchased,2,1,October,Sunday,Glen Eira (C),30->34,30->34,30->34,MELB - Inner,Greater Melbourne,Weekend,17,17
Y24H5840331,1,"Unit, Flat or Apartment",Fully Owned,0,1,October,Wednesday,Glen Eira (C),75->79,75->79,75->79,MELB - Inner,Greater Melbourne,Weekday,2,2
Y24H5840333,2,Separate House,Being Purchased,3,2,October,Friday,Glen Eira (C),5->9,35->39,65->69,MELB - Inner,Greater Melbourne,Weekday,9,9
Y24H5840334,2,"Unit, Flat or Apartment",Being Purchased,0,2,October,Saturday,Glen Eira (C),35->39,35->39,35->39,MELB - Inner,Greater Melbourne,Weekend,14,14
Y24H5840335,2,"Unit, Flat or Apartment",Being Rented,1,1,October,Sunday,Glen Eira (C),25->29,25->29,25->29,MELB - Inner,Greater Melbourne,Weekend,8,8
Y24H5840340,2,Separate House,Fully Owned,Missing/Refused,1,October,Friday,Glen Eira (C),70->74,70->74,70->74,MELB - Inner,Greater Melbourne,Weekday,11,11
Y24H5840341,1,"Unit, Flat or Apartment",Being Rented,0,1,October,Saturday,Glen Eira (C),25->29,25->29,25->29,MELB - Inner,Greater Melbourne,Weekend,8,8
Y24H5840402,3,Separate House,Fully Owned,4,2,October,Tuesday,Hume (C),10->14,25->29,35->39,MELB - Outer,Greater Melbourne,Weekday,14,14
Y24H5840412,4,Separate House,Being Rented,1,2,October,Friday,Hume (C),0->4,20->24,35->39,MELB - Outer,Greater Melbourne,Weekday,13,13
Y24H5840422,3,Separate House,Being Rented,0,2,October,Monday,Hume (C),30->34,30->34,35->39,MELB - Outer,Greater Melbourne,Weekday,18,18
Y24H5840425,1,Separate House,Being Purchased,0,1,October,Thursday,Hume (C),25->29,25->29,25->29,MELB - Outer,Greater Melbourne,Weekday,9,9
Y24H5840429,2,Separate House,Being Purchased,0,1,October,Monday,Hume (C),30->34,40->44,55->59,MELB - Outer,Greater Melbourne,Weekday,5,5
Y24H5840431,3,Separate House,Being Purchased,1,2,October,Wednesday,Hume (C),5->9,25->29,35->39,MELB - Outer,Greater Melbourne,Weekday,11,11
Y24H5840501,3,Separate House,Being Purchased,2,2,October,Monday,Melton (S),5->9,30->34,45->49,MELB - Outer,Greater Melbourne,Weekday,19,19
Y24H5840503,5,Separate House,Being Purchased,2,3,October,Wednesday,Melton (S),0->4,15->19,35->39,MELB - Outer,Greater Melbourne,Weekday,12,12
Y24H5840504,5,Separate House,Fully Owned,2,1,October,Thursday,Melton (S),5->9,25->29,45->49,MELB - Outer,Greater Melbourne,Weekday,14,14
Y24H5840509,1,Separate House,Being Purchased,0,1,October,Tuesday,Melton (S),60->64,60->64,60->64,MELB - Outer,Greater Melbourne,Weekday,13,13
Y24H5840512,4,Separate House,Being Purchased,0,3,October,Friday,Melton (S),35->39,50->54,65->69,MELB - Outer,Greater Melbourne,Weekday,19,19
Y24H5840516,2,Separate House,Fully Owned,0,2,October,Tuesday,Melton (S),55->59,55->59,55->59,MELB - Outer,Greater Melbourne,Weekday,12,12
Y24H5840517,5,Separate House,Being Purchased,5,2,October,Wednesday,Melton (S),5->9,20->24,40->44,MELB - Outer,Greater Melbourne,Weekday,12,12
Y24H5840518,1,Terrace or Townhouse,Being Rented,0,1,October,Thursday,Melton (S),50->54,50->54,50->54,MELB - Outer,Greater Melbourne,Weekday,12,12
Y24H5840520,1,Separate House,Being Purchased,1,2,October,Saturday,Melton (S),35->39,35->39,35->39,MELB - Outer,Greater Melbourne,Weekend,9,9
Y24H5840528,1,Separate House,Being Purchased,0,1,October,Sunday,Melton (S),30->34,30->34,30->34,MELB - Outer,Greater Melbourne,Weekend,12,12
Y24H5840532,3,Separate House,Being Purchased,1,1,October,Thursday,Melton (S),5->9,30->34,40->44,MELB - Outer,Greater Melbourne,Weekday,13,13
Y24H5840535,1,Separate House,Fully Owned,0,1,October,Sunday,Melton (S),75->79,75->79,75->79,MELB - Outer,Greater Melbourne,Weekend,3,3
Y24H5840537,1,Separate House,Being Purchased,Missing/Refused,1,October,Tuesday,Melton (S),40->44,40->44,40->44,MELB - Outer,Greater Melbourne,Weekday,10,10
Y24H5840538,4,Separate House,Fully Owned,0,2,October,Wednesday,Melton (S),0->4,25->29,55->59,MELB - Outer,Greater Melbourne,Weekday,10,10
Y24H5840539,4,Separate House,Being Purchased,2,1,October,Thursday,Melton (S),0->4,20->24,35->39,MELB - Outer,Greater Melbourne,Weekday,5,5
Y24H5850202,4,Terrace or Townhouse,Being Purchased,1,1,October,Tuesday,Knox (C),5->9,25->29,40->44,MELB - Outer,Greater Melbourne,Weekday,18,18
Y24H5850203,1,Separate House,Fully Owned,0,0,October,Wednesday,Knox (C),65->69,65->69,65->69,MELB - Outer,Greater Melbourne,Weekday,4,4
Y24H5850205,2,Separate House,Being Purchased,2,2,October,Friday,Knox (C),55->59,55->59,55->59,MELB - Outer,Greater Melbourne,Weekday,11,11
Y24H5850206,1,Separate House,Fully Owned,3,1,October,Saturday,Knox (C),65->69,65->69,65->69,MELB - Outer,Greater Melbourne,Weekend,4,4
Y24H5850208,5,Terrace or Townhouse,Fully Owned,2,2,October,Monday,Knox (C),5->9,40->44,70->74,MELB - Outer,Greater Melbourne,Weekday,6,6
Y24H5850211,1,Separate House,Fully Owned,0,3,October,Thursday,Knox (C),70->74,70->74,70->74,MELB - Outer,Greater Melbourne,Weekday,1,1
Y24H5850212,3,"Unit, Flat or Apartment",Fully Owned,0,3,October,Friday,Knox (C),20->24,35->39,55->59,MELB - Outer,Greater Melbourne,Weekday,17,17
Y24H5850219,4,"Unit, Flat or Apartment",Being Rented,Missing/Refused,2,October,Friday,Knox (C),20->24,40->44,60->64,MELB - Outer,Greater Melbourne,Weekday,18,18
Y24H5850220,2,Terrace or Townhouse,Being Purchased,1,4,October,Saturday,Knox (C),55->59,55->59,55->59,MELB - Outer,Greater Melbourne,Weekend,13,13
Y24H5850224,3,Terrace or Townhouse,Being Rented,1,2,October,Wednesday,Knox (C),15->19,35->39,50->54,MELB - Outer,Greater Melbourne,Weekday,9,9
Y24H5850228,2,Terrace or Townhouse,Being Purchased,1,2,October,Sunday,Knox (C),30->34,30->34,30->34,MELB - Outer,Greater Melbourne,Weekend,15,15
Y24H5850231,3,Terrace or Townhouse,Being Rented,1,1,October,Wednesday,Knox (C),10->14,25->29,45->49,MELB - Outer,Greater Melbourne,Weekday,8,8
Y24H5850234,1,Terrace or Townhouse,Fully Owned,0,0,October,Saturday,Knox (C),95->99,95->99,95->99,MELB - Outer,Greater Melbourne,Weekend,10,10
Y24H5850235,4,Terrace or Townhouse,Being Purchased,1,2,October,Sunday,Knox (C),10->14,30->34,45->49,MELB - Outer,Greater Melbourne,Weekend,9,9
Y24H5850238,1,"Unit, Flat or Apartment",Being Purchased,0,1,October,Wednesday,Knox (C),25->29,25->29,25->29,MELB - Outer,Greater Melbourne,Weekday,7,7
Y24H5850239,3,"Unit, Flat or Apartment",Being Purchased,0,2,October,Thursday,Knox (C),0->4,20->24,30->34,MELB - Outer,Greater Melbourne,Weekday,13,13
Y24H5850240,1,"Unit, Flat or Apartment",Being Purchased,0,1,October,Friday,Knox (C),35->39,35->39,35->39,MELB - Outer,Greater Melbourne,Weekday,12,12
Y24H5850302,2,"Unit, Flat or Apartment",Being Purchased,3,0,October,Tuesday,Melbourne (C),30->34,30->34,30->34,MELB - Inner,Greater Melbourne,Weekday,17,17
Y24H5850309,1,"Unit, Flat or Apartment",Fully Owned,0,0,October,Tuesday,Melbourne (C),35->39,35->39,35->39,MELB - Inner,Greater Melbourne,Weekday,14,14
Y24H5850310,5,"Unit, Flat or Apartment",Fully Owned,2,4,October,Wednesday,Melbourne (C),10->14,30->34,50->54,MELB - Inner,Greater Melbourne,Weekday,13,13
Y24H5850311,2,"Unit, Flat or Apartment",Being Rented,1,1,October,Thursday,Melbourne (C),25->29,25->29,25->29,MELB - Inner,Greater Melbourne,Weekday,15,15
Y24H5850312,1,"Unit, Flat or Apartment",Being Purchased,1,1,October,Friday,Melbourne (C),65->69,65->69,65->69,MELB - Inner,Greater Melbourne,Weekday,8,8
Y24H5850317,1,"Unit, Flat or Apartment",Fully Owned,0,1,October,Wednesday,Melbourne (C),20->24,20->24,20->24,MELB - Inner,Greater Melbourne,Weekday,7,7
Y24H5850318,3,"Unit, Flat or Apartment",Being Purchased,0,1,October,Thursday,Melbourne (C),5->9,35->39,50->54,MELB - Inner,Greater Melbourne,Weekday,12,12
Y24H5850319,4,"Unit, Flat or Apartment",Being Purchased,0,0,October,Friday,Melbourne (C),0->4,20->24,45->49,MELB - Inner,Greater Melbourne,Weekday,15,15
Y24H5850320,2,Separate House,Fully Owned,0,1,October,Saturday,Melbourne (C),55->59,60->64,70->74,MELB - Inner,Greater Melbourne,Weekend,5,5
Y24H5850321,1,"Unit, Flat or Apartment",Being Purchased,Missing/Refused,0,October,Sunday,Melbourne (C),35->39,35->39,35->39,MELB - Inner,Greater Melbourne,Weekend,10,10
Y24H5850332,1,"Unit, Flat or Apartment",Being Rented,Missing/Refused,0,October,Thursday,Yarra (C),25->29,25->29,25->29,MELB - Inner,Greater Melbourne,Weekday,10,10
Y24H5850334,1,"Unit, Flat or Apartment",Being Rented,0,0,October,Saturday,Yarra (C),40->44,40->44,40->44,MELB - Inner,Greater Melbourne,Weekend,10,10
Y24H5850339,1,"Unit, Flat or Apartment",Being Rented,0,0,October,Thursday,Yarra (C),30->34,30->34,30->34,MELB - Inner,Greater Melbourne,Weekday,12,12
Y24H5850340,2,"Unit, Flat or Apartment",Being Rented,2,0,October,Friday,Yarra (C),35->39,35->39,40->44,MELB - Inner,Greater Melbourne,Weekday,12,12
Y24H5850342,2,"Unit, Flat or Apartment",Being Purchased,2,0,October,Sunday,Yarra (C),25->29,35->39,40->44,MELB - Inner,Greater Melbourne,Weekend,6,6
Y24H5850505,2,Separate House,Being Purchased,1,1,October,Friday,Melton (S),30->34,35->39,40->44,MELB - Outer,Greater Melbourne,Weekday,12,12
Y24H5850506,2,Separate House,Being Purchased,2,3,October,Saturday,Melton (S),40->44,50->54,65->69,MELB - Outer,Greater Melbourne,Weekend,17,17
Y24H5850508,2,Separate House,Being Purchased,0,3,October,Monday,Melton (S),25->29,25->29,25->29,MELB - Outer,Greater Melbourne,Weekday,14,14
Y24H5850515,3,Separate House,Fully Owned,0,1,October,Monday,Melton (S),0->4,25->29,35->39,MELB - Outer,Greater Melbourne,Weekday,12,12
Y24H5850516,3,Separate House,Being Rented,2,1,October,Tuesday,Melton (S),0->4,10->14,25->29,MELB - Outer,Greater Melbourne,Weekday,6,6
Y24H5850517,3,Separate House,Being Purchased,1,2,October,Wednesday,Melton (S),0->4,15->19,30->34,MELB - Outer,Greater Melbourne,Weekday,11,11
Y24H5850521,2,Separate House,Being Rented,1,1,October,Sunday,Melton (S),25->29,25->29,25->29,MELB - Outer,Greater Melbourne,Weekend,13,13
Y24H5850524,5,Separate House,Being Purchased,2,3,October,Wednesday,Wyndham (C),0->4,20->24,40->44,MELB - Outer,Greater Melbourne,Weekday,12,12
Y24H5850531,1,Separate House,Being Purchased,0,1,October,Wednesday,Wyndham (C),30->34,30->34,30->34,MELB - Outer,Greater Melbourne,Weekday,8,8
Y24H5850540,3,Separate House,Fully Owned,2,2,October,Friday,Wyndham (C),10->14,30->34,40->44,MELB - Outer,Greater Melbourne,Weekday,11,11
Y24H5860101,2,Separate House,Being Rented,0,2,October,Monday,Frankston (C),55->59,60->64,70->74,MELB - Outer,Greater Melbourne,Weekday,6,6
Y24H5860103,2,Separate House,Fully Owned,0,3,October,Wednesday,Frankston (C),70->74,80->84,90->94,MELB - Outer,Greater Melbourne,Weekday,7,7
Y24H5860105,4,Separate House,Being Purchased,4,4,October,Friday,Frankston (C),15->19,35->39,50->54,MELB - Outer,Greater Melbourne,Weekday,17,17
Y24H5860107,1,"Unit, Flat or Apartment",Fully Owned,0,1,October,Sunday,Frankston (C),80->84,80->84,80->84,MELB - Outer,Greater Melbourne,Weekend,6,6
Y24H5860112,1,Separate House,Being Rented,0,0,October,Friday,Frankston (C),55->59,55->59,55->59,MELB - Outer,Greater Melbourne,Weekday,1,1
Y24H5860113,2,Separate House,Fully Owned,2,1,October,Saturday,Frankston (C),65->69,65->69,65->69,MELB - Outer,Greater Melbourne,Weekend,7,7
Y24H5860117,1,Terrace or Townhouse,Being Purchased,Missing/Refused,1,October,Wednesday,Frankston (C),55->59,55->59,55->59,MELB - Outer,Greater Melbourne,Weekday,12,12
Y24H5860118,4,Separate House,Being Rented,0,5,October,Thursday,Frankston (C),25->29,45->49,60->64,MELB - Outer,Greater Melbourne,Weekday,15,15
Y24H5860121,2,Separate House,Fully Owned,1,2,October,Sunday,Frankston (C),45->49,60->64,80->84,MELB - Outer,Greater Melbourne,Weekend,3,3
Y24H5860122,2,Separate House,Fully Owned,2,3,October,Monday,Frankston (C),25->29,45->49,60->64,MELB - Outer,Greater Melbourne,Weekday,9,9
Y24H5860123,4,Separate House,Being Rented,2,2,October,Tuesday,Frankston (C),5->9,25->29,40->44,MELB - Outer,Greater Melbourne,Weekday,12,12
Y24H5860126,2,Separate House,Being Rented,0,2,October,Friday,Frankston (C),35->39,35->39,35->39,MELB - Outer,Greater Melbourne,Weekday,12,12
Y24H5860127,3,Terrace or Townhouse,Being Purchased,2,1,October,Saturday,Frankston (C),0->4,20->24,35->39,MELB - Outer,Greater Melbourne,Weekend,15,15
Y24H5860132,3,Separate House,Fully Owned,7,1,October,Thursday,Frankston (C),10->14,35->39,50->54,MELB - Outer,Greater Melbourne,Weekday,10,10
Y24H5860135,6,Separate House,Being Purchased,Missing/Refused,2,October,Sunday,Frankston (C),15->19,45->49,75->79,MELB - Outer,Greater Melbourne,Weekend,16,16
Y24H5860141,1,Separate House,Being Rented,0,3,October,Saturday,Frankston (C),40->44,40->44,40->44,MELB - Outer,Greater Melbourne,Weekend,5,5
Y24H5860142,1,Separate House,Fully Owned,1,1,October,Sunday,Frankston (C),55->59,55->59,55->59,MELB - Outer,Greater Melbourne,Weekend,8,8
Y24H5860203,1,"Unit, Flat or Apartment",Fully Owned,0,1,October,Wednesday,Yarra Ranges (S),80->84,80->84,80->84,MELB - Outer,Greater Melbourne,Weekday,2,2
Y24H5860208,1,Terrace or Townhouse,Fully Owned,0,1,October,Monday,Yarra Ranges (S),85->89,85->89,85->89,MELB - Outer,Greater Melbourne,Weekday,4,4
Y24H5860211,2,"Unit, Flat or Apartment",Fully Owned,0,1,October,Thursday,Yarra Ranges (S),80->84,85->89,85->89,MELB - Outer,Greater Melbourne,Weekday,1,1
Y24H5860212,2,Separate House,Being Purchased,0,2,October,Friday,Yarra Ranges (S),25->29,25->29,25->29,MELB - Outer,Greater Melbourne,Weekday,12,12
Y24H5860213,1,Separate House,Fully Owned,0,0,October,Saturday,Yarra Ranges (S),80->84,80->84,80->84,MELB - Outer,Greater Melbourne,Weekend,3,3
Y24H5860214,1,"Unit, Flat or Apartment",Fully Owned,0,1,October,Sunday,Yarra Ranges (S),85->89,85->89,85->89,MELB - Outer,Greater Melbourne,Weekend,2,2
Y24H5860215,1,Separate House,Fully Owned,0,1,October,Monday,Yarra Ranges (S),90->94,90->94,90->94,MELB - Outer,Greater Melbourne,Weekday,6,6
Y24H5860217,1,"Unit, Flat or Apartment",Fully Owned,0,0,October,Wednesday,Yarra Ranges (S),70->74,70->74,70->74,MELB - Outer,Greater Melbourne,Weekday,8,8
Y24H5860218,2,Separate House,Fully Owned,0,1,October,Thursday,Yarra Ranges (S),65->69,70->74,70->74,MELB - Outer,Greater Melbourne,Weekday,9,9
Y24H5860219,1,"Unit, Flat or Apartment",Fully Owned,0,1,October,Friday,Yarra Ranges (S),75->79,75->79,75->79,MELB - Outer,Greater Melbourne,Weekday,1,1
Y24H5860220,2,"Unit, Flat or Apartment",Fully Owned,0,1,October,Saturday,Yarra Ranges (S),75->79,75->79,80->84,MELB - Outer,Greater Melbourne,Weekend,6,6
Y24H5860221,1,Separate House,Fully Owned,0,1,October,Sunday,Yarra Ranges (S),75->79,75->79,75->79,MELB - Outer,Greater Melbourne,Weekend,4,4
Y24H5860223,2,"Unit, Flat or Apartment",Being Purchased,2,2,October,Tuesday,Yarra Ranges (S),30->34,30->34,30->34,MELB - Outer,Greater Melbourne,Weekday,12,12
Y24H5860230,3,"Unit, Flat or Apartment",Being Rented,2,1,October,Tuesday,Yarra Ranges (S),10->14,20->24,45->49,MELB - Outer,Greater Melbourne,Weekday,9,9
Y24H5860233,2,"Unit, Flat or Apartment",Being Rented,0,1,October,Friday,Yarra Ranges (S),35->39,40->44,40->44,MELB - Outer,Greater Melbourne,Weekday,12,12
Y24H5860234,1,"Unit, Flat or Apartment",Being Rented,0,1,October,Saturday,Yarra Ranges (S),30->34,30->34,30->34,MELB - Outer,Greater Melbourne,Weekend,3,3
Y24H5860239,2,"Unit, Flat or Apartment",Being Rented,0,2,October,Thursday,Yarra Ranges (S),20->24,25->29,25->29,MELB - Outer,Greater Melbourne,Weekday,1,1
Y24H5860301,3,"Unit, Flat or Apartment",Being Rented,0,1,October,Monday,Maribyrnong (C),0->4,20->24,35->39,MELB - Inner,Greater Melbourne,Weekday,7,7
Y24H5860303,1,"Unit, Flat or Apartment",Being Rented,Missing/Refused,1,October,Wednesday,Maribyrnong (C),40->44,40->44,40->44,MELB - Inner,Greater Melbourne,Weekday,7,7
Y24H5860304,1,"Unit, Flat or Apartment",Being Purchased,0,1,October,Thursday,Maribyrnong (C),25->29,25->29,25->29,MELB - Inner,Greater Melbourne,Weekday,7,7
Y24H5860311,1,"Unit, Flat or Apartment",Being Rented,1,1,October,Thursday,Maribyrnong (C),30->34,30->34,30->34,MELB - Inner,Greater Melbourne,Weekday,8,8
Y24H5860315,1,"Unit, Flat or Apartment",Being Rented,0,1,October,Monday,Maribyrnong (C),20->24,20->24,20->24,MELB - Inner,Greater Melbourne,Weekday,7,7
Y24H5860316,1,"Unit, Flat or Apartment",Being Rented,Missing/Refused,1,October,Tuesday,Maribyrnong (C),30->34,30->34,30->34,MELB - Inner,Greater Melbourne,Weekday,7,7
Y24H5860319,2,"Unit, Flat or Apartment",Being Purchased,0,2,October,Friday,Maribyrnong (C),25->29,25->29,25->29,MELB - Inner,Greater Melbourne,Weekday,15,15
Y24H5860323,1,"Unit, Flat or Apartment",Being Rented,0,1,October,Tuesday,Maribyrnong (C),25->29,25->29,25->29,MELB - Inner,Greater Melbourne,Weekday,7,7
Y24H5860325,2,"Unit, Flat or Apartment",Being Rented,0,1,October,Thursday,Maribyrnong (C),25->29,40->44,55->59,MELB - Inner,Greater Melbourne,Weekday,9,9
Y24H5860326,3,"Unit, Flat or Apartment",Being Rented,0,1,October,Friday,Maribyrnong (C),10->14,30->34,45->49,MELB - Inner,Greater Melbourne,Weekday,11,11
Y24H5860327,2,Terrace or Townhouse,Being Purchased,8,2,October,Saturday,Maribyrnong (C),25->29,25->29,25->29,MELB - Inner,Greater Melbourne,Weekend,15,15
Y24H5860330,2,"Unit, Flat or Apartment",Being Rented,0,2,October,Tuesday,Maribyrnong (C),30->34,35->39,40->44,MELB - Inner,Greater Melbourne,Weekday,9,9
Y24H5860333,5,Separate House,Being Purchased,8,1,October,Friday,Maribyrnong (C),5->9,20->24,40->44,MELB - Inner,Greater Melbourne,Weekday,16,16
Y24H5860334,1,"Unit, Flat or Apartment",Being Rented,0,1,October,Saturday,Maribyrnong (C),40->44,40->44,40->44,MELB - Inner,Greater Melbourne,Weekend,9,9
Y24H5860336,3,"Unit, Flat or Apartment",Being Purchased,1,1,October,Monday,Maribyrnong (C),0->4,25->29,40->44,MELB - Inner,Greater Melbourne,Weekday,11,11
Y24H5860337,3,Separate House,Fully Owned,2,3,October,Tuesday,Maribyrnong (C),5->9,35->39,50->54,MELB - Inner,Greater Melbourne,Weekday,12,12
Y24H5860339,1,"Unit, Flat or Apartment",Being Rented,Missing/Refused,0,October,Thursday,Maribyrnong (C),35->39,35->39,35->39,MELB - Inner,Greater Melbourne,Weekday,8,8
Y24H5860342,1,Terrace or Townhouse,Being Rented,0,1,October,Sunday,Maribyrnong (C),55->59,55->59,55->59,MELB - Inner,Greater Melbourne,Weekend,12,12
Y24H5860401,1,Terrace or Townhouse,Being Rented,0,1,October,Monday,Merri-bek (C),30->34,30->34,30->34,MELB - Inner,Greater Melbourne,Weekday,14,14
Y24H5860406,2,Terrace or Townhouse,Being Rented,0,2,October,Saturday,Merri-bek (C),25->29,25->29,25->29,MELB - Inner,Greater Melbourne,Weekend,14,14
Y24H5860407,4,Separate House,Being Rented,4,2,October,Sunday,Merri-bek (C),10->14,30->34,45->49,MELB - Inner,Greater Melbourne,Weekend,15,15
Y24H5860413,3,Separate House,Being Rented,5,3,October,Saturday,Merri-bek (C),5->9,25->29,35->39,MELB - Inner,Greater Melbourne,Weekend,15,15
Y24H5860415,5,Separate House,Fully Owned,5,6,October,Monday,Merri-bek (C),10->14,30->34,60->64,MELB - Inner,Greater Melbourne,Weekday,15,15
Y24H5860420,1,Terrace or Townhouse,Occupied Rent-Free,1,2,October,Saturday,Merri-bek (C),50->54,50->54,50->54,MELB - Inner,Greater Melbourne,Weekend,10,10
Y24H5860421,3,Separate House,Being Rented,4,0,October,Sunday,Merri-bek (C),25->29,35->39,50->54,MELB - Inner,Greater Melbourne,Weekend,12,12
Y24H5860425,3,"Unit, Flat or Apartment",Being Rented,0,0,October,Thursday,Merri-bek (C),5->9,25->29,35->39,MELB - Inner,Greater Melbourne,Weekday,12,12
Y24H5860432,4,Terrace or Townhouse,Being Purchased,2,1,October,Thursday,Merri-bek (C),0->4,20->24,40->44,MELB - Inner,Greater Melbourne,Weekday,6,6
Y24H5860434,2,Separate House,Fully Owned,0,0,October,Saturday,Merri-bek (C),45->49,50->54,50->54,MELB - Inner,Greater Melbourne,Weekend,10,10
Y24H5860438,1,"Unit, Flat or Apartment",Being Purchased,1,0,October,Wednesday,Merri-bek (C),45->49,45->49,45->49,MELB - Inner,Greater Melbourne,Weekday,9,9
Y24H5860439,1,Terrace or Townhouse,Being Purchased,0,1,October,Thursday,Merri-bek (C),40->44,40->44,40->44,MELB - Inner,Greater Melbourne,Weekday,14,14
Y24H5860441,2,Terrace or Townhouse,Being Purchased,0,1,October,Saturday,Merri-bek (C),0->4,15->19,35->39,MELB - Inner,Greater Melbourne,Weekend,12,12
Y24H5870102,3,Separate House,Being Purchased,Missing/Refused,3,October,Tuesday,Greater Dandenong (C),25->29,50->54,65->69,MELB - Middle,Greater Melbourne,Weekday,5,5
Y24H5870105,2,Separate House,Fully Owned,0,2,October,Friday,Greater Dandenong (C),60->64,65->69,70->74,MELB - Middle,Greater Melbourne,Weekday,8,8
Y24H5870108,3,Separate House,Fully Owned,0,3,October,Monday,Greater Dandenong (C),25->29,45->49,55->59,MELB - Middle,Greater Melbourne,Weekday,12,12
Y24H5870111,2,Separate House,Fully Owned,0,2,October,Thursday,Greater Dandenong (C),60->64,60->64,65->69,MELB - Middle,Greater Melbourne,Weekday,18,18
Y24H5870112,2,Separate House,Fully Owned,0,1,October,Friday,Greater Dandenong (C),25->29,40->44,55->59,MELB - Middle,Greater Melbourne,Weekday,9,9
Y24H5870113,3,Terrace or Townhouse,Occupied Rent-Free,0,2,October,Saturday,Greater Dandenong (C),0->4,20->24,30->34,MELB - Middle,Greater Melbourne,Weekend,14,14
Y24H5870115,5,Separate House,Being Purchased,3,3,October,Monday,Greater Dandenong (C),5->9,30->34,65->69,MELB - Middle,Greater Melbourne,Weekday,12,12
Y24H5870116,4,Separate House,Being Purchased,2,2,October,Tuesday,Greater Dandenong (C),5->9,30->34,50->54,MELB - Middle,Greater Melbourne,Weekday,14,14
Y24H5870122,3,Separate House,Being Purchased,2,2,October,Monday,Kingston (C),5->9,30->34,45->49,MELB - Middle,Greater Melbourne,Weekday,15,15
Y24H5870124,2,Separate House,Fully Owned,0,2,October,Wednesday,Kingston (C),75->79,75->79,80->84,MELB - Middle,Greater Melbourne,Weekday,7,7
Y24H5870126,1,"Unit, Flat or Apartment",Fully Owned,0,1,October,Friday,Kingston (C),75->79,75->79,75->79,MELB - Middle,Greater Melbourne,Weekday,3,3
Y24H5870128,4,Terrace or Townhouse,Being Purchased,4,2,October,Sunday,Kingston (C),5->9,25->29,50->54,MELB - Middle,Greater Melbourne,Weekend,9,9
Y24H5870131,1,"Unit, Flat or Apartment",Being Rented,0,1,October,Wednesday,Kingston (C),80->84,80->84,80->84,MELB - Middle,Greater Melbourne,Weekday,4,4
Y24H5870133,1,"Unit, Flat or Apartment",Fully Owned,0,1,October,Friday,Kingston (C),75->79,75->79,75->79,MELB - Middle,Greater Melbourne,Weekday,2,2
Y24H5870134,3,Terrace or Townhouse,Being Purchased,3,1,October,Saturday,Kingston (C),5->9,25->29,40->44,MELB - Middle,Greater Melbourne,Weekend,12,12
Y24H5870140,2,Terrace or Townhouse,Fully Owned,0,2,October,Friday,Kingston (C),65->69,65->69,65->69,MELB - Middle,Greater Melbourne,Weekday,8,8
Y24H5870141,1,"Unit, Flat or Apartment",Being Purchased,1,1,October,Saturday,Kingston (C),55->59,55->59,55->59,MELB - Middle,Greater Melbourne,Weekend,7,7
Y24H5870302,4,Separate House,Fully Owned,0,2,October,Tuesday,Boroondara (C),15->19,55->59,80->84,MELB - Middle,Greater Melbourne,Weekday,10,10
Y24H5870303,5,Separate House,Being Rented,4,2,October,Wednesday,Boroondara (C),10->14,25->29,45->49,MELB - Middle,Greater Melbourne,Weekday,14,14
Y24H5870304,4,Separate House,Being Purchased,3,2,October,Thursday,Boroondara (C),0->4,20->24,35->39,MELB - Middle,Greater Melbourne,Weekday,14,14
Y24H5870306,2,Separate House,Being Purchased,0,1,October,Saturday,Boroondara (C),15->19,30->34,50->54,MELB - Middle,Greater Melbourne,Weekend,6,6
Y24H5870308,2,Separate House,Fully Owned,Missing/Refused,2,October,Monday,Boroondara (C),70->74,70->74,70->74,MELB - Middle,Greater Melbourne,Weekday,7,7
Y24H5870310,3,Separate House,Fully Owned,2,1,October,Wednesday,Boroondara (C),60->64,80->84,90->94,MELB - Middle,Greater Melbourne,Weekday,3,3
Y24H5870311,2,Separate House,Fully Owned,0,1,October,Thursday,Boroondara (C),65->69,65->69,70->74,MELB - Middle,Greater Melbourne,Weekday,12,12
Y24H5870313,2,Separate House,Fully Owned,1,2,October,Saturday,Boroondara (C),75->79,75->79,75->79,MELB - Middle,Greater Melbourne,Weekend,11,11
Y24H5870314,1,Separate House,Fully Owned,0,2,October,Sunday,Boroondara (C),50->54,50->54,50->54,MELB - Middle,Greater Melbourne,Weekend,4,4
Y24H5870315,1,"Unit, Flat or Apartment",Fully Owned,0,1,October,Monday,Boroondara (C),75->79,75->79,75->79,MELB - Middle,Greater Melbourne,Weekday,8,8
Y24H5870316,3,Separate House,Fully Owned,Missing/Refused,2,October,Tuesday,Boroondara (C),30->34,50->54,60->64,MELB - Middle,Greater Melbourne,Weekday,16,16
Y24H5870318,1,Separate House,Fully Owned,1,1,October,Thursday,Boroondara (C),80->84,80->84,80->84,MELB - Middle,Greater Melbourne,Weekday,5,5
Y24H5870323,2,"Unit, Flat or Apartment",Occupied Rent-Free,0,2,October,Tuesday,Boroondara (C),25->29,25->29,25->29,MELB - Middle,Greater Melbourne,Weekday,16,16
Y24H5870324,2,Separate House,Being Rented,0,2,October,Wednesday,Boroondara (C),50->54,70->74,85->89,MELB - Middle,Greater Melbourne,Weekday,9,9
Y24H5870329,1,Separate House,Fully Owned,4,2,October,Monday,Boroondara (C),70->74,70->74,70->74,MELB - Middle,Greater Melbourne,Weekday,9,9
Y24H5870336,2,"Unit, Flat or Apartment",Being Rented,Missing/Refused,2,October,Monday,Boroondara (C),30->34,30->34,35->39,MELB - Middle,Greater Melbourne,Weekday,13,13
Y24H5870338,2,Separate House,Fully Owned,6,2,October,Wednesday,Boroondara (C),70->74,70->74,70->74,MELB - Middle,Greater Melbourne,Weekday,13,13
Y24H5870339,2,"Unit, Flat or Apartment",Fully Owned,2,1,October,Thursday,Boroondara (C),65->69,70->74,75->79,MELB - Middle,Greater Melbourne,Weekday,8,8
Y24H5870341,3,"Unit, Flat or Apartment",Being Rented,0,1,October,Saturday,Boroondara (C),10->14,30->34,45->49,MELB - Middle,Greater Melbourne,Weekend,14,14
Y24H5870401,1,"Unit, Flat or Apartment",Being Rented,Missing/Refused,1,October,Monday,Darebin (C),45->49,45->49,45->49,MELB - Middle,Greater Melbourne,Weekday,8,8
Y24H5870402,1,"Unit, Flat or Apartment",Fully Owned,0,1,October,Tuesday,Darebin (C),35->39,35->39,35->39,MELB - Middle,Greater Melbourne,Weekday,10,10
Y24H5870405,1,"Unit, Flat or Apartment",Being Purchased,1,1,October,Friday,Darebin (C),50->54,50->54,50->54,MELB - Middle,Greater Melbourne,Weekday,12,12
Y24H5870407,1,"Unit, Flat or Apartment",Being Rented,Missing/Refused,1,October,Sunday,Darebin (C),25->29,25->29,25->29,MELB - Middle,Greater Melbourne,Weekend,6,6
Y24H5870408,2,Separate House,Being Rented,0,2,October,Monday,Darebin (C),30->34,30->34,30->34,MELB - Middle,Greater Melbourne,Weekday,11,11
Y24H5870409,2,Separate House,Being Rented,Missing/Refused,4,October,Tuesday,Darebin (C),30->34,35->39,35->39,MELB - Middle,Greater Melbourne,Weekday,8,8
Y24H5870411,1,"Unit, Flat or Apartment",Fully Owned,Missing/Refused,1,October,Thursday,Darebin (C),35->39,35->39,35->39,MELB - Middle,Greater Melbourne,Weekday,5,5
Y24H5870412,3,Separate House,Being Rented,2,3,October,Friday,Darebin (C),15->19,40->44,55->59,MELB - Middle,Greater Melbourne,Weekday,16,16
Y24H5870413,2,"Unit, Flat or Apartment",Being Rented,1,3,October,Saturday,Darebin (C),25->29,25->29,25->29,MELB - Middle,Greater Melbourne,Weekend,14,14
Y24H5870414,4,Separate House,Being Purchased,2,2,October,Sunday,Darebin (C),5->9,25->29,50->54,MELB - Middle,Greater Melbourne,Weekend,10,10
Y24H5870415,1,Separate House,Occupied Rent-Free,0,0,October,Monday,Darebin (C),55->59,55->59,55->59,MELB - Middle,Greater Melbourne,Weekday,4,4
Y24H5870417,4,Separate House,Being Purchased,4,3,October,Wednesday,Darebin (C),5->9,25->29,45->49,MELB - Middle,Greater Melbourne,Weekday,14,14
Y24H5870418,1,"Unit, Flat or Apartment",Being Rented,1,1,October,Thursday,Darebin (C),50->54,50->54,50->54,MELB - Middle,Greater Melbourne,Weekday,9,9
Y24H5870422,2,Separate House,Being Purchased,2,2,October,Monday,Darebin (C),40->44,40->44,40->44,MELB - Middle,Greater Melbourne,Weekday,13,13
Y24H5870426,4,"Unit, Flat or Apartment",Being Purchased,3,1,October,Friday,Darebin (C),10->14,25->29,40->44,MELB - Middle,Greater Melbourne,Weekday,13,13
Y24H5870427,2,"Unit, Flat or Apartment",Being Rented,0,1,October,Saturday,Darebin (C),35->39,35->39,35->39,MELB - Middle,Greater Melbourne,Weekend,14,14
Y24H5870428,2,"Unit, Flat or Apartment",Being Rented,0,1,October,Sunday,Darebin (C),20->24,20->24,20->24,MELB - Middle,Greater Melbourne,Weekend,5,5
Y24H5870430,1,"Unit, Flat or Apartment",Being Rented,0,0,October,Tuesday,Darebin (C),40->44,40->44,40->44,MELB - Middle,Greater Melbourne,Weekday,12,12
Y24H5870432,1,Terrace or Townhouse,Being Purchased,0,1,October,Thursday,Darebin (C),45->49,45->49,45->49,MELB - Middle,Greater Melbourne,Weekday,12,12
Y24H5870436,2,Terrace or Townhouse,Being Rented,1,1,October,Monday,Darebin (C),35->39,50->54,60->64,MELB - Middle,Greater Melbourne,Weekday,10,10
Y24H5870442,2,Separate House,Fully Owned,Missing/Refused,2,October,Sunday,Darebin (C),60->64,60->64,60->64,MELB - Middle,Greater Melbourne,Weekend,13,13
Y24H5870502,1,Separate House,Being Rented,0,1,October,Tuesday,Wyndham (C),55->59,55->59,55->59,MELB - Outer,Greater Melbourne,Weekday,3,3
Y24H5870504,4,"Unit, Flat or Apartment",Being Rented,0,1,October,Thursday,Wyndham (C),25->29,25->29,30->34,MELB - Outer,Greater Melbourne,Weekday,8,8
Y24H5870507,4,Separate House,Being Rented,2,1,October,Sunday,Wyndham (C),10->14,30->34,45->49,MELB - Outer,Greater Melbourne,Weekend,8,8
Y24H5870510,2,Separate House,Being Rented,Missing/Refused,1,October,Wednesday,Wyndham (C),35->39,40->44,45->49,MELB - Outer,Greater Melbourne,Weekday,12,12
Y24H5870516,4,"Unit, Flat or Apartment",Being Rented,0,1,October,Tuesday,Wyndham (C),0->4,15->19,35->39,MELB - Outer,Greater Melbourne,Weekday,8,8
Y24H5870517,1,"Unit, Flat or Apartment",Being Purchased,0,1,October,Wednesday,Wyndham (C),30->34,30->34,30->34,MELB - Outer,Greater Melbourne,Weekday,8,8
Y24H5870518,1,"Unit, Flat or Apartment",Being Rented,0,0,October,Thursday,Wyndham (C),60->64,60->64,60->64,MELB - Outer,Greater Melbourne,Weekday,5,5
Y24H5870522,3,Separate House,Being Purchased,0,2,October,Monday,Wyndham (C),10->14,30->34,40->44,MELB - Outer,Greater Melbourne,Weekday,7,7
Y24H5870524,4,Separate House,Being Rented,2,0,October,Wednesday,Wyndham (C),0->4,20->24,40->44,MELB - Outer,Greater Melbourne,Weekday,12,12
Y24H5870525,1,Terrace or Townhouse,Being Purchased,Missing/Refused,1,October,Thursday,Wyndham (C),60->64,60->64,60->64,MELB - Outer,Greater Melbourne,Weekday,6,6
Y24H5870528,4,Separate House,Being Rented,3,1,October,Sunday,Wyndham (C),0->4,20->24,35->39,MELB - Outer,Greater Melbourne,Weekend,15,15
Y24H5870531,3,Separate House,Being Purchased,0,2,October,Wednesday,Wyndham (C),5->9,25->29,35->39,MELB - Outer,Greater Melbourne,Weekday,14,14
Y24H5870537,6,Separate House,Being Purchased,0,2,October,Tuesday,Wyndham (C),0->4,20->24,40->44,MELB - Outer,Greater Melbourne,Weekday,7,7
Y24H5880103,1,"Unit, Flat or Apartment",Fully Owned,1,1,November,Wednesday,Cardinia (S),30->34,30->34,30->34,MELB - Outer,Greater Melbourne,Weekday,8,8
Y24H5880104,4,Terrace or Townhouse,Being Purchased,3,2,November,Thursday,Cardinia (S),5->9,25->29,40->44,MELB - Outer,Greater Melbourne,Weekday,11,11
Y24H5880107,1,Separate House,Fully Owned,0,1,November,Sunday,Cardinia (S),65->69,65->69,65->69,MELB - Outer,Greater Melbourne,Weekend,6,6
Y24H5880112,2,Separate House,Fully Owned,1,1,November,Friday,Cardinia (S),65->69,65->69,65->69,MELB - Outer,Greater Melbourne,Weekday,14,14
Y24H5880114,3,Separate House,Being Purchased,0,2,November,Sunday,Cardinia (S),0->4,20->24,30->34,MELB - Outer,Greater Melbourne,Weekend,11,11
Y24H5880115,1,Separate House,Fully Owned,0,1,October,Monday,Cardinia (S),65->69,65->69,65->69,MELB - Outer,Greater Melbourne,Weekday,8,8
Y24H5880116,4,Separate House,Being Purchased,4,2,October,Tuesday,Cardinia (S),10->14,25->29,45->49,MELB - Outer,Greater Melbourne,Weekday,12,12
Y24H5880117,3,Separate House,Being Purchased,0,2,November,Wednesday,Cardinia (S),10->14,30->34,45->49,MELB - Outer,Greater Melbourne,Weekday,17,17
Y24H5880118,2,Separate House,Fully Owned,0,1,November,Thursday,Cardinia (S),70->74,70->74,70->74,MELB - Outer,Greater Melbourne,Weekday,8,8
Y24H5880123,3,Separate House,Fully Owned,6,1,October,Tuesday,Cardinia (S),35->39,55->59,65->69,MELB - Outer,Greater Melbourne,Weekday,9,9
Y24H5880124,1,"Unit, Flat or Apartment",Being Rented,0,1,November,Wednesday,Cardinia (S),65->69,65->69,65->69,MELB - Outer,Greater Melbourne,Weekday,1,1
Y24H5880131,2,Separate House,Being Rented,1,3,November,Wednesday,Cardinia (S),50->54,50->54,50->54,MELB - Outer,Greater Melbourne,Weekday,10,10
Y24H5880142,2,Separate House,Fully Owned,0,2,November,Sunday,Cardinia (S),70->74,70->74,75->79,MELB - Outer,Greater Melbourne,Weekend,10,10
Y24H5880201,1,"Unit, Flat or Apartment",Being Rented,0,1,October,Monday,Yarra Ranges (S),55->59,55->59,55->59,MELB - Outer,Greater Melbourne,Weekday,6,6
Y24H5880202,2,Separate House,Being Purchased,1,1,October,Tuesday,Yarra Ranges (S),35->39,35->39,35->39,MELB - Outer,Greater Melbourne,Weekday,15,15
Y24H5880204,6,Separate House,Fully Owned,2,2,November,Thursday,Yarra Ranges (S),0->4,30->34,60->64,MELB - Outer,Greater Melbourne,Weekday,16,16
Y24H5880205,2,"Unit, Flat or Apartment",Fully Owned,0,2,November,Friday,Yarra Ranges (S),35->39,55->59,70->74,MELB - Outer,Greater Melbourne,Weekday,13,13
Y24H5880206,3,Separate House,Fully Owned,2,3,November,Saturday,Yarra Ranges (S),20->24,30->34,55->59,MELB - Outer,Greater Melbourne,Weekend,6,6
Y24H5880207,1,"Unit, Flat or Apartment",Fully Owned,0,1,November,Sunday,Yarra Ranges (S),70->74,70->74,70->74,MELB - Outer,Greater Melbourne,Weekend,4,4
Y24H5880208,1,"Unit, Flat or Apartment",Fully Owned,0,0,October,Monday,Yarra Ranges (S),80->84,80->84,80->84,MELB - Outer,Greater Melbourne,Weekday,4,4
Y24H5880209,3,Separate House,Fully Owned,Missing/Refused,1,October,Tuesday,Yarra Ranges (S),10->14,25->29,50->54,MELB - Outer,Greater Melbourne,Weekday,6,6
Y24H5880210,2,Separate House,Fully Owned,0,2,November,Wednesday,Yarra Ranges (S),70->74,70->74,75->79,MELB - Outer,Greater Melbourne,Weekday,6,6
Y24H5880212,3,Separate House,Fully Owned,0,3,November,Friday,Yarra Ranges (S),40->44,60->64,70->74,MELB - Outer,Greater Melbourne,Weekday,5,5
Y24H5880213,4,Separate House,Being Purchased,1,2,November,Saturday,Yarra Ranges (S),15->19,35->39,55->59,MELB - Outer,Greater Melbourne,Weekend,10,10
Y24H5880214,1,"Unit, Flat or Apartment",Fully Owned,0,0,November,Sunday,Yarra Ranges (S),70->74,70->74,70->74,MELB - Outer,Greater Melbourne,Weekend,8,8
Y24H5880216,1,Separate House,Fully Owned,0,1,October,Tuesday,Yarra Ranges (S),70->74,70->74,70->74,MELB - Outer,Greater Melbourne,Weekday,1,1
Y24H5880218,1,"Unit, Flat or Apartment",Being Rented,0,1,November,Thursday,Yarra Ranges (S),70->74,70->74,70->74,MELB - Outer,Greater Melbourne,Weekday,5,5
Y24H5880219,4,Separate House,Being Purchased,2,1,November,Friday,Yarra Ranges (S),15->19,30->34,50->54,MELB - Outer,Greater Melbourne,Weekday,16,16
Y24H5880220,2,Separate House,Being Purchased,2,2,November,Saturday,Yarra Ranges (S),30->34,30->34,30->34,MELB - Outer,Greater Melbourne,Weekend,13,13
Y24H5880221,2,Separate House,Fully Owned,2,2,November,Sunday,Yarra Ranges (S),55->59,55->59,60->64,MELB - Outer,Greater Melbourne,Weekend,16,16
Y24H5880222,1,Separate House,Being Purchased,2,3,October,Monday,Yarra Ranges (S),45->49,45->49,45->49,MELB - Outer,Greater Melbourne,Weekday,12,12
Y24H5880223,3,Separate House,Being Purchased,0,2,October,Tuesday,Yarra Ranges (S),25->29,40->44,50->54,MELB - Outer,Greater Melbourne,Weekday,11,11
Y24H5880224,3,Separate House,Being Purchased,Missing/Refused,1,November,Wednesday,Yarra Ranges (S),15->19,30->34,55->59,MELB - Outer,Greater Melbourne,Weekday,10,10
Y24H5880225,4,Separate House,Being Purchased,1,2,November,Thursday,Yarra Ranges (S),0->4,20->24,35->39,MELB - Outer,Greater Melbourne,Weekday,13,13
Y24H5880232,4,Separate House,Being Purchased,3,2,November,Thursday,Yarra Ranges (S),5->9,20->24,40->44,MELB - Outer,Greater Melbourne,Weekday,12,12
Y24H5880233,1,Separate House,Fully Owned,0,1,November,Friday,Yarra Ranges (S),40->44,40->44,40->44,MELB - Outer,Greater Melbourne,Weekday,13,13
Y24H5880234,2,Separate House,Fully Owned,2,1,November,Saturday,Yarra Ranges (S),60->64,75->79,85->89,MELB - Outer,Greater Melbourne,Weekend,6,6
Y24H5880235,2,Separate House,Being Purchased,0,3,November,Sunday,Yarra Ranges (S),40->44,40->44,40->44,MELB - Outer,Greater Melbourne,Weekend,17,17
Y24H5880237,6,Separate House,Being Rented,1,1,October,Tuesday,Yarra Ranges (S),5->9,20->24,40->44,MELB - Outer,Greater Melbourne,Weekday,6,6
Y24H5880239,2,Separate House,Being Purchased,2,3,November,Thursday,Yarra Ranges (S),30->34,30->34,30->34,MELB - Outer,Greater Melbourne,Weekday,12,12
Y24H5880504,6,"Unit, Flat or Apartment",Being Rented,2,2,November,Thursday,Hobsons Bay (C),0->4,15->19,40->44,MELB - Middle,Greater Melbourne,Weekday,8,8
Y24H5880509,2,Separate House,Being Purchased,1,2,October,Tuesday,Hobsons Bay (C),25->29,25->29,25->29,MELB - Middle,Greater Melbourne,Weekday,17,17
Y24H5880511,2,Separate House,Fully Owned,0,1,November,Thursday,Hobsons Bay (C),80->84,80->84,85->89,MELB - Middle,Greater Melbourne,Weekday,6,6
Y24H5880512,4,Terrace or Townhouse,Fully Owned,2,2,November,Friday,Hobsons Bay (C),0->4,20->24,35->39,MELB - Middle,Greater Melbourne,Weekday,17,17
Y24H5880516,2,Separate House,Fully Owned,0,1,October,Tuesday,Hobsons Bay (C),80->84,80->84,80->84,MELB - Middle,Greater Melbourne,Weekday,5,5
Y24H5880517,2,Terrace or Townhouse,Being Rented,1,3,November,Wednesday,Hobsons Bay (C),30->34,30->34,30->34,MELB - Middle,Greater Melbourne,Weekday,12,12
Y24H5880518,3,Terrace or Townhouse,Being Purchased,0,2,November,Thursday,Hobsons Bay (C),0->4,25->29,40->44,MELB - Middle,Greater Melbourne,Weekday,14,14
Y24H5880520,2,Separate House,Being Purchased,0,2,November,Saturday,Hobsons Bay (C),25->29,25->29,25->29,MELB - Middle,Greater Melbourne,Weekend,17,17
Y24H5880521,2,Separate House,Fully Owned,0,1,November,Sunday,Hobsons Bay (C),85->89,85->89,85->89,MELB - Middle,Greater Melbourne,Weekend,6,6
Y24H5880522,2,Terrace or Townhouse,Being Purchased,1,1,October,Monday,Hobsons Bay (C),65->69,65->69,65->69,MELB - Middle,Greater Melbourne,Weekday,16,16
Y24H5880523,3,Terrace or Townhouse,Being Purchased,1,2,October,Tuesday,Hobsons Bay (C),15->19,40->44,50->54,MELB - Middle,Greater Melbourne,Weekday,12,12
Y24H5880526,3,Separate House,Fully Owned,0,3,November,Friday,Hobsons Bay (C),60->64,70->74,90->94,MELB - Middle,Greater Melbourne,Weekday,9,9
Y24H5880532,3,Separate House,Being Purchased,Missing/Refused,2,November,Thursday,Hobsons Bay (C),0->4,20->24,30->34,MELB - Middle,Greater Melbourne,Weekday,18,18
Y24H5880534,2,Separate House,Fully Owned,2,2,November,Saturday,Hobsons Bay (C),70->74,75->79,75->79,MELB - Middle,Greater Melbourne,Weekend,5,5
Y24H5880535,3,Separate House,Fully Owned,0,2,November,Sunday,Hobsons Bay (C),30->34,50->54,60->64,MELB - Middle,Greater Melbourne,Weekend,18,18
Y24H5880537,3,Separate House,Being Purchased,2,2,October,Tuesday,Hobsons Bay (C),40->44,60->64,75->79,MELB - Middle,Greater Melbourne,Weekday,14,14
Y24H5880540,4,Separate House,Being Purchased,2,10,November,Friday,Hobsons Bay (C),20->24,40->44,55->59,MELB - Middle,Greater Melbourne,Weekday,14,14
Y24H5880541,4,Separate House,Being Purchased,4,2,November,Saturday,Hobsons Bay (C),5->9,25->29,45->49,MELB - Middle,Greater Melbourne,Weekend,18,18
Y24H5890102,1,"Unit, Flat or Apartment",Being Rented,0,1,November,Tuesday,Mornington Peninsula (S),45->49,45->49,45->49,MELB - Outer,Greater Melbourne,Weekday,8,8
Y24H5890104,2,Terrace or Townhouse,Fully Owned,0,1,November,Thursday,Mornington Peninsula (S),80->84,80->84,85->89,MELB - Outer,Greater Melbourne,Weekday,6,6
Y24H5890105,1,"Unit, Flat or Apartment",Fully Owned,0,1,November,Friday,Mornington Peninsula (S),65->69,65->69,65->69,MELB - Outer,Greater Melbourne,Weekday,6,6
Y24H5890106,3,Terrace or Townhouse,Fully Owned,2,3,November,Saturday,Mornington Peninsula (S),20->24,50->54,65->69,MELB - Outer,Greater Melbourne,Weekend,16,16
Y24H5890107,1,Separate House,Fully Owned,0,1,November,Sunday,Mornington Peninsula (S),75->79,75->79,75->79,MELB - Outer,Greater Melbourne,Weekend,4,4
Y24H5890109,2,Terrace or Townhouse,Fully Owned,3,2,November,Tuesday,Mornington Peninsula (S),65->69,65->69,65->69,MELB - Outer,Greater Melbourne,Weekday,12,12
Y24H5890113,1,"Unit, Flat or Apartment",Being Purchased,4,1,November,Saturday,Mornington Peninsula (S),70->74,70->74,70->74,MELB - Outer,Greater Melbourne,Weekend,10,10
Y24H5890114,2,Separate House,Being Purchased,3,1,November,Sunday,Mornington Peninsula (S),35->39,45->49,60->64,MELB - Outer,Greater Melbourne,Weekend,13,13
Y24H5890118,3,Separate House,Being Purchased,Missing/Refused,3,November,Thursday,Mornington Peninsula (S),20->24,45->49,55->59,MELB - Outer,Greater Melbourne,Weekday,14,14
Y24H5890121,2,Separate House,Fully Owned,1,1,November,Sunday,Mornington Peninsula (S),75->79,75->79,75->79,MELB - Outer,Greater Melbourne,Weekend,8,8
Y24H5890122,2,Separate House,Fully Owned,1,3,November,Monday,Mornington Peninsula (S),20->24,40->44,60->64,MELB - Outer,Greater Melbourne,Weekday,14,14
Y24H5890126,1,Separate House,Fully Owned,0,1,November,Friday,Mornington Peninsula (S),80->84,80->84,80->84,MELB - Outer,Greater Melbourne,Weekday,6,6
Y24H5890127,3,Terrace or Townhouse,Occupied Rent-Free,0,1,November,Saturday,Mornington Peninsula (S),0->4,30->34,45->49,MELB - Outer,Greater Melbourne,Weekend,18,18
Y24H5890129,3,Separate House,Being Purchased,0,3,November,Monday,Mornington Peninsula (S),20->24,35->39,55->59,MELB - Outer,Greater Melbourne,Weekday,12,12
Y24H5890132,2,Separate House,Fully Owned,3,2,November,Thursday,Mornington Peninsula (S),70->74,70->74,75->79,MELB - Outer,Greater Melbourne,Weekday,8,8
Y24H5890133,4,Separate House,Fully Owned,Missing/Refused,3,November,Friday,Mornington Peninsula (S),15->19,35->39,50->54,MELB - Outer,Greater Melbourne,Weekday,18,18
Y24H5890137,1,"Unit, Flat or Apartment",Being Rented,0,0,November,Tuesday,Mornington Peninsula (S),60->64,60->64,60->64,MELB - Outer,Greater Melbourne,Weekday,1,1
Y24H5890138,2,Separate House,Fully Owned,0,1,November,Wednesday,Mornington Peninsula (S),70->74,70->74,70->74,MELB - Outer,Greater Melbourne,Weekday,15,15
Y24H5890142,1,Terrace or Townhouse,Being Purchased,2,1,November,Sunday,Mornington Peninsula (S),50->54,50->54,50->54,MELB - Outer,Greater Melbourne,Weekend,7,7
Y24H5890201,3,Separate House,Being Rented,0,1,November,Monday,Monash (C),0->4,15->19,20->24,MELB - Middle,Greater Melbourne,Weekday,7,7
Y24H5890202,3,Separate House,Being Rented,0,2,November,Tuesday,Monash (C),25->29,30->34,35->39,MELB - Middle,Greater Melbourne,Weekday,8,8
Y24H5890203,2,Separate House,Fully Owned,0,2,November,Wednesday,Monash (C),65->69,75->79,85->89,MELB - Middle,Greater Melbourne,Weekday,4,4
Y24H5890204,5,"Unit, Flat or Apartment",Being Rented,Missing/Refused,1,November,Thursday,Monash (C),0->4,15->19,35->39,MELB - Middle,Greater Melbourne,Weekday,13,13
Y24H5890208,2,Separate House,Fully Owned,0,2,November,Monday,Monash (C),75->79,75->79,75->79,MELB - Middle,Greater Melbourne,Weekday,18,18
Y24H5890214,1,Separate House,Fully Owned,0,1,November,Sunday,Monash (C),75->79,75->79,75->79,MELB - Middle,Greater Melbourne,Weekend,2,2
Y24H5890216,1,Separate House,Fully Owned,0,1,November,Tuesday,Monash (C),80->84,80->84,80->84,MELB - Middle,Greater Melbourne,Weekday,13,13
Y24H5890217,3,Separate House,Being Purchased,0,5,November,Wednesday,Monash (C),25->29,45->49,60->64,MELB - Middle,Greater Melbourne,Weekday,15,15
Y24H5890223,5,Separate House,Fully Owned,0,2,November,Tuesday,Monash (C),0->4,20->24,55->59,MELB - Middle,Greater Melbourne,Weekday,17,17
Y24H5890224,5,Separate House,Fully Owned,2,4,November,Wednesday,Monash (C),15->19,30->34,50->54,MELB - Middle,Greater Melbourne,Weekday,17,17
Y24H5890226,4,Separate House,Being Rented,3,1,November,Friday,Monash (C),10->14,20->24,45->49,MELB - Middle,Greater Melbourne,Weekday,12,12
Y24H5890230,4,Separate House,Fully Owned,2,2,November,Tuesday,Monash (C),5->9,25->29,35->39,MELB - Middle,Greater Melbourne,Weekday,5,5
Y24H5890232,3,Separate House,Being Purchased,0,1,November,Thursday,Monash (C),35->39,60->64,70->74,MELB - Middle,Greater Melbourne,Weekday,11,11
Y24H5890237,4,Separate House,Fully Owned,0,3,November,Tuesday,Monash (C),25->29,35->39,60->64,MELB - Middle,Greater Melbourne,Weekday,3,3
Y24H5890312,4,"Unit, Flat or Apartment",Being Rented,0,0,November,Friday,Port Phillip (C),5->9,25->29,40->44,MELB - Inner,Greater Melbourne,Weekday,12,12
Y24H5890313,3,"Unit, Flat or Apartment",Fully Owned,0,2,November,Saturday,Port Phillip (C),30->34,45->49,70->74,MELB - Inner,Greater Melbourne,Weekend,14,14
Y24H5890317,1,"Unit, Flat or Apartment",Being Rented,0,1,November,Wednesday,Port Phillip (C),25->29,25->29,25->29,MELB - Inner,Greater Melbourne,Weekday,10,10
Y24H5890322,2,"Unit, Flat or Apartment",Being Rented,0,2,November,Monday,Port Phillip (C),30->34,40->44,50->54,MELB - Inner,Greater Melbourne,Weekday,18,18
Y24H5890327,1,"Unit, Flat or Apartment",Fully Owned,0,1,November,Saturday,Port Phillip (C),20->24,20->24,20->24,MELB - Inner,Greater Melbourne,Weekend,7,7
Y24H5890336,1,"Unit, Flat or Apartment",Being Rented,1,1,November,Monday,Port Phillip (C),65->69,65->69,65->69,MELB - Inner,Greater Melbourne,Weekday,7,7
Y24H5890501,4,Separate House,Being Purchased,2,2,November,Monday,Melton (S),10->14,25->29,40->44,MELB - Outer,Greater Melbourne,Weekday,11,11
Y24H5890504,5,Separate House,Being Rented,0,2,November,Thursday,Melton (S),15->19,20->24,25->29,MELB - Outer,Greater Melbourne,Weekday,8,8
Y24H5890512,5,Separate House,Being Rented,0,2,November,Friday,Melton (S),0->4,15->19,30->34,MELB - Outer,Greater Melbourne,Weekday,9,9
Y24H5890515,2,Separate House,Fully Owned,Missing/Refused,2,November,Monday,Melton (S),70->74,70->74,70->74,MELB - Outer,Greater Melbourne,Weekday,4,4
Y24H5890516,3,Separate House,Fully Owned,0,4,November,Tuesday,Melton (S),15->19,25->29,40->44,MELB - Outer,Greater Melbourne,Weekday,8,8
Y24H5890519,2,Separate House,Fully Owned,0,1,November,Friday,Melton (S),75->79,80->84,80->84,MELB - Outer,Greater Melbourne,Weekday,7,7
Y24H5890521,3,Separate House,Occupied Rent-Free,5,9,November,Sunday,Melton (S),10->14,30->34,40->44,MELB - Outer,Greater Melbourne,Weekend,10,10
Y24H5890524,4,Separate House,Fully Owned,1,1,November,Wednesday,Wyndham (C),20->24,30->34,60->64,MELB - Outer,Greater Melbourne,Weekday,11,11
Y24H5890527,2,Separate House,Being Purchased,0,1,November,Saturday,Wyndham (C),25->29,30->34,30->34,MELB - Outer,Greater Melbourne,Weekend,13,13
Y24H5890528,6,Separate House,Being Rented,0,2,November,Sunday,Wyndham (C),0->4,15->19,30->34,MELB - Outer,Greater Melbourne,Weekend,7,7
Y24H5890530,4,Separate House,Being Rented,2,2,November,Tuesday,Wyndham (C),0->4,20->24,40->44,MELB - Outer,Greater Melbourne,Weekday,7,7
Y24H5890531,5,Separate House,Being Purchased,1,3,November,Wednesday,Wyndham (C),0->4,25->29,50->54,MELB - Outer,Greater Melbourne,Weekday,14,14
Y24H5890532,4,Separate House,Being Purchased,4,1,November,Thursday,Wyndham (C),5->9,25->29,40->44,MELB - Outer,Greater Melbourne,Weekday,13,13
Y24H5890533,4,Separate House,Being Purchased,Missing/Refused,3,November,Friday,Wyndham (C),15->19,30->34,50->54,MELB - Outer,Greater Melbourne,Weekday,11,11
Y24H5890536,2,Separate House,Being Purchased,Missing/Refused,2,November,Monday,Wyndham (C),25->29,25->29,25->29,MELB - Outer,Greater Melbourne,Weekday,13,13
Y24H5890541,5,Separate House,Being Purchased,4,2,November,Saturday,Wyndham (C),0->4,30->34,70->74,MELB - Outer,Greater Melbourne,Weekend,12,12
Y24H5890542,2,Separate House,Being Rented,0,2,November,Sunday,Wyndham (C),60->64,60->64,65->69,MELB - Outer,Greater Melbourne,Weekend,10,10
Y24H5900201,5,Separate House,Fully Owned,0,2,November,Monday,Whitehorse (C),0->4,20->24,40->44,MELB - Middle,Greater Melbourne,Weekday,10,10
Y24H5900203,5,Separate House,Being Purchased,0,3,November,Wednesday,Whitehorse (C),15->19,35->39,65->69,MELB - Middle,Greater Melbourne,Weekday,9,9
Y24H5900204,2,Separate House,Fully Owned,0,2,November,Thursday,Whitehorse (C),80->84,80->84,85->89,MELB - Middle,Greater Melbourne,Weekday,6,6
Y24H5900208,4,Separate House,Fully Owned,5,3,November,Monday,Whitehorse (C),20->24,40->44,60->64,MELB - Middle,Greater Melbourne,Weekday,17,17
Y24H5900209,4,Separate House,Being Purchased,2,4,November,Tuesday,Whitehorse (C),15->19,35->39,55->59,MELB - Middle,Greater Melbourne,Weekday,9,9
Y24H5900210,2,Separate House,Fully Owned,2,2,November,Wednesday,Whitehorse (C),60->64,60->64,60->64,MELB - Middle,Greater Melbourne,Weekday,14,14
Y24H5900212,3,Terrace or Townhouse,Being Purchased,1,3,November,Friday,Whitehorse (C),25->29,45->49,60->64,MELB - Middle,Greater Melbourne,Weekday,13,13
Y24H5900213,3,Separate House,Being Purchased,2,1,November,Saturday,Whitehorse (C),10->14,30->34,40->44,MELB - Middle,Greater Melbourne,Weekend,10,10
Y24H5900215,3,Separate House,Being Purchased,0,5,November,Monday,Whitehorse (C),25->29,50->54,60->64,MELB - Middle,Greater Melbourne,Weekday,17,17
Y24H5900216,2,Separate House,Fully Owned,0,2,November,Tuesday,Whitehorse (C),70->74,70->74,70->74,MELB - Middle,Greater Melbourne,Weekday,6,6
Y24H5900217,4,Separate House,Fully Owned,0,2,November,Wednesday,Whitehorse (C),0->4,25->29,45->49,MELB - Middle,Greater Melbourne,Weekday,14,14
Y24H5900219,2,Separate House,Fully Owned,0,2,November,Friday,Whitehorse (C),70->74,70->74,70->74,MELB - Middle,Greater Melbourne,Weekday,11,11
Y24H5900221,2,Separate House,Fully Owned,1,3,November,Sunday,Whitehorse (C),25->29,30->34,30->34,MELB - Middle,Greater Melbourne,Weekend,12,12
Y24H5900222,4,Separate House,Being Rented,0,1,November,Monday,Whitehorse (C),0->4,15->19,35->39,MELB - Middle,Greater Melbourne,Weekday,14,14
Y24H5900223,3,Separate House,Being Rented,0,0,November,Tuesday,Whitehorse (C),0->4,20->24,35->39,MELB - Middle,Greater Melbourne,Weekday,7,7
Y24H5900224,3,Separate House,Fully Owned,1,2,November,Wednesday,Whitehorse (C),20->24,35->39,60->64,MELB - Middle,Greater Melbourne,Weekday,5,5
Y24H5900226,1,Separate House,Fully Owned,0,1,November,Friday,Whitehorse (C),85->89,85->89,85->89,MELB - Middle,Greater Melbourne,Weekday,6,6
Y24H5900232,2,Separate House,Fully Owned,0,2,November,Thursday,Whitehorse (C),60->64,60->64,60->64,MELB - Middle,Greater Melbourne,Weekday,12,12
Y24H5900234,3,Separate House,Being Purchased,Missing/Refused,3,November,Saturday,Whitehorse (C),20->24,45->49,55->59,MELB - Middle,Greater Melbourne,Weekend,16,16
Y24H5900237,2,Separate House,Fully Owned,2,3,November,Tuesday,Whitehorse (C),75->79,80->84,80->84,MELB - Middle,Greater Melbourne,Weekday,11,11
Y24H5900238,3,Separate House,Fully Owned,0,3,November,Wednesday,Whitehorse (C),20->24,45->49,55->59,MELB - Middle,Greater Melbourne,Weekday,14,14
Y24H5900240,4,Separate House,Being Purchased,4,1,November,Friday,Whitehorse (C),10->14,25->29,40->44,MELB - Middle,Greater Melbourne,Weekday,4,4
Y24H5900242,2,Separate House,Being Purchased,0,2,November,Sunday,Whitehorse (C),35->39,35->39,35->39,MELB - Middle,Greater Melbourne,Weekend,18,18
Y24H5900302,2,"Unit, Flat or Apartment",Being Purchased,2,2,November,Tuesday,Port Phillip (C),40->44,50->54,60->64,MELB - Inner,Greater Melbourne,Weekday,8,8
Y24H5900306,2,"Unit, Flat or Apartment",Fully Owned,2,2,November,Saturday,Port Phillip (C),60->64,65->69,65->69,MELB - Inner,Greater Melbourne,Weekend,14,14
Y24H5900308,2,"Unit, Flat or Apartment",Fully Owned,2,2,November,Monday,Port Phillip (C),70->74,70->74,70->74,MELB - Inner,Greater Melbourne,Weekday,7,7
Y24H5900315,2,"Unit, Flat or Apartment",Fully Owned,Missing/Refused,1,November,Monday,Port Phillip (C),55->59,60->64,65->69,MELB - Inner,Greater Melbourne,Weekday,15,15
Y24H5900320,2,Terrace or Townhouse,Fully Owned,0,1,November,Saturday,Port Phillip (C),70->74,70->74,75->79,MELB - Inner,Greater Melbourne,Weekend,1,1
Y24H5900321,2,"Unit, Flat or Apartment",Being Rented,0,1,November,Sunday,Port Phillip (C),80->84,80->84,80->84,MELB - Inner,Greater Melbourne,Weekend,7,7
Y24H5900322,2,Terrace or Townhouse,Being Rented,1,1,November,Monday,Port Phillip (C),20->24,30->34,45->49,MELB - Inner,Greater Melbourne,Weekday,8,8
Y24H5900323,6,Terrace or Townhouse,Being Purchased,1,3,November,Tuesday,Port Phillip (C),0->4,30->34,70->74,MELB - Inner,Greater Melbourne,Weekday,18,18
Y24H5900328,1,Separate House,Fully Owned,0,1,November,Sunday,Port Phillip (C),85->89,85->89,85->89,MELB - Inner,Greater Melbourne,Weekend,2,2
Y24H5900330,2,Terrace or Townhouse,Being Rented,1,1,November,Tuesday,Port Phillip (C),30->34,30->34,30->34,MELB - Inner,Greater Melbourne,Weekday,7,7
Y24H5900341,1,Separate House,Fully Owned,Missing/Refused,1,November,Saturday,Port Phillip (C),75->79,75->79,75->79,MELB - Inner,Greater Melbourne,Weekend,6,6
Y24H5900342,2,Terrace or Townhouse,Being Purchased,0,2,November,Sunday,Port Phillip (C),55->59,60->64,60->64,MELB - Inner,Greater Melbourne,Weekend,14,14
Y24H5900409,1,Separate House,Being Purchased,0,1,November,Tuesday,Hume (C),65->69,65->69,65->69,MELB - Outer,Greater Melbourne,Weekday,7,7
Y24H5900411,6,Separate House,Being Rented,0,2,November,Thursday,Hume (C),0->4,25->29,70->74,MELB - Outer,Greater Melbourne,Weekday,1,1
Y24H5900414,4,Separate House,Being Purchased,1,3,November,Sunday,Hume (C),25->29,35->39,60->64,MELB - Outer,Greater Melbourne,Weekend,12,12
Y24H5900416,6,"Unit, Flat or Apartment",Being Purchased,0,1,November,Tuesday,Hume (C),10->14,20->24,45->49,MELB - Outer,Greater Melbourne,Weekday,6,6
Y24H5900418,3,Separate House,Fully Owned,0,1,November,Thursday,Hume (C),20->24,55->59,80->84,MELB - Outer,Greater Melbourne,Weekday,10,10
Y24H5900420,2,Separate House,Fully Owned,0,1,November,Saturday,Hume (C),80->84,80->84,80->84,MELB - Outer,Greater Melbourne,Weekend,5,5
Y24H5900421,3,"Unit, Flat or Apartment",Being Purchased,0,3,November,Sunday,Hume (C),25->29,30->34,40->44,MELB - Outer,Greater Melbourne,Weekend,12,12
Y24H5900424,1,Terrace or Townhouse,Being Rented,0,1,November,Wednesday,Hume (C),60->64,60->64,60->64,MELB - Outer,Greater Melbourne,Weekday,8,8
Y24H5910103,3,Separate House,Being Purchased,Missing/Refused,2,November,Wednesday,Casey (C),0->4,20->24,35->39,MELB - Outer,Greater Melbourne,Weekday,12,12
Y24H5910105,4,Separate House,Fully Owned,2,2,November,Friday,Casey (C),0->4,20->24,45->49,MELB - Outer,Greater Melbourne,Weekday,11,11
Y24H5910107,7,Separate House,Being Purchased,Missing/Refused,4,November,Sunday,Casey (C),10->14,25->29,45->49,MELB - Outer,Greater Melbourne,Weekend,14,14
Y24H5910109,3,Separate House,Being Purchased,2,2,November,Tuesday,Casey (C),0->4,15->19,25->29,MELB - Outer,Greater Melbourne,Weekday,14,14
Y24H5910110,5,Separate House,Being Rented,0,3,November,Wednesday,Casey (C),20->24,25->29,30->34,MELB - Outer,Greater Melbourne,Weekday,13,13
Y24H5910114,4,Separate House,Being Purchased,4,2,November,Sunday,Casey (C),10->14,25->29,40->44,MELB - Outer,Greater Melbourne,Weekend,15,15
Y24H5910115,2,Separate House,Being Purchased,0,1,November,Monday,Casey (C),50->54,65->69,80->84,MELB - Outer,Greater Melbourne,Weekday,6,6
Y24H5910116,1,Terrace or Townhouse,Being Purchased,0,2,November,Tuesday,Casey (C),30->34,30->34,30->34,MELB - Outer,Greater Melbourne,Weekday,12,12
Y24H5910120,3,Separate House,Being Purchased,0,2,November,Saturday,Casey (C),0->4,20->24,35->39,MELB - Outer,Greater Melbourne,Weekend,13,13
Y24H5910123,2,Separate House,Fully Owned,Missing/Refused,1,November,Tuesday,Casey (C),75->79,75->79,75->79,MELB - Outer,Greater Melbourne,Weekday,6,6
Y24H5910124,1,Separate House,Fully Owned,0,1,November,Wednesday,Casey (C),85->89,85->89,85->89,MELB - Outer,Greater Melbourne,Weekday,4,4
Y24H5910125,2,"Unit, Flat or Apartment",Fully Owned,0,1,November,Thursday,Casey (C),75->79,75->79,75->79,MELB - Outer,Greater Melbourne,Weekday,12,12
Y24H5910126,2,Separate House,Fully Owned,0,1,November,Friday,Casey (C),70->74,75->79,75->79,MELB - Outer,Greater Melbourne,Weekday,1,1
Y24H5910127,2,Separate House,Fully Owned,0,1,November,Saturday,Casey (C),80->84,80->84,80->84,MELB - Outer,Greater Melbourne,Weekend,6,6
Y24H5910129,1,"Unit, Flat or Apartment",Fully Owned,Missing/Refused,1,November,Monday,Casey (C),80->84,80->84,80->84,MELB - Outer,Greater Melbourne,Weekday,3,3
Y24H5910130,2,Separate House,Being Rented,0,1,November,Tuesday,Casey (C),75->79,75->79,75->79,MELB - Outer,Greater Melbourne,Weekday,8,8
Y24H5910131,1,Separate House,Fully Owned,0,1,November,Wednesday,Casey (C),85->89,85->89,85->89,MELB - Outer,Greater Melbourne,Weekday,3,3
Y24H5910133,1,"Unit, Flat or Apartment",Fully Owned,0,1,November,Friday,Casey (C),75->79,75->79,75->79,MELB - Outer,Greater Melbourne,Weekday,4,4
Y24H5910134,1,"Unit, Flat or Apartment",Being Rented,0,1,November,Saturday,Casey (C),75->79,75->79,75->79,MELB - Outer,Greater Melbourne,Weekend,4,4
Y24H5910135,2,Separate House,Being Rented,0,2,November,Sunday,Casey (C),80->84,80->84,80->84,MELB - Outer,Greater Melbourne,Weekend,5,5
Y24H5910138,1,Separate House,Fully Owned,0,1,November,Wednesday,Casey (C),80->84,80->84,80->84,MELB - Outer,Greater Melbourne,Weekday,3,3
Y24H5910142,1,Separate House,Fully Owned,0,1,November,Sunday,Casey (C),90->94,90->94,90->94,MELB - Outer,Greater Melbourne,Weekend,4,4
Y24H5910301,5,Separate House,Being Purchased,5,2,November,Monday,Stonnington (C),0->4,15->19,40->44,MELB - Inner,Greater Melbourne,Weekday,18,18
Y24H5910302,2,Terrace or Townhouse,Being Rented,0,2,November,Tuesday,Stonnington (C),30->34,30->34,30->34,MELB - Inner,Greater Melbourne,Weekday,18,18
Y24H5910307,2,Separate House,Being Rented,0,1,November,Sunday,Stonnington (C),30->34,35->39,40->44,MELB - Inner,Greater Melbourne,Weekend,18,18
Y24H5910312,3,Separate House,Fully Owned,0,2,November,Friday,Stonnington (C),15->19,40->44,60->64,MELB - Inner,Greater Melbourne,Weekday,17,17
Y24H5910316,1,Separate House,Fully Owned,0,0,November,Tuesday,Stonnington (C),80->84,80->84,80->84,MELB - Inner,Greater Melbourne,Weekday,4,4
Y24H5910320,3,Separate House,Being Rented,2,1,November,Saturday,Stonnington (C),5->9,20->24,45->49,MELB - Inner,Greater Melbourne,Weekend,12,12
Y24H5910321,2,Separate House,Being Rented,Missing/Refused,1,November,Sunday,Stonnington (C),35->39,35->39,35->39,MELB - Inner,Greater Melbourne,Weekend,17,17
Y24H5910323,2,Terrace or Townhouse,Fully Owned,1,1,November,Tuesday,Stonnington (C),75->79,75->79,75->79,MELB - Inner,Greater Melbourne,Weekday,8,8
Y24H5910325,1,Terrace or Townhouse,Fully Owned,Missing/Refused,0,November,Thursday,Stonnington (C),70->74,70->74,70->74,MELB - Inner,Greater Melbourne,Weekday,3,3
Y24H5910327,3,Separate House,Fully Owned,0,2,November,Saturday,Stonnington (C),15->19,40->44,50->54,MELB - Inner,Greater Melbourne,Weekend,14,14
Y24H5910328,1,Terrace or Townhouse,Fully Owned,0,1,November,Sunday,Stonnington (C),85->89,85->89,85->89,MELB - Inner,Greater Melbourne,Weekend,7,7
Y24H5910331,4,Separate House,Fully Owned,4,3,November,Wednesday,Stonnington (C),10->14,30->34,50->54,MELB - Inner,Greater Melbourne,Weekday,18,18
Y24H5910335,5,Separate House,Fully Owned,3,2,November,Sunday,Stonnington (C),0->4,15->19,35->39,MELB - Inner,Greater Melbourne,Weekend,17,17
Y24H5910336,1,Terrace or Townhouse,Fully Owned,0,1,November,Monday,Stonnington (C),75->79,75->79,75->79,MELB - Inner,Greater Melbourne,Weekday,0,0
Y24H5910338,1,Separate House,Fully Owned,0,1,November,Wednesday,Stonnington (C),85->89,85->89,85->89,MELB - Inner,Greater Melbourne,Weekday,14,14
Y24H5910340,5,Terrace or Townhouse,Being Rented,5,2,November,Friday,Stonnington (C),10->14,25->29,50->54,MELB - Inner,Greater Melbourne,Weekday,13,13
Y24H5910341,2,Terrace or Townhouse,Fully Owned,1,0,November,Saturday,Stonnington (C),65->69,65->69,65->69,MELB - Inner,Greater Melbourne,Weekend,9,9
Y24H5910342,3,Terrace or Townhouse,Being Purchased,1,3,November,Sunday,Stonnington (C),25->29,45->49,60->64,MELB - Inner,Greater Melbourne,Weekend,9,9
Y24H5910401,3,Terrace or Townhouse,Fully Owned,3,1,November,Monday,Darebin (C),0->4,25->29,40->44,MELB - Middle,Greater Melbourne,Weekday,12,12
Y24H5910403,4,Separate House,Being Purchased,Missing/Refused,2,November,Wednesday,Darebin (C),15->19,35->39,55->59,MELB - Middle,Greater Melbourne,Weekday,14,14
Y24H5910404,5,Terrace or Townhouse,Being Rented,2,1,November,Thursday,Darebin (C),0->4,15->19,35->39,MELB - Middle,Greater Melbourne,Weekday,8,8
Y24H5910405,3,Separate House,Being Purchased,3,2,November,Friday,Darebin (C),10->14,35->39,50->54,MELB - Middle,Greater Melbourne,Weekday,12,12
Y24H5910406,3,Separate House,Fully Owned,0,3,November,Saturday,Darebin (C),25->29,45->49,55->59,MELB - Middle,Greater Melbourne,Weekend,16,16
Y24H5910410,4,Separate House,Being Purchased,9,1,November,Wednesday,Darebin (C),0->4,20->24,35->39,MELB - Middle,Greater Melbourne,Weekday,12,12
Y24H5910411,3,Separate House,Being Purchased,7,2,November,Thursday,Darebin (C),0->4,20->24,30->34,MELB - Middle,Greater Melbourne,Weekday,17,17
Y24H5910412,2,Separate House,Being Purchased,0,3,November,Friday,Darebin (C),25->29,25->29,25->29,MELB - Middle,Greater Melbourne,Weekday,15,15
Y24H5910413,1,Terrace or Townhouse,Being Purchased,Missing/Refused,1,November,Saturday,Darebin (C),45->49,45->49,45->49,MELB - Middle,Greater Melbourne,Weekend,10,10
Y24H5910418,6,Separate House,Fully Owned,0,2,November,Thursday,Darebin (C),10->14,35->39,70->74,MELB - Middle,Greater Melbourne,Weekday,11,11
Y24H5910421,4,Separate House,Being Purchased,5,2,November,Sunday,Darebin (C),10->14,30->34,50->54,MELB - Middle,Greater Melbourne,Weekend,15,15
Y24H5910424,1,Separate House,Fully Owned,0,0,November,Wednesday,Darebin (C),85->89,85->89,85->89,MELB - Middle,Greater Melbourne,Weekday,2,2
Y24H5910429,1,"Unit, Flat or Apartment",Being Rented,0,1,November,Monday,Darebin (C),65->69,65->69,65->69,MELB - Middle,Greater Melbourne,Weekday,12,12
Y24H5910430,3,Separate House,Fully Owned,0,2,November,Tuesday,Darebin (C),50->54,70->74,75->79,MELB - Middle,Greater Melbourne,Weekday,5,5
Y24H5910432,4,Separate House,Being Purchased,0,3,November,Thursday,Darebin (C),15->19,30->34,55->59,MELB - Middle,Greater Melbourne,Weekday,12,12
Y24H5910435,1,Separate House,Fully Owned,0,1,November,Sunday,Darebin (C),70->74,70->74,70->74,MELB - Middle,Greater Melbourne,Weekend,3,3
Y24H5910437,6,Separate House,Being Rented,0,2,November,Tuesday,Darebin (C),0->4,15->19,40->44,MELB - Middle,Greater Melbourne,Weekday,9,9
Y24H5910440,2,"Unit, Flat or Apartment",Being Rented,0,1,November,Friday,Darebin (C),45->49,65->69,85->89,MELB - Middle,Greater Melbourne,Weekday,8,8
Y24H5910504,2,Separate House,Fully Owned,0,1,November,Thursday,Melton (S),60->64,60->64,65->69,MELB - Outer,Greater Melbourne,Weekday,12,12
Y24H5910509,4,Separate House,Being Purchased,2,1,November,Tuesday,Melton (S),5->9,20->24,40->44,MELB - Outer,Greater Melbourne,Weekday,15,15
Y24H5910515,2,Separate House,Fully Owned,0,2,November,Monday,Melton (S),60->64,65->69,65->69,MELB - Outer,Greater Melbourne,Weekday,1,1
Y24H5910520,4,Separate House,Fully Owned,3,3,November,Saturday,Melton (S),10->14,25->29,40->44,MELB - Outer,Greater Melbourne,Weekend,13,13
Y24H5910523,2,Separate House,Being Rented,0,2,November,Tuesday,Melton (S),60->64,60->64,65->69,MELB - Outer,Greater Melbourne,Weekday,18,18
Y24H5910525,5,Separate House,Being Rented,0,3,November,Thursday,Melton (S),15->19,35->39,50->54,MELB - Outer,Greater Melbourne,Weekday,17,17
Y24H5910528,5,Separate House,Being Purchased,2,5,November,Sunday,Melton (S),20->24,35->39,55->59,MELB - Outer,Greater Melbourne,Weekend,12,12
Y24H5910529,4,Separate House,Fully Owned,Missing/Refused,3,November,Monday,Melton (S),20->24,30->34,40->44,MELB - Outer,Greater Melbourne,Weekday,15,15
Y24H5910533,3,Separate House,Being Purchased,2,2,November,Friday,Melton (S),0->4,20->24,35->39,MELB - Outer,Greater Melbourne,Weekday,11,11
Y24H5910535,10,Terrace or Townhouse,Being Rented,4,2,November,Sunday,Melton (S),0->4,20->24,75->79,MELB - Outer,Greater Melbourne,Weekend,13,13
Y24H5910537,1,Separate House,Being Purchased,0,1,November,Tuesday,Melton (S),50->54,50->54,50->54,MELB - Outer,Greater Melbourne,Weekday,2,2
Y24H5920202,4,Separate House,Fully Owned,6,2,November,Tuesday,Greater Dandenong (C),45->49,60->64,75->79,MELB - Middle,Greater Melbourne,Weekday,8,8
Y24H5920206,1,Separate House,Fully Owned,0,0,December,Saturday,Greater Dandenong (C),90->94,90->94,90->94,MELB - Middle,Greater Melbourne,Weekend,3,3
Y24H5920207,1,Separate House,Fully Owned,0,2,December,Sunday,Greater Dandenong (C),65->69,65->69,65->69,MELB - Middle,Greater Melbourne,Weekend,0,0
Y24H5920208,3,Separate House,Being Rented,0,2,November,Monday,Greater Dandenong (C),50->54,55->59,65->69,MELB - Middle,Greater Melbourne,Weekday,11,11
Y24H5920211,1,Separate House,Fully Owned,0,1,November,Thursday,Greater Dandenong (C),80->84,80->84,80->84,MELB - Middle,Greater Melbourne,Weekday,5,5
Y24H5920212,3,Separate House,Being Rented,Missing/Refused,2,December,Friday,Greater Dandenong (C),0->4,20->24,35->39,MELB - Middle,Greater Melbourne,Weekday,7,7
Y24H5920214,3,Separate House,Being Purchased,2,2,December,Sunday,Greater Dandenong (C),0->4,25->29,35->39,MELB - Middle,Greater Melbourne,Weekend,12,12
Y24H5920222,1,"Unit, Flat or Apartment",Fully Owned,Missing/Refused,2,November,Monday,Greater Dandenong (C),70->74,70->74,70->74,MELB - Middle,Greater Melbourne,Weekday,3,3
Y24H5920228,1,"Unit, Flat or Apartment",Fully Owned,0,1,December,Sunday,Greater Dandenong (C),80->84,80->84,80->84,MELB - Middle,Greater Melbourne,Weekend,4,4
Y24H5920230,1,"Unit, Flat or Apartment",Fully Owned,0,1,November,Tuesday,Greater Dandenong (C),75->79,75->79,75->79,MELB - Middle,Greater Melbourne,Weekday,4,4
Y24H5920231,1,"Unit, Flat or Apartment",Fully Owned,0,1,November,Wednesday,Greater Dandenong (C),65->69,65->69,65->69,MELB - Middle,Greater Melbourne,Weekday,1,1
Y24H5920232,1,"Unit, Flat or Apartment",Fully Owned,0,1,November,Thursday,Greater Dandenong (C),65->69,65->69,65->69,MELB - Middle,Greater Melbourne,Weekday,7,7
Y24H5920233,1,"Unit, Flat or Apartment",Fully Owned,Missing/Refused,1,December,Friday,Greater Dandenong (C),65->69,65->69,65->69,MELB - Middle,Greater Melbourne,Weekday,3,3
Y24H5920234,1,Other,Fully Owned,0,0,December,Saturday,Greater Dandenong (C),60->64,60->64,60->64,MELB - Middle,Greater Melbourne,Weekend,9,9
Y24H5920236,1,"Unit, Flat or Apartment",Being Rented,0,0,November,Monday,Greater Dandenong (C),75->79,75->79,75->79,MELB - Middle,Greater Melbourne,Weekday,2,2
Y24H5920238,1,"Unit, Flat or Apartment",Fully Owned,0,1,November,Wednesday,Greater Dandenong (C),80->84,80->84,80->84,MELB - Middle,Greater Melbourne,Weekday,2,2
Y24H5920239,1,"Unit, Flat or Apartment",Fully Owned,0,1,November,Thursday,Greater Dandenong (C),85->89,85->89,85->89,MELB - Middle,Greater Melbourne,Weekday,4,4
Y24H5920240,1,"Unit, Flat or Apartment",Fully Owned,0,0,December,Friday,Greater Dandenong (C),95->99,95->99,95->99,MELB - Middle,Greater Melbourne,Weekday,5,5
Y24H5920301,1,"Unit, Flat or Apartment",Being Rented,0,1,November,Monday,Boroondara (C),40->44,40->44,40->44,MELB - Inner,Greater Melbourne,Weekday,12,12
Y24H5920304,3,Separate House,Fully Owned,1,3,November,Thursday,Boroondara (C),20->24,40->44,50->54,MELB - Inner,Greater Melbourne,Weekday,7,7
Y24H5920305,3,Separate House,Fully Owned,0,2,December,Friday,Boroondara (C),60->64,75->79,90->94,MELB - Inner,Greater Melbourne,Weekday,11,11
Y24H5920307,4,"Unit, Flat or Apartment",Being Rented,4,2,December,Sunday,Boroondara (C),5->9,25->29,50->54,MELB - Inner,Greater Melbourne,Weekend,12,12
Y24H5920308,1,Separate House,Fully Owned,6,2,November,Monday,Boroondara (C),70->74,70->74,70->74,MELB - Inner,Greater Melbourne,Weekday,8,8
Y24H5920309,1,Separate House,Being Rented,0,1,November,Tuesday,Boroondara (C),85->89,85->89,85->89,MELB - Inner,Greater Melbourne,Weekday,4,4
Y24H5920311,1,Separate House,Fully Owned,0,1,November,Thursday,Boroondara (C),60->64,60->64,60->64,MELB - Inner,Greater Melbourne,Weekday,1,1
Y24H5920312,3,"Unit, Flat or Apartment",Being Rented,1,1,December,Friday,Boroondara (C),10->14,25->29,35->39,MELB - Inner,Greater Melbourne,Weekday,16,16
Y24H5920314,4,"Unit, Flat or Apartment",Being Purchased,2,2,December,Sunday,Boroondara (C),15->19,30->34,50->54,MELB - Inner,Greater Melbourne,Weekend,13,13
Y24H5920316,1,"Unit, Flat or Apartment",Being Rented,0,1,November,Tuesday,Boroondara (C),30->34,30->34,30->34,MELB - Inner,Greater Melbourne,Weekday,8,8
Y24H5920317,1,"Unit, Flat or Apartment",Being Rented,0,1,November,Wednesday,Boroondara (C),45->49,45->49,45->49,MELB - Inner,Greater Melbourne,Weekday,12,12
Y24H5920318,1,"Unit, Flat or Apartment",Being Purchased,0,1,November,Thursday,Boroondara (C),60->64,60->64,60->64,MELB - Inner,Greater Melbourne,Weekday,12,12
Y24H5920320,4,Separate House,Fully Owned,0,2,December,Saturday,Boroondara (C),0->4,40->44,65->69,MELB - Inner,Greater Melbourne,Weekend,8,8
Y24H5920323,1,"Unit, Flat or Apartment",Being Purchased,0,1,November,Tuesday,Stonnington (C),35->39,35->39,35->39,MELB - Inner,Greater Melbourne,Weekday,14,14
Y24H5920329,1,"Unit, Flat or Apartment",Being Rented,1,1,November,Monday,Stonnington (C),60->64,60->64,60->64,MELB - Inner,Greater Melbourne,Weekday,8,8
Y24H5920333,1,Terrace or Townhouse,Fully Owned,0,1,December,Friday,Stonnington (C),75->79,75->79,75->79,MELB - Inner,Greater Melbourne,Weekday,7,7
Y24H5920336,1,Separate House,Fully Owned,2,1,November,Monday,Stonnington (C),75->79,75->79,75->79,MELB - Inner,Greater Melbourne,Weekday,5,5
Y24H5920339,2,Separate House,Fully Owned,2,1,November,Thursday,Stonnington (C),75->79,75->79,80->84,MELB - Inner,Greater Melbourne,Weekday,7,7
Y24H5920342,1,Separate House,Fully Owned,0,1,December,Sunday,Stonnington (C),70->74,70->74,70->74,MELB - Inner,Greater Melbourne,Weekend,8,8
Y24H5920402,3,Separate House,Being Rented,2,1,November,Tuesday,Whittlesea (C),5->9,15->19,40->44,MELB - Outer,Greater Melbourne,Weekday,3,3
Y24H5920403,3,Separate House,Fully Owned,1,3,November,Wednesday,Whittlesea (C),20->24,45->49,60->64,MELB - Outer,Greater Melbourne,Weekday,16,16
Y24H5920405,3,"Unit, Flat or Apartment",Being Rented,0,1,December,Friday,Whittlesea (C),15->19,25->29,45->49,MELB - Outer,Greater Melbourne,Weekday,6,6
Y24H5920406,3,Separate House,Fully Owned,0,2,December,Saturday,Whittlesea (C),20->24,45->49,60->64,MELB - Outer,Greater Melbourne,Weekend,16,16
Y24H5920407,2,Separate House,Fully Owned,0,1,December,Sunday,Whittlesea (C),70->74,70->74,75->79,MELB - Outer,Greater Melbourne,Weekend,6,6
Y24H5920409,3,Separate House,Being Purchased,0,3,November,Tuesday,Whittlesea (C),25->29,45->49,60->64,MELB - Outer,Greater Melbourne,Weekday,1,1
Y24H5920414,7,Separate House,Being Purchased,2,2,December,Sunday,Whittlesea (C),0->4,35->39,70->74,MELB - Outer,Greater Melbourne,Weekend,14,14
Y24H5920415,3,Separate House,Fully Owned,Missing/Refused,2,November,Monday,Whittlesea (C),20->24,55->59,75->79,MELB - Outer,Greater Melbourne,Weekday,11,11
Y24H5920422,3,Separate House,Being Purchased,0,3,November,Monday,Whittlesea (C),30->34,50->54,65->69,MELB - Outer,Greater Melbourne,Weekday,11,11
Y24H5920431,4,Separate House,Being Purchased,2,2,November,Wednesday,Whittlesea (C),0->4,15->19,35->39,MELB - Outer,Greater Melbourne,Weekday,17,17
Y24H5920432,1,Separate House,Fully Owned,0,1,November,Thursday,Whittlesea (C),70->74,70->74,70->74,MELB - Outer,Greater Melbourne,Weekday,3,3
Y24H5920436,3,Separate House,Being Rented,0,1,November,Monday,Whittlesea (C),20->24,45->49,60->64,MELB - Outer,Greater Melbourne,Weekday,13,13
Y24H5930104,2,Terrace or Townhouse,Fully Owned,Missing/Refused,2,December,Thursday,Kingston (C),65->69,65->69,65->69,MELB - Outer,Greater Melbourne,Weekday,12,12
Y24H5930108,3,Terrace or Townhouse,Being Rented,6,1,December,Monday,Kingston (C),10->14,25->29,50->54,MELB - Outer,Greater Melbourne,Weekday,12,12
Y24H5930114,2,Separate House,Fully Owned,1,2,December,Sunday,Kingston (C),60->64,65->69,70->74,MELB - Outer,Greater Melbourne,Weekend,8,8
Y24H5930119,1,Separate House,Fully Owned,0,1,December,Friday,Kingston (C),80->84,80->84,80->84,MELB - Outer,Greater Melbourne,Weekday,4,4
Y24H5930123,4,Separate House,Fully Owned,4,1,December,Tuesday,Kingston (C),10->14,35->39,55->59,MELB - Middle,Greater Melbourne,Weekday,17,17
Y24H5930124,2,"Unit, Flat or Apartment",Being Purchased,0,2,December,Wednesday,Kingston (C),25->29,30->34,30->34,MELB - Middle,Greater Melbourne,Weekday,15,15
Y24H5930125,1,Separate House,Fully Owned,0,1,December,Thursday,Kingston (C),60->64,60->64,60->64,MELB - Middle,Greater Melbourne,Weekday,8,8
Y24H5930130,1,"Unit, Flat or Apartment",Being Rented,0,1,December,Tuesday,Kingston (C),20->24,20->24,20->24,MELB - Middle,Greater Melbourne,Weekday,6,6
Y24H5930132,1,"Unit, Flat or Apartment",Fully Owned,0,1,December,Thursday,Kingston (C),85->89,85->89,85->89,MELB - Middle,Greater Melbourne,Weekday,5,5
Y24H5930133,2,Separate House,Being Rented,Missing/Refused,3,December,Friday,Kingston (C),25->29,25->29,25->29,MELB - Middle,Greater Melbourne,Weekday,11,11
Y24H5930139,4,Terrace or Townhouse,Being Purchased,4,3,December,Thursday,Kingston (C),0->4,20->24,35->39,MELB - Middle,Greater Melbourne,Weekday,18,18
Y24H5930302,1,Separate House,Fully Owned,0,1,December,Tuesday,Moonee Valley (C),80->84,80->84,80->84,MELB - Inner,Greater Melbourne,Weekday,3,3
Y24H5930303,1,"Unit, Flat or Apartment",Being Rented,0,0,December,Wednesday,Moonee Valley (C),25->29,25->29,25->29,MELB - Inner,Greater Melbourne,Weekday,8,8
Y24H5930307,3,Separate House,Fully Owned,2,2,December,Sunday,Moonee Valley (C),15->19,40->44,50->54,MELB - Inner,Greater Melbourne,Weekend,17,17
Y24H5930312,2,Separate House,Fully Owned,0,0,December,Friday,Moonee Valley (C),60->64,60->64,60->64,MELB - Inner,Greater Melbourne,Weekday,10,10
Y24H5930313,2,Separate House,Occupied Rent-Free,1,1,December,Saturday,Moonee Valley (C),35->39,35->39,35->39,MELB - Inner,Greater Melbourne,Weekend,13,13
Y24H5930316,2,Separate House,Being Rented,2,1,December,Tuesday,Moonee Valley (C),30->34,45->49,60->64,MELB - Inner,Greater Melbourne,Weekday,2,2
Y24H5930319,5,Separate House,Being Purchased,0,2,December,Friday,Moonee Valley (C),5->9,20->24,50->54,MELB - Inner,Greater Melbourne,Weekday,14,14
Y24H5930320,3,Separate House,Fully Owned,0,2,December,Saturday,Moonee Valley (C),45->49,65->69,80->84,MELB - Inner,Greater Melbourne,Weekend,6,6
Y24H5930326,2,"Unit, Flat or Apartment",Being Rented,1,1,December,Friday,Merri-bek (C),30->34,30->34,30->34,MELB - Inner,Greater Melbourne,Weekday,10,10
Y24H5930332,2,"Unit, Flat or Apartment",Fully Owned,0,1,December,Thursday,Merri-bek (C),20->24,20->24,25->29,MELB - Inner,Greater Melbourne,Weekday,3,3
Y24H5930333,1,"Unit, Flat or Apartment",Being Rented,1,1,December,Friday,Merri-bek (C),40->44,40->44,40->44,MELB - Inner,Greater Melbourne,Weekday,9,9
Y24H5930402,5,Separate House,Fully Owned,4,2,December,Tuesday,Whittlesea (C),5->9,20->24,40->44,MELB - Outer,Greater Melbourne,Weekday,14,14
Y24H5930403,4,Separate House,Being Rented,0,4,December,Wednesday,Whittlesea (C),20->24,30->34,45->49,MELB - Outer,Greater Melbourne,Weekday,9,9
Y24H5930404,2,Separate House,Fully Owned,1,1,December,Thursday,Whittlesea (C),40->44,40->44,40->44,MELB - Outer,Greater Melbourne,Weekday,10,10
Y24H5930413,4,Separate House,Fully Owned,2,2,December,Saturday,Whittlesea (C),10->14,25->29,40->44,MELB - Outer,Greater Melbourne,Weekend,13,13
Y24H5930414,4,Separate House,Being Purchased,3,2,December,Sunday,Whittlesea (C),5->9,20->24,40->44,MELB - Outer,Greater Melbourne,Weekend,14,14
Y24H5930416,3,Separate House,Fully Owned,0,2,December,Tuesday,Whittlesea (C),0->4,20->24,35->39,MELB - Outer,Greater Melbourne,Weekday,10,10
Y24H5930418,3,Separate House,Fully Owned,0,2,December,Thursday,Whittlesea (C),45->49,60->64,70->74,MELB - Outer,Greater Melbourne,Weekday,7,7
Y24H5930420,4,Separate House,Being Purchased,Missing/Refused,3,December,Saturday,Whittlesea (C),20->24,35->39,50->54,MELB - Outer,Greater Melbourne,Weekend,14,14
Y24H5930422,3,Separate House,Being Purchased,1,2,December,Monday,Whittlesea (C),0->4,20->24,30->34,MELB - Outer,Greater Melbourne,Weekday,14,14
Y24H5930423,4,Separate House,Being Rented,2,3,December,Tuesday,Whittlesea (C),5->9,25->29,45->49,MELB - Outer,Greater Melbourne,Weekday,6,6
Y24H5930427,2,Separate House,Fully Owned,1,1,December,Saturday,Whittlesea (C),20->24,40->44,60->64,MELB - Outer,Greater Melbourne,Weekend,4,4
Y24H5930428,3,Separate House,Fully Owned,2,1,December,Sunday,Whittlesea (C),0->4,25->29,40->44,MELB - Outer,Greater Melbourne,Weekend,14,14
Y24H5930429,2,Separate House,Being Purchased,1,1,December,Monday,Whittlesea (C),10->14,30->34,45->49,MELB - Outer,Greater Melbourne,Weekday,8,8
Y24H5930434,4,Separate House,Being Purchased,3,2,December,Saturday,Whittlesea (C),5->9,25->29,40->44,MELB - Outer,Greater Melbourne,Weekend,15,15
Y24H5930438,2,Separate House,Being Purchased,2,2,December,Wednesday,Whittlesea (C),30->34,35->39,35->39,MELB - Outer,Greater Melbourne,Weekday,17,17
Y24H5930440,3,Separate House,Fully Owned,0,2,December,Friday,Whittlesea (C),0->4,20->24,30->34,MELB - Outer,Greater Melbourne,Weekday,12,12
Y24H5930441,1,Separate House,Fully Owned,0,1,December,Saturday,Whittlesea (C),40->44,40->44,40->44,MELB - Outer,Greater Melbourne,Weekend,12,12
Y24H5930502,2,Separate House,Fully Owned,4,2,December,Tuesday,Brimbank (C),70->74,70->74,70->74,MELB - Middle,Greater Melbourne,Weekday,6,6
Y24H5930503,2,Separate House,Being Purchased,1,2,December,Wednesday,Brimbank (C),30->34,35->39,35->39,MELB - Middle,Greater Melbourne,Weekday,18,18
Y24H5930504,1,"Unit, Flat or Apartment",Fully Owned,1,1,December,Thursday,Brimbank (C),70->74,70->74,70->74,MELB - Middle,Greater Melbourne,Weekday,1,1
Y24H5930508,2,Separate House,Fully Owned,3,1,December,Monday,Brimbank (C),70->74,70->74,70->74,MELB - Middle,Greater Melbourne,Weekday,8,8
Y24H5930509,3,Separate House,Being Purchased,2,1,December,Tuesday,Brimbank (C),5->9,30->34,45->49,MELB - Middle,Greater Melbourne,Weekday,11,11
Y24H5930512,2,Separate House,Fully Owned,1,1,December,Friday,Brimbank (C),80->84,80->84,80->84,MELB - Middle,Greater Melbourne,Weekday,5,5
Y24H5930513,3,Separate House,Being Purchased,0,2,December,Saturday,Brimbank (C),15->19,40->44,55->59,MELB - Middle,Greater Melbourne,Weekend,14,14
Y24H5930515,3,"Unit, Flat or Apartment",Being Rented,0,2,December,Monday,Brimbank (C),25->29,25->29,25->29,MELB - Middle,Greater Melbourne,Weekday,10,10
Y24H5930516,2,Separate House,Being Purchased,1,2,December,Tuesday,Brimbank (C),40->44,40->44,40->44,MELB - Middle,Greater Melbourne,Weekday,14,14
Y24H5930517,1,Separate House,Fully Owned,0,0,December,Wednesday,Brimbank (C),90->94,90->94,90->94,MELB - Middle,Greater Melbourne,Weekday,4,4
Y24H5930523,2,Separate House,Fully Owned,0,2,December,Tuesday,Brimbank (C),70->74,70->74,70->74,MELB - Middle,Greater Melbourne,Weekday,8,8
Y24H5930526,2,Separate House,Fully Owned,0,2,December,Friday,Brimbank (C),65->69,70->74,75->79,MELB - Middle,Greater Melbourne,Weekday,7,7
Y24H5930527,3,Separate House,Being Purchased,0,2,December,Saturday,Brimbank (C),0->4,20->24,30->34,MELB - Middle,Greater Melbourne,Weekend,16,16
Y24H5930530,3,Separate House,Being Purchased,3,1,December,Tuesday,Brimbank (C),5->9,25->29,40->44,MELB - Middle,Greater Melbourne,Weekday,15,15
Y24H5930533,2,Separate House,Being Rented,0,1,December,Friday,Brimbank (C),25->29,25->29,25->29,MELB - Middle,Greater Melbourne,Weekday,15,15
Y24H5930534,2,Separate House,Being Purchased,0,2,December,Saturday,Brimbank (C),30->34,30->34,35->39,MELB - Middle,Greater Melbourne,Weekend,14,14
Y24H5930538,1,Separate House,Fully Owned,0,1,December,Wednesday,Brimbank (C),90->94,90->94,90->94,MELB - Middle,Greater Melbourne,Weekday,1,1
Y24H5930540,4,Terrace or Townhouse,Being Rented,0,1,December,Friday,Brimbank (C),20->24,30->34,50->54,MELB - Middle,Greater Melbourne,Weekday,11,11
Y24H5940101,1,Separate House,Fully Owned,0,1,December,Monday,Frankston (C),75->79,75->79,75->79,MELB - Outer,Greater Melbourne,Weekday,2,2
Y24H5940104,1,Separate House,Fully Owned,0,1,December,Thursday,Frankston (C),75->79,75->79,75->79,MELB - Outer,Greater Melbourne,Weekday,5,5
Y24H5940106,4,Separate House,Being Purchased,4,2,December,Saturday,Frankston (C),5->9,20->24,40->44,MELB - Outer,Greater Melbourne,Weekend,12,12
Y24H5940111,2,Separate House,Fully Owned,1,2,December,Thursday,Frankston (C),60->64,65->69,65->69,MELB - Outer,Greater Melbourne,Weekday,9,9
Y24H5940112,4,Separate House,Being Purchased,4,2,December,Friday,Frankston (C),5->9,25->29,50->54,MELB - Outer,Greater Melbourne,Weekday,11,11
Y24H5940113,3,Separate House,Fully Owned,2,0,December,Saturday,Frankston (C),5->9,20->24,55->59,MELB - Outer,Greater Melbourne,Weekend,8,8
Y24H5940115,1,Separate House,Being Purchased,0,1,December,Monday,Frankston (C),60->64,60->64,60->64,MELB - Outer,Greater Melbourne,Weekday,12,12
Y24H5940116,2,Separate House,Being Purchased,1,2,December,Tuesday,Frankston (C),40->44,40->44,45->49,MELB - Outer,Greater Melbourne,Weekday,14,14
Y24H5940120,2,Separate House,Fully Owned,1,2,December,Saturday,Frankston (C),60->64,70->74,75->79,MELB - Outer,Greater Melbourne,Weekend,3,3
Y24H5940121,4,Separate House,Being Purchased,0,2,December,Sunday,Frankston (C),0->4,20->24,40->44,MELB - Outer,Greater Melbourne,Weekend,13,13
Y24H5940122,2,Separate House,Fully Owned,0,1,December,Monday,Frankston (C),65->69,80->84,90->94,MELB - Outer,Greater Melbourne,Weekday,3,3
Y24H5940126,4,Separate House,Being Purchased,0,3,December,Friday,Frankston (C),0->4,40->44,65->69,MELB - Outer,Greater Melbourne,Weekday,9,9
Y24H5940128,2,Separate House,Fully Owned,0,2,December,Sunday,Frankston (C),85->89,85->89,85->89,MELB - Outer,Greater Melbourne,Weekend,14,14
Y24H5940129,1,"Unit, Flat or Apartment",Fully Owned,0,1,December,Monday,Frankston (C),70->74,70->74,70->74,MELB - Outer,Greater Melbourne,Weekday,4,4
Y24H5940130,1,Separate House,Being Purchased,1,1,December,Tuesday,Frankston (C),55->59,55->59,55->59,MELB - Outer,Greater Melbourne,Weekday,7,7
Y24H5940131,3,Separate House,Fully Owned,0,2,December,Wednesday,Frankston (C),35->39,50->54,60->64,MELB - Outer,Greater Melbourne,Weekday,15,15
Y24H5940135,2,Separate House,Fully Owned,3,2,December,Sunday,Frankston (C),40->44,40->44,45->49,MELB - Outer,Greater Melbourne,Weekend,18,18
Y24H5940136,1,Separate House,Fully Owned,2,1,December,Monday,Frankston (C),65->69,65->69,65->69,MELB - Outer,Greater Melbourne,Weekday,4,4
Y24H5940137,4,Separate House,Being Purchased,0,2,December,Tuesday,Frankston (C),0->4,20->24,45->49,MELB - Outer,Greater Melbourne,Weekday,12,12
Y24H5940140,2,Separate House,Being Purchased,2,1,December,Friday,Frankston (C),30->34,30->34,35->39,MELB - Outer,Greater Melbourne,Weekday,12,12
Y24H5940203,1,"Unit, Flat or Apartment",Fully Owned,0,1,December,Wednesday,Maroondah (C),75->79,75->79,75->79,MELB - Middle,Greater Melbourne,Weekday,7,7
Y24H5940204,1,"Unit, Flat or Apartment",Being Purchased,0,1,December,Thursday,Maroondah (C),55->59,55->59,55->59,MELB - Middle,Greater Melbourne,Weekday,12,12
Y24H5940205,2,Terrace or Townhouse,Being Purchased,0,1,December,Friday,Maroondah (C),25->29,25->29,25->29,MELB - Middle,Greater Melbourne,Weekday,17,17
Y24H5940206,2,"Unit, Flat or Apartment",Being Rented,0,1,December,Saturday,Maroondah (C),25->29,25->29,25->29,MELB - Middle,Greater Melbourne,Weekend,13,13
Y24H5940212,1,Separate House,Fully Owned,1,1,December,Friday,Maroondah (C),65->69,65->69,65->69,MELB - Middle,Greater Melbourne,Weekday,7,7
Y24H5940214,3,Separate House,Being Rented,0,3,December,Sunday,Maroondah (C),45->49,55->59,60->64,MELB - Middle,Greater Melbourne,Weekend,8,8
Y24H5940215,2,Separate House,Fully Owned,0,1,December,Monday,Maroondah (C),70->74,70->74,70->74,MELB - Middle,Greater Melbourne,Weekday,11,11
Y24H5940217,3,Separate House,Being Purchased,Missing/Refused,2,December,Wednesday,Maroondah (C),0->4,25->29,45->49,MELB - Middle,Greater Melbourne,Weekday,15,15
Y24H5940218,2,Separate House,Being Rented,0,1,December,Thursday,Maroondah (C),10->14,30->34,45->49,MELB - Middle,Greater Melbourne,Weekday,4,4
Y24H5940219,2,"Unit, Flat or Apartment",Being Rented,0,1,December,Friday,Maroondah (C),35->39,35->39,35->39,MELB - Middle,Greater Melbourne,Weekday,17,17
Y24H5940220,4,Separate House,Fully Owned,5,4,December,Saturday,Maroondah (C),0->4,15->19,30->34,MELB - Middle,Greater Melbourne,Weekend,14,14
Y24H5940222,4,Terrace or Townhouse,Being Rented,2,4,December,Monday,Whitehorse (C),20->24,35->39,65->69,MELB - Middle,Greater Melbourne,Weekday,15,15
Y24H5940230,3,"Unit, Flat or Apartment",Being Rented,1,1,December,Tuesday,Whitehorse (C),25->29,25->29,30->34,MELB - Middle,Greater Melbourne,Weekday,3,3
Y24H5940231,4,Separate House,Being Rented,3,2,December,Wednesday,Whitehorse (C),0->4,20->24,40->44,MELB - Middle,Greater Melbourne,Weekday,13,13
Y24H5940233,4,Separate House,Being Rented,3,2,December,Friday,Whitehorse (C),5->9,25->29,45->49,MELB - Middle,Greater Melbourne,Weekday,14,14
Y24H5940234,2,Separate House,Fully Owned,0,2,December,Saturday,Whitehorse (C),80->84,80->84,80->84,MELB - Middle,Greater Melbourne,Weekend,4,4
Y24H5940235,3,"Unit, Flat or Apartment",Fully Owned,0,1,December,Sunday,Whitehorse (C),15->19,35->39,45->49,MELB - Middle,Greater Melbourne,Weekend,12,12
Y24H5940236,1,"Unit, Flat or Apartment",Fully Owned,0,1,December,Monday,Whitehorse (C),70->74,70->74,70->74,MELB - Middle,Greater Melbourne,Weekday,3,3
Y24H5940237,5,Separate House,Being Purchased,1,3,December,Tuesday,Whitehorse (C),10->14,30->34,50->54,MELB - Middle,Greater Melbourne,Weekday,18,18
Y24H5940239,2,"Unit, Flat or Apartment",Fully Owned,0,1,December,Thursday,Whitehorse (C),75->79,75->79,80->84,MELB - Middle,Greater Melbourne,Weekday,5,5
Y24H5940242,4,Terrace or Townhouse,Being Rented,2,2,December,Sunday,Whitehorse (C),5->9,20->24,40->44,MELB - Middle,Greater Melbourne,Weekend,12,12
Y24H5940403,2,Separate House,Fully Owned,0,2,December,Wednesday,Whittlesea (C),70->74,70->74,75->79,MELB - Outer,Greater Melbourne,Weekday,7,7
Y24H5940406,1,Separate House,Fully Owned,0,1,December,Saturday,Whittlesea (C),80->84,80->84,80->84,MELB - Outer,Greater Melbourne,Weekend,2,2
Y24H5940407,2,Separate House,Fully Owned,3,2,December,Sunday,Whittlesea (C),35->39,40->44,45->49,MELB - Outer,Greater Melbourne,Weekend,13,13
Y24H5940409,3,Separate House,Fully Owned,3,3,December,Tuesday,Whittlesea (C),20->24,40->44,50->54,MELB - Outer,Greater Melbourne,Weekday,14,14
Y24H5940411,5,Separate House,Fully Owned,2,5,December,Thursday,Whittlesea (C),20->24,30->34,50->54,MELB - Outer,Greater Melbourne,Weekday,17,17
Y24H5940412,2,Separate House,Fully Owned,0,2,December,Friday,Whittlesea (C),45->49,60->64,75->79,MELB - Outer,Greater Melbourne,Weekday,10,10
Y24H5940417,2,Separate House,Fully Owned,3,2,December,Wednesday,Whittlesea (C),55->59,55->59,60->64,MELB - Outer,Greater Melbourne,Weekday,12,12
Y24H5940419,4,Separate House,Fully Owned,0,4,December,Friday,Whittlesea (C),35->39,45->49,55->59,MELB - Outer,Greater Melbourne,Weekday,19,19
Y24H5940422,2,"Unit, Flat or Apartment",Fully Owned,0,1,December,Monday,Whittlesea (C),75->79,75->79,75->79,MELB - Outer,Greater Melbourne,Weekday,6,6
Y24H5940423,1,Other,Fully Owned,0,1,December,Tuesday,Whittlesea (C),70->74,70->74,70->74,MELB - Outer,Greater Melbourne,Weekday,4,4
Y24H5940425,1,"Unit, Flat or Apartment",Fully Owned,0,0,December,Thursday,Whittlesea (C),90->94,90->94,90->94,MELB - Outer,Greater Melbourne,Weekday,3,3
Y24H5940428,1,"Unit, Flat or Apartment",Fully Owned,0,1,December,Sunday,Whittlesea (C),85->89,85->89,85->89,MELB - Outer,Greater Melbourne,Weekend,6,6
Y24H5940429,2,Separate House,Fully Owned,0,1,December,Monday,Whittlesea (C),75->79,75->79,75->79,MELB - Outer,Greater Melbourne,Weekday,5,5
Y24H5940431,1,"Unit, Flat or Apartment",Fully Owned,0,1,December,Wednesday,Whittlesea (C),85->89,85->89,85->89,MELB - Outer,Greater Melbourne,Weekday,1,1
Y24H5940433,1,"Unit, Flat or Apartment",Fully Owned,0,1,December,Friday,Whittlesea (C),70->74,70->74,70->74,MELB - Outer,Greater Melbourne,Weekday,6,6
Y24H5940435,1,"Unit, Flat or Apartment",Fully Owned,0,0,December,Sunday,Whittlesea (C),80->84,80->84,80->84,MELB - Outer,Greater Melbourne,Weekend,2,2
Y24H5940436,2,Separate House,Being Rented,0,1,December,Monday,Whittlesea (C),80->84,80->84,80->84,MELB - Outer,Greater Melbourne,Weekday,8,8
Y24H5940438,2,"Unit, Flat or Apartment",Being Rented,0,1,December,Wednesday,Whittlesea (C),75->79,75->79,75->79,MELB - Outer,Greater Melbourne,Weekday,10,10
Y24H5940439,2,Separate House,Being Rented,0,1,December,Thursday,Whittlesea (C),80->84,80->84,80->84,MELB - Outer,Greater Melbourne,Weekday,4,4
Y24H5940501,4,Separate House,Being Purchased,4,2,December,Monday,Macedon Ranges (S),10->14,25->29,45->49,MELB - Outer,Greater Melbourne,Weekday,14,14
Y24H5940502,5,Separate House,Being Purchased,5,2,December,Tuesday,Macedon Ranges (S),10->14,25->29,45->49,MELB - Outer,Greater Melbourne,Weekday,3,3
Y24H5940503,4,Separate House,Being Purchased,0,2,December,Wednesday,Macedon Ranges (S),10->14,30->34,50->54,MELB - Outer,Greater Melbourne,Weekday,17,17
Y24H5940505,4,Separate House,Fully Owned,0,3,December,Friday,Macedon Ranges (S),20->24,45->49,65->69,MELB - Outer,Greater Melbourne,Weekday,9,9
Y24H5940506,4,Separate House,Being Purchased,4,2,December,Saturday,Macedon Ranges (S),5->9,25->29,45->49,MELB - Outer,Greater Melbourne,Weekend,18,18
Y24H5940507,2,Separate House,Being Purchased,0,2,December,Sunday,Macedon Ranges (S),25->29,30->34,30->34,MELB - Outer,Greater Melbourne,Weekend,9,9
Y24H5940508,5,Separate House,Fully Owned,5,2,December,Monday,Macedon Ranges (S),0->4,15->19,35->39,MELB - Outer,Greater Melbourne,Weekday,10,10
Y24H5940512,2,Separate House,Fully Owned,0,4,December,Friday,Macedon Ranges (S),70->74,75->79,75->79,MELB - Outer,Greater Melbourne,Weekday,8,8
Y24H5940519,2,Separate House,Fully Owned,3,2,December,Friday,Macedon Ranges (S),60->64,60->64,60->64,MELB - Outer,Greater Melbourne,Weekday,10,10
Y24H5940520,2,Separate House,Being Purchased,0,2,December,Saturday,Macedon Ranges (S),45->49,50->54,50->54,MELB - Outer,Greater Melbourne,Weekend,17,17
Y24H5940521,7,Separate House,Fully Owned,6,3,December,Sunday,Macedon Ranges (S),10->14,35->39,70->74,MELB - Outer,Greater Melbourne,Weekend,12,12
Y24H5940522,4,Separate House,Fully Owned,2,2,December,Monday,Macedon Ranges (S),15->19,35->39,50->54,MELB - Outer,Greater Melbourne,Weekday,18,18
Y24H5940524,2,Separate House,Fully Owned,0,1,December,Wednesday,Macedon Ranges (S),65->69,70->74,70->74,MELB - Outer,Greater Melbourne,Weekday,7,7
Y24H5940525,4,Separate House,Being Purchased,3,2,December,Thursday,Macedon Ranges (S),0->4,15->19,35->39,MELB - Outer,Greater Melbourne,Weekday,18,18
Y24H5940531,2,Separate House,Being Purchased,1,1,December,Wednesday,Macedon Ranges (S),25->29,25->29,25->29,MELB - Outer,Greater Melbourne,Weekday,11,11
Y24H5940532,3,Separate House,Being Purchased,3,1,December,Thursday,Macedon Ranges (S),15->19,30->34,60->64,MELB - Outer,Greater Melbourne,Weekday,12,12
Y24H5940534,2,Separate House,Being Purchased,0,2,December,Saturday,Macedon Ranges (S),55->59,55->59,55->59,MELB - Outer,Greater Melbourne,Weekend,14,14
Y24H5940536,5,Separate House,Being Purchased,Missing/Refused,2,December,Monday,Macedon Ranges (S),5->9,20->24,45->49,MELB - Outer,Greater Melbourne,Weekday,15,15
Y24H5940539,4,Separate House,Being Purchased,2,2,December,Thursday,Macedon Ranges (S),15->19,35->39,55->59,MELB - Outer,Greater Melbourne,Weekday,11,11
Y24H5950201,6,Separate House,Fully Owned,0,4,December,Monday,Monash (C),20->24,40->44,75->79,MELB - Middle,Greater Melbourne,Weekday,8,8
Y24H5950204,5,Separate House,Fully Owned,2,2,December,Thursday,Monash (C),5->9,30->34,60->64,MELB - Middle,Greater Melbourne,Weekday,13,13
Y24H5950207,4,Separate House,Being Rented,4,3,December,Sunday,Monash (C),15->19,35->39,55->59,MELB - Middle,Greater Melbourne,Weekend,14,14
Y24H5950208,4,Separate House,Being Purchased,1,3,December,Monday,Monash (C),15->19,45->49,70->74,MELB - Middle,Greater Melbourne,Weekday,14,14
Y24H5950209,6,Separate House,Being Purchased,4,2,December,Tuesday,Monash (C),10->14,25->29,45->49,MELB - Middle,Greater Melbourne,Weekday,14,14
Y24H5950211,1,Separate House,Fully Owned,0,0,December,Thursday,Monash (C),90->94,90->94,90->94,MELB - Middle,Greater Melbourne,Weekday,2,2
Y24H5950213,3,Separate House,Occupied Rent-Free,2,2,December,Saturday,Monash (C),5->9,25->29,35->39,MELB - Middle,Greater Melbourne,Weekend,12,12
Y24H5950215,3,Separate House,Fully Owned,3,1,December,Monday,Monash (C),5->9,30->34,45->49,MELB - Middle,Greater Melbourne,Weekday,12,12
Y24H5950216,4,Separate House,Fully Owned,1,3,December,Tuesday,Monash (C),25->29,40->44,60->64,MELB - Middle,Greater Melbourne,Weekday,17,17
Y24H5950217,5,Separate House,Fully Owned,2,2,December,Wednesday,Monash (C),10->14,25->29,45->49,MELB - Middle,Greater Melbourne,Weekday,12,12
Y24H5950218,5,Separate House,Occupied Rent-Free,0,2,December,Thursday,Monash (C),15->19,30->34,50->54,MELB - Middle,Greater Melbourne,Weekday,9,9
Y24H5950219,4,Separate House,Being Purchased,Missing/Refused,3,December,Friday,Monash (C),15->19,35->39,50->54,MELB - Middle,Greater Melbourne,Weekday,8,8
Y24H5950224,2,Separate House,Being Purchased,0,1,December,Wednesday,Whitehorse (C),30->34,30->34,30->34,MELB - Middle,Greater Melbourne,Weekday,10,10
Y24H5950225,2,Separate House,Being Rented,0,1,December,Thursday,Whitehorse (C),65->69,70->74,75->79,MELB - Middle,Greater Melbourne,Weekday,12,12
Y24H5950226,3,Separate House,Being Rented,0,1,December,Friday,Whitehorse (C),25->29,30->34,30->34,MELB - Middle,Greater Melbourne,Weekday,8,8
Y24H5950229,4,Terrace or Townhouse,Being Purchased,6,2,December,Monday,Whitehorse (C),0->4,20->24,35->39,MELB - Middle,Greater Melbourne,Weekday,9,9
Y24H5950230,4,Separate House,Fully Owned,0,1,December,Tuesday,Whitehorse (C),20->24,40->44,60->64,MELB - Middle,Greater Melbourne,Weekday,13,13
Y24H5950231,2,Separate House,Fully Owned,0,2,December,Wednesday,Whitehorse (C),75->79,80->84,80->84,MELB - Middle,Greater Melbourne,Weekday,8,8
Y24H5950232,3,Separate House,Being Rented,0,1,December,Thursday,Whitehorse (C),0->4,25->29,35->39,MELB - Middle,Greater Melbourne,Weekday,8,8
Y24H5950234,3,Separate House,Being Purchased,Missing/Refused,2,December,Saturday,Whitehorse (C),35->39,50->54,60->64,MELB - Middle,Greater Melbourne,Weekend,16,16
Y24H5950235,2,Separate House,Being Purchased,2,2,December,Sunday,Whitehorse (C),40->44,40->44,40->44,MELB - Middle,Greater Melbourne,Weekend,9,9
Y24H5950238,2,Separate House,Fully Owned,0,1,December,Wednesday,Whitehorse (C),80->84,85->89,90->94,MELB - Middle,Greater Melbourne,Weekday,5,5
Y24H5950241,3,Separate House,Fully Owned,0,2,December,Saturday,Whitehorse (C),20->24,50->54,65->69,MELB - Middle,Greater Melbourne,Weekend,12,12
Y24H5950301,1,Terrace or Townhouse,Being Purchased,1,1,December,Monday,Melbourne (C),30->34,30->34,30->34,MELB - Inner,Greater Melbourne,Weekday,12,12
Y24H5950305,4,Terrace or Townhouse,Being Purchased,1,1,December,Friday,Melbourne (C),0->4,15->19,30->34,MELB - Inner,Greater Melbourne,Weekday,13,13
Y24H5950309,2,Terrace or Townhouse,Being Rented,1,1,December,Tuesday,Melbourne (C),25->29,25->29,25->29,MELB - Inner,Greater Melbourne,Weekday,15,15
Y24H5950310,2,Terrace or Townhouse,Being Rented,Missing/Refused,1,December,Wednesday,Melbourne (C),25->29,25->29,25->29,MELB - Inner,Greater Melbourne,Weekday,11,11
Y24H5950311,1,Terrace or Townhouse,Fully Owned,2,2,December,Thursday,Melbourne (C),55->59,55->59,55->59,MELB - Inner,Greater Melbourne,Weekday,12,12
Y24H5950313,2,Terrace or Townhouse,Fully Owned,0,1,December,Saturday,Melbourne (C),55->59,60->64,65->69,MELB - Inner,Greater Melbourne,Weekend,9,9
Y24H5950324,5,"Unit, Flat or Apartment",Being Rented,Missing/Refused,1,December,Wednesday,Moonee Valley (C),0->4,10->14,35->39,MELB - Inner,Greater Melbourne,Weekday,1,1
Y24H5950327,1,"Unit, Flat or Apartment",Being Rented,0,0,December,Saturday,Moonee Valley (C),45->49,45->49,45->49,MELB - Inner,Greater Melbourne,Weekend,13,13
Y24H5950332,3,"Unit, Flat or Apartment",Being Rented,0,1,December,Thursday,Moonee Valley (C),10->14,40->44,55->59,MELB - Inner,Greater Melbourne,Weekday,7,7
Y24H5950401,5,Separate House,Being Rented,3,2,December,Monday,Banyule (C),0->4,15->19,40->44,MELB - Middle,Greater Melbourne,Weekday,14,14
Y24H5950402,5,Separate House,Fully Owned,5,2,December,Tuesday,Banyule (C),0->4,20->24,40->44,MELB - Middle,Greater Melbourne,Weekday,13,13
Y24H5950403,1,Separate House,Fully Owned,3,1,December,Wednesday,Banyule (C),60->64,60->64,60->64,MELB - Middle,Greater Melbourne,Weekday,6,6
Y24H5950407,7,Separate House,Fully Owned,7,3,December,Sunday,Banyule (C),5->9,20->24,45->49,MELB - Middle,Greater Melbourne,Weekend,12,12
Y24H5950408,1,"Unit, Flat or Apartment",Being Rented,0,1,December,Monday,Banyule (C),70->74,70->74,70->74,MELB - Middle,Greater Melbourne,Weekday,8,8
Y24H5950411,2,Separate House,Being Rented,Missing/Refused,2,December,Thursday,Banyule (C),30->34,40->44,45->49,MELB - Middle,Greater Melbourne,Weekday,12,12
Y24H5950414,1,Separate House,Fully Owned,0,2,December,Sunday,Banyule (C),90->94,90->94,90->94,MELB - Middle,Greater Melbourne,Weekend,8,8
Y24H5950415,4,Separate House,Fully Owned,3,2,December,Monday,Banyule (C),5->9,25->29,45->49,MELB - Middle,Greater Melbourne,Weekday,17,17
Y24H5950417,3,Separate House,Being Rented,1,1,December,Wednesday,Banyule (C),10->14,30->34,45->49,MELB - Middle,Greater Melbourne,Weekday,7,7
Y24H5950421,1,"Unit, Flat or Apartment",Being Rented,0,1,December,Sunday,Banyule (C),60->64,60->64,60->64,MELB - Middle,Greater Melbourne,Weekend,3,3
Y24H5950422,1,Separate House,Fully Owned,0,0,December,Monday,Banyule (C),90->94,90->94,90->94,MELB - Middle,Greater Melbourne,Weekday,4,4
Y24H5950424,4,Separate House,Fully Owned,Missing/Refused,2,December,Wednesday,Banyule (C),15->19,35->39,50->54,MELB - Middle,Greater Melbourne,Weekday,1,1
Y24H5950427,1,Separate House,Fully Owned,0,1,December,Saturday,Banyule (C),30->34,30->34,30->34,MELB - Middle,Greater Melbourne,Weekend,8,8
Y24H5950430,2,Separate House,Fully Owned,0,2,December,Tuesday,Banyule (C),80->84,85->89,90->94,MELB - Middle,Greater Melbourne,Weekday,6,6
Y24H5950431,5,Separate House,Fully Owned,0,3,December,Wednesday,Banyule (C),20->24,35->39,60->64,MELB - Middle,Greater Melbourne,Weekday,17,17
Y24H5950433,4,Separate House,Being Purchased,4,3,December,Friday,Banyule (C),25->29,45->49,60->64,MELB - Middle,Greater Melbourne,Weekday,18,18
Y24H5950436,2,Separate House,Fully Owned,2,2,December,Monday,Banyule (C),70->74,70->74,70->74,MELB - Middle,Greater Melbourne,Weekday,10,10
Y24H5950438,2,Terrace or Townhouse,Fully Owned,1,2,December,Wednesday,Banyule (C),65->69,70->74,75->79,MELB - Middle,Greater Melbourne,Weekday,9,9
Y24H5950440,1,Separate House,Fully Owned,1,1,December,Friday,Banyule (C),70->74,70->74,70->74,MELB - Middle,Greater Melbourne,Weekday,6,6
Y24H5950442,4,Separate House,Being Purchased,4,2,December,Sunday,Banyule (C),5->9,25->29,45->49,MELB - Middle,Greater Melbourne,Weekend,17,17
Y24H5950506,3,Terrace or Townhouse,Being Rented,4,2,December,Saturday,Wyndham (C),0->4,25->29,40->44,MELB - Outer,Greater Melbourne,Weekend,18,18
Y24H5950507,3,Terrace or Townhouse,Being Purchased,0,1,December,Sunday,Wyndham (C),0->4,25->29,35->39,MELB - Outer,Greater Melbourne,Weekend,11,11
Y24H5950508,2,Terrace or Townhouse,Being Rented,0,0,December,Monday,Wyndham (C),20->24,25->29,25->29,MELB - Outer,Greater Melbourne,Weekday,7,7
Y24H5950509,4,Separate House,Being Purchased,1,1,December,Tuesday,Wyndham (C),0->4,15->19,35->39,MELB - Outer,Greater Melbourne,Weekday,14,14
Y24H5950510,4,Separate House,Being Purchased,0,1,December,Wednesday,Wyndham (C),5->9,25->29,40->44,MELB - Outer,Greater Melbourne,Weekday,12,12
Y24H5950514,3,Terrace or Townhouse,Being Rented,0,2,December,Sunday,Wyndham (C),0->4,15->19,25->29,MELB - Outer,Greater Melbourne,Weekend,14,14
Y24H5950516,4,Separate House,Being Rented,0,1,December,Tuesday,Wyndham (C),5->9,25->29,40->44,MELB - Outer,Greater Melbourne,Weekday,12,12
Y24H5950518,3,Separate House,Being Purchased,3,3,December,Thursday,Wyndham (C),5->9,25->29,35->39,MELB - Outer,Greater Melbourne,Weekday,14,14
Y24H5950521,3,Separate House,Being Purchased,1,1,December,Sunday,Wyndham (C),0->4,20->24,35->39,MELB - Outer,Greater Melbourne,Weekend,12,12
Y24H5950522,5,Separate House,Being Purchased,2,3,December,Monday,Wyndham (C),5->9,25->29,40->44,MELB - Outer,Greater Melbourne,Weekday,10,10
Y24H5950525,4,Separate House,Fully Owned,0,2,December,Thursday,Wyndham (C),0->4,20->24,35->39,MELB - Outer,Greater Melbourne,Weekday,13,13
Y24H5950540,4,Separate House,Being Purchased,0,2,December,Friday,Wyndham (C),0->4,15->19,35->39,MELB - Outer,Greater Melbourne,Weekday,12,12
Y24H5970101,4,Separate House,Being Purchased,2,2,January,Monday,Casey (C),5->9,20->24,35->39,MELB - Outer,Greater Melbourne,Weekday,12,12
Y24H5970102,2,"Unit, Flat or Apartment",Being Purchased,0,2,January,Tuesday,Casey (C),50->54,55->59,55->59,MELB - Outer,Greater Melbourne,Weekday,17,17
Y24H5970105,1,"Unit, Flat or Apartment",Fully Owned,0,1,January,Friday,Casey (C),65->69,65->69,65->69,MELB - Outer,Greater Melbourne,Weekday,2,2
Y24H5970108,2,Separate House,Fully Owned,0,2,January,Monday,Casey (C),65->69,70->74,70->74,MELB - Outer,Greater Melbourne,Weekday,8,8
Y24H5970109,2,Separate House,Fully Owned,12,1,January,Tuesday,Casey (C),40->44,40->44,40->44,MELB - Outer,Greater Melbourne,Weekday,1,1
Y24H5970110,2,Separate House,Fully Owned,1,2,January,Wednesday,Casey (C),70->74,70->74,70->74,MELB - Outer,Greater Melbourne,Weekday,6,6
Y24H5970111,3,Separate House,Being Purchased,3,3,January,Thursday,Casey (C),10->14,25->29,35->39,MELB - Outer,Greater Melbourne,Weekday,14,14
Y24H5970112,1,Separate House,Fully Owned,0,1,January,Friday,Casey (C),50->54,50->54,50->54,MELB - Outer,Greater Melbourne,Weekday,10,10
Y24H5970114,2,Separate House,Fully Owned,0,1,January,Sunday,Casey (C),65->69,65->69,65->69,MELB - Outer,Greater Melbourne,Weekend,11,11
Y24H5970116,1,Terrace or Townhouse,Fully Owned,0,1,January,Tuesday,Casey (C),65->69,65->69,65->69,MELB - Outer,Greater Melbourne,Weekday,3,3
Y24H5970117,4,Separate House,Being Purchased,3,2,January,Wednesday,Casey (C),0->4,20->24,40->44,MELB - Outer,Greater Melbourne,Weekday,11,11
Y24H5970118,1,Separate House,Being Rented,0,1,January,Thursday,Casey (C),70->74,70->74,70->74,MELB - Outer,Greater Melbourne,Weekday,7,7
Y24H5970120,1,Separate House,Fully Owned,0,3,January,Saturday,Casey (C),50->54,50->54,50->54,MELB - Outer,Greater Melbourne,Weekend,6,6
Y24H5970121,2,Separate House,Being Purchased,0,1,January,Sunday,Casey (C),20->24,30->34,45->49,MELB - Outer,Greater Melbourne,Weekend,13,13
Y24H5970125,4,Separate House,Being Purchased,0,2,January,Thursday,Casey (C),5->9,20->24,35->39,MELB - Outer,Greater Melbourne,Weekday,7,7
Y24H5970126,4,Separate House,Being Purchased,3,2,January,Friday,Casey (C),10->14,25->29,40->44,MELB - Outer,Greater Melbourne,Weekday,13,13
Y24H5970129,3,Separate House,Fully Owned,1,1,January,Monday,Casey (C),15->19,25->29,45->49,MELB - Outer,Greater Melbourne,Weekday,12,12
Y24H5970133,4,Separate House,Being Purchased,3,2,January,Friday,Casey (C),5->9,25->29,40->44,MELB - Outer,Greater Melbourne,Weekday,12,12
Y24H5970134,6,Separate House,Being Purchased,0,4,January,Saturday,Casey (C),25->29,40->44,60->64,MELB - Outer,Greater Melbourne,Weekend,19,19
Y24H5970136,3,Separate House,Being Purchased,0,2,January,Monday,Casey (C),0->4,20->24,30->34,MELB - Outer,Greater Melbourne,Weekday,12,12
Y24H5970139,4,Separate House,Being Purchased,2,2,January,Thursday,Casey (C),5->9,20->24,35->39,MELB - Outer,Greater Melbourne,Weekday,8,8
Y24H5970202,3,Separate House,Being Purchased,0,3,January,Tuesday,Greater Dandenong (C),25->29,45->49,60->64,MELB - Middle,Greater Melbourne,Weekday,10,10
Y24H5970204,1,Separate House,Being Purchased,1,1,January,Thursday,Greater Dandenong (C),35->39,35->39,35->39,MELB - Middle,Greater Melbourne,Weekday,12,12
Y24H5970210,2,Separate House,Being Rented,0,1,January,Wednesday,Greater Dandenong (C),60->64,60->64,65->69,MELB - Middle,Greater Melbourne,Weekday,8,8
Y24H5970211,7,Separate House,Being Rented,7,2,January,Thursday,Greater Dandenong (C),0->4,10->14,30->34,MELB - Middle,Greater Melbourne,Weekday,12,12
Y24H5970212,2,Separate House,Fully Owned,4,1,January,Friday,Greater Dandenong (C),70->74,70->74,75->79,MELB - Middle,Greater Melbourne,Weekday,9,9
Y24H5970214,2,Separate House,Fully Owned,3,2,January,Sunday,Greater Dandenong (C),55->59,60->64,70->74,MELB - Middle,Greater Melbourne,Weekend,12,12
Y24H5970215,4,Separate House,Being Rented,4,2,January,Monday,Greater Dandenong (C),25->29,40->44,50->54,MELB - Middle,Greater Melbourne,Weekday,16,16
Y24H5970216,2,Separate House,Fully Owned,0,2,January,Tuesday,Greater Dandenong (C),70->74,70->74,70->74,MELB - Middle,Greater Melbourne,Weekday,11,11
Y24H5970217,2,Separate House,Being Purchased,2,2,January,Wednesday,Greater Dandenong (C),40->44,40->44,45->49,MELB - Middle,Greater Melbourne,Weekday,14,14
Y24H5970218,2,Separate House,Fully Owned,0,1,January,Thursday,Greater Dandenong (C),75->79,75->79,80->84,MELB - Middle,Greater Melbourne,Weekday,5,5
Y24H5970219,2,Separate House,Fully Owned,1,2,January,Friday,Greater Dandenong (C),75->79,75->79,80->84,MELB - Middle,Greater Melbourne,Weekday,3,3
Y24H5970220,2,Separate House,Fully Owned,Missing/Refused,1,January,Saturday,Greater Dandenong (C),60->64,65->69,65->69,MELB - Middle,Greater Melbourne,Weekend,9,9
Y24H5970221,3,"Unit, Flat or Apartment",Being Rented,0,3,January,Sunday,Greater Dandenong (C),25->29,25->29,25->29,MELB - Middle,Greater Melbourne,Weekend,13,13
Y24H5970224,4,Separate House,Being Purchased,3,2,January,Wednesday,Greater Dandenong (C),5->9,25->29,45->49,MELB - Outer,Greater Melbourne,Weekday,14,14
Y24H5970225,3,Separate House,Fully Owned,Missing/Refused,3,January,Thursday,Greater Dandenong (C),40->44,65->69,75->79,MELB - Outer,Greater Melbourne,Weekday,2,2
Y24H5970227,2,"Unit, Flat or Apartment",Being Purchased,Missing/Refused,2,January,Saturday,Greater Dandenong (C),40->44,40->44,40->44,MELB - Outer,Greater Melbourne,Weekend,17,17
Y24H5970228,2,"Unit, Flat or Apartment",Being Rented,1,1,January,Sunday,Greater Dandenong (C),30->34,30->34,30->34,MELB - Outer,Greater Melbourne,Weekend,12,12
Y24H5970231,3,"Unit, Flat or Apartment",Being Rented,Missing/Refused,1,January,Wednesday,Greater Dandenong (C),20->24,40->44,55->59,MELB - Outer,Greater Melbourne,Weekday,0,0
Y24H5970237,1,"Unit, Flat or Apartment",Fully Owned,0,1,January,Tuesday,Greater Dandenong (C),90->94,90->94,90->94,MELB - Outer,Greater Melbourne,Weekday,4,4
Y24H5970238,2,"Unit, Flat or Apartment",Being Rented,0,1,January,Wednesday,Greater Dandenong (C),15->19,35->39,50->54,MELB - Outer,Greater Melbourne,Weekday,8,8
Y24H5970241,2,Separate House,Being Purchased,0,2,January,Saturday,Greater Dandenong (C),65->69,65->69,70->74,MELB - Outer,Greater Melbourne,Weekend,9,9
Y24H5970303,1,"Unit, Flat or Apartment",Being Rented,0,1,January,Wednesday,Stonnington (C),30->34,30->34,30->34,MELB - Inner,Greater Melbourne,Weekday,12,12
Y24H5970311,1,"Unit, Flat or Apartment",Being Rented,0,2,January,Thursday,Stonnington (C),35->39,35->39,35->39,MELB - Inner,Greater Melbourne,Weekday,14,14
Y24H5970312,2,"Unit, Flat or Apartment",Being Rented,0,0,January,Friday,Stonnington (C),35->39,35->39,35->39,MELB - Inner,Greater Melbourne,Weekday,12,12
Y24H5970321,2,"Unit, Flat or Apartment",Being Rented,0,1,January,Sunday,Stonnington (C),20->24,20->24,25->29,MELB - Inner,Greater Melbourne,Weekend,10,10
Y24H5970322,3,"Unit, Flat or Apartment",Being Rented,3,1,January,Monday,Stonnington (C),10->14,40->44,50->54,MELB - Inner,Greater Melbourne,Weekday,17,17
Y24H5970324,2,"Unit, Flat or Apartment",Being Rented,0,2,January,Wednesday,Stonnington (C),15->19,25->29,40->44,MELB - Inner,Greater Melbourne,Weekday,9,9
Y24H5970328,1,"Unit, Flat or Apartment",Being Rented,0,1,January,Sunday,Stonnington (C),50->54,50->54,50->54,MELB - Inner,Greater Melbourne,Weekend,12,12
Y24H5970329,2,"Unit, Flat or Apartment",Being Purchased,2,2,January,Monday,Stonnington (C),5->9,20->24,35->39,MELB - Inner,Greater Melbourne,Weekday,14,14
Y24H5970333,2,"Unit, Flat or Apartment",Being Purchased,0,2,January,Friday,Stonnington (C),50->54,55->59,55->59,MELB - Inner,Greater Melbourne,Weekday,12,12
Y24H5970335,1,"Unit, Flat or Apartment",Fully Owned,0,1,January,Sunday,Stonnington (C),65->69,65->69,65->69,MELB - Inner,Greater Melbourne,Weekend,8,8
Y24H5970337,1,"Unit, Flat or Apartment",Being Rented,Missing/Refused,1,January,Tuesday,Stonnington (C),35->39,35->39,35->39,MELB - Inner,Greater Melbourne,Weekday,7,7
Y24H5970339,1,Terrace or Townhouse,Being Rented,0,1,January,Thursday,Stonnington (C),25->29,25->29,25->29,MELB - Inner,Greater Melbourne,Weekday,12,12
Y24H5970341,2,"Unit, Flat or Apartment",Fully Owned,2,2,January,Saturday,Stonnington (C),70->74,75->79,80->84,MELB - Inner,Greater Melbourne,Weekend,3,3
Y24H5970401,6,Separate House,Fully Owned,0,1,January,Monday,Merri-bek (C),5->9,35->39,70->74,MELB - Middle,Greater Melbourne,Weekday,11,11
Y24H5970404,2,Separate House,Being Rented,0,4,January,Thursday,Merri-bek (C),70->74,70->74,70->74,MELB - Middle,Greater Melbourne,Weekday,10,10
Y24H5970405,2,"Unit, Flat or Apartment",Being Rented,0,1,January,Friday,Merri-bek (C),40->44,45->49,50->54,MELB - Middle,Greater Melbourne,Weekday,9,9
Y24H5970414,2,Separate House,Being Purchased,2,1,January,Sunday,Merri-bek (C),35->39,40->44,40->44,MELB - Middle,Greater Melbourne,Weekend,15,15
Y24H5970415,2,Separate House,Fully Owned,0,1,January,Monday,Merri-bek (C),75->79,75->79,80->84,MELB - Middle,Greater Melbourne,Weekday,1,1
Y24H5970421,2,Separate House,Fully Owned,0,2,January,Sunday,Merri-bek (C),40->44,50->54,65->69,MELB - Middle,Greater Melbourne,Weekend,12,12
Y24H5970425,4,Separate House,Being Purchased,3,2,January,Thursday,Merri-bek (C),0->4,20->24,35->39,MELB - Middle,Greater Melbourne,Weekday,5,5
Y24H5970426,1,Terrace or Townhouse,Fully Owned,Missing/Refused,1,January,Friday,Merri-bek (C),35->39,35->39,35->39,MELB - Middle,Greater Melbourne,Weekday,14,14
Y24H5970427,3,"Unit, Flat or Apartment",Being Rented,Missing/Refused,2,January,Saturday,Merri-bek (C),25->29,30->34,35->39,MELB - Middle,Greater Melbourne,Weekend,10,10
Y24H5970428,4,"Unit, Flat or Apartment",Being Purchased,1,1,January,Sunday,Merri-bek (C),15->19,30->34,45->49,MELB - Middle,Greater Melbourne,Weekend,12,12
Y24H5970429,4,Separate House,Being Purchased,2,2,January,Monday,Merri-bek (C),0->4,20->24,35->39,MELB - Middle,Greater Melbourne,Weekday,14,14
Y24H5970432,4,Separate House,Being Purchased,2,2,January,Thursday,Merri-bek (C),0->4,20->24,35->39,MELB - Middle,Greater Melbourne,Weekday,18,18
Y24H5970436,2,Separate House,Being Purchased,0,0,January,Monday,Merri-bek (C),30->34,35->39,35->39,MELB - Middle,Greater Melbourne,Weekday,15,15
Y24H5970441,2,"Unit, Flat or Apartment",Being Rented,0,2,January,Saturday,Merri-bek (C),30->34,40->44,50->54,MELB - Middle,Greater Melbourne,Weekend,11,11
Y24H5970442,4,Terrace or Townhouse,Being Purchased,0,2,January,Sunday,Merri-bek (C),25->29,45->49,60->64,MELB - Middle,Greater Melbourne,Weekend,8,8
Y24H5980202,4,Separate House,Fully Owned,3,2,January,Tuesday,Boroondara (C),0->4,20->24,40->44,MELB - Inner,Greater Melbourne,Weekday,7,7
Y24H5980205,2,"Unit, Flat or Apartment",Fully Owned,0,1,January,Friday,Boroondara (C),70->74,70->74,75->79,MELB - Inner,Greater Melbourne,Weekday,8,8
Y24H5980206,2,Separate House,Fully Owned,0,1,January,Saturday,Boroondara (C),70->74,75->79,75->79,MELB - Inner,Greater Melbourne,Weekend,7,7
Y24H5980208,1,Terrace or Townhouse,Fully Owned,0,2,January,Monday,Boroondara (C),70->74,70->74,70->74,MELB - Inner,Greater Melbourne,Weekday,5,5
Y24H5980211,4,Separate House,Being Purchased,4,2,January,Thursday,Boroondara (C),15->19,30->34,50->54,MELB - Inner,Greater Melbourne,Weekday,12,12
Y24H5980212,1,"Unit, Flat or Apartment",Fully Owned,0,0,January,Friday,Boroondara (C),90->94,90->94,90->94,MELB - Inner,Greater Melbourne,Weekday,6,6
Y24H5980215,4,Separate House,Fully Owned,7,1,January,Monday,Boroondara (C),10->14,30->34,50->54,MELB - Inner,Greater Melbourne,Weekday,11,11
Y24H5980217,4,Separate House,Being Rented,3,2,January,Wednesday,Boroondara (C),0->4,35->39,65->69,MELB - Inner,Greater Melbourne,Weekday,15,15
Y24H5980218,4,Terrace or Townhouse,Being Purchased,4,1,January,Thursday,Boroondara (C),35->39,45->49,60->64,MELB - Inner,Greater Melbourne,Weekday,15,15
Y24H5980220,2,"Unit, Flat or Apartment",Being Rented,2,2,January,Saturday,Boroondara (C),60->64,60->64,60->64,MELB - Inner,Greater Melbourne,Weekend,5,5
Y24H5980222,1,Terrace or Townhouse,Fully Owned,1,1,January,Monday,Monash (C),60->64,60->64,60->64,MELB - Middle,Greater Melbourne,Weekday,6,6
Y24H5980225,3,Terrace or Townhouse,Fully Owned,Missing/Refused,2,January,Thursday,Monash (C),20->24,50->54,65->69,MELB - Middle,Greater Melbourne,Weekday,11,11
Y24H5980227,4,Terrace or Townhouse,Being Rented,2,3,January,Saturday,Monash (C),0->4,30->34,55->59,MELB - Middle,Greater Melbourne,Weekend,14,14
Y24H5980229,2,Terrace or Townhouse,Fully Owned,6,0,January,Monday,Monash (C),25->29,40->44,55->59,MELB - Middle,Greater Melbourne,Weekday,14,14
Y24H5980233,4,Terrace or Townhouse,Fully Owned,0,1,January,Friday,Monash (C),20->24,45->49,80->84,MELB - Middle,Greater Melbourne,Weekday,5,5
Y24H5980238,1,Terrace or Townhouse,Fully Owned,0,1,January,Wednesday,Monash (C),80->84,80->84,80->84,MELB - Middle,Greater Melbourne,Weekday,2,2
Y24H5980301,1,"Unit, Flat or Apartment",Fully Owned,0,1,January,Monday,Stonnington (C),35->39,35->39,35->39,MELB - Inner,Greater Melbourne,Weekday,12,12
Y24H5980303,3,Separate House,Fully Owned,4,3,January,Wednesday,Stonnington (C),15->19,40->44,55->59,MELB - Inner,Greater Melbourne,Weekday,12,12
Y24H5980304,1,"Unit, Flat or Apartment",Being Rented,0,1,January,Thursday,Stonnington (C),50->54,50->54,50->54,MELB - Inner,Greater Melbourne,Weekday,12,12
Y24H5980307,2,"Unit, Flat or Apartment",Being Rented,1,2,January,Sunday,Stonnington (C),30->34,30->34,30->34,MELB - Inner,Greater Melbourne,Weekend,12,12
Y24H5980309,4,Terrace or Townhouse,Fully Owned,2,3,January,Tuesday,Stonnington (C),25->29,45->49,70->74,MELB - Inner,Greater Melbourne,Weekday,16,16
Y24H5980315,1,"Unit, Flat or Apartment",Being Rented,0,2,January,Monday,Stonnington (C),30->34,30->34,30->34,MELB - Inner,Greater Melbourne,Weekday,9,9
Y24H5980317,5,Separate House,Being Purchased,5,2,January,Wednesday,Stonnington (C),0->4,20->24,40->44,MELB - Inner,Greater Melbourne,Weekday,17,17
Y24H5980318,4,Separate House,Fully Owned,2,4,January,Thursday,Stonnington (C),15->19,35->39,50->54,MELB - Inner,Greater Melbourne,Weekday,19,19
Y24H5980321,1,"Unit, Flat or Apartment",Being Rented,0,0,January,Sunday,Stonnington (C),45->49,45->49,45->49,MELB - Inner,Greater Melbourne,Weekend,3,3
Y24H5980322,3,"Unit, Flat or Apartment",Being Purchased,0,2,January,Monday,Glen Eira (C),0->4,25->29,40->44,MELB - Inner,Greater Melbourne,Weekday,13,13
Y24H5980325,1,"Unit, Flat or Apartment",Being Rented,0,0,January,Thursday,Glen Eira (C),50->54,50->54,50->54,MELB - Inner,Greater Melbourne,Weekday,12,12
Y24H5980326,2,"Unit, Flat or Apartment",Being Rented,0,1,January,Friday,Glen Eira (C),25->29,25->29,25->29,MELB - Inner,Greater Melbourne,Weekday,6,6
Y24H5980328,1,"Unit, Flat or Apartment",Fully Owned,Missing/Refused,1,January,Sunday,Glen Eira (C),80->84,80->84,80->84,MELB - Inner,Greater Melbourne,Weekend,1,1
Y24H5980331,2,"Unit, Flat or Apartment",Fully Owned,0,1,January,Wednesday,Glen Eira (C),20->24,35->39,50->54,MELB - Inner,Greater Melbourne,Weekday,4,4
Y24H5980337,1,"Unit, Flat or Apartment",Being Rented,2,0,January,Tuesday,Glen Eira (C),30->34,30->34,30->34,MELB - Inner,Greater Melbourne,Weekday,12,12
Y24H5980339,1,"Unit, Flat or Apartment",Being Rented,1,0,January,Thursday,Glen Eira (C),30->34,30->34,30->34,MELB - Inner,Greater Melbourne,Weekday,7,7
Y24H5980342,3,"Unit, Flat or Apartment",Being Rented,0,0,January,Sunday,Glen Eira (C),25->29,25->29,25->29,MELB - Inner,Greater Melbourne,Weekend,1,1
Y24H5980406,4,Separate House,Being Rented,0,4,January,Saturday,Hume (C),30->34,30->34,30->34,MELB - Outer,Greater Melbourne,Weekend,11,11
Y24H5980407,2,Separate House,Fully Owned,0,1,January,Sunday,Hume (C),65->69,65->69,70->74,MELB - Outer,Greater Melbourne,Weekend,6,6
Y24H5980409,4,Separate House,Being Purchased,0,2,January,Tuesday,Hume (C),20->24,25->29,30->34,MELB - Outer,Greater Melbourne,Weekday,12,12
Y24H5980410,1,Separate House,Being Purchased,0,0,January,Wednesday,Hume (C),70->74,70->74,70->74,MELB - Outer,Greater Melbourne,Weekday,1,1
Y24H5980412,6,Separate House,Being Purchased,0,4,January,Friday,Hume (C),15->19,30->34,55->59,MELB - Outer,Greater Melbourne,Weekday,14,14
Y24H5980413,5,Separate House,Fully Owned,0,2,January,Saturday,Hume (C),0->4,20->24,40->44,MELB - Outer,Greater Melbourne,Weekend,14,14
Y24H5980414,2,Separate House,Fully Owned,2,2,January,Sunday,Hume (C),50->54,60->64,65->69,MELB - Outer,Greater Melbourne,Weekend,14,14
Y24H5980426,2,Separate House,Fully Owned,0,3,January,Friday,Hume (C),35->39,35->39,40->44,MELB - Outer,Greater Melbourne,Weekday,9,9
Y24H5980427,5,"Unit, Flat or Apartment",Being Rented,3,2,January,Saturday,Hume (C),10->14,20->24,40->44,MELB - Outer,Greater Melbourne,Weekend,12,12
Y24H5980429,6,Separate House,Fully Owned,3,3,January,Monday,Hume (C),5->9,25->29,50->54,MELB - Outer,Greater Melbourne,Weekday,0,0
Y24H5980434,7,"Unit, Flat or Apartment",Fully Owned,2,3,January,Saturday,Hume (C),0->4,15->19,30->34,MELB - Outer,Greater Melbourne,Weekend,8,8
Y24H5980438,4,Separate House,Being Purchased,2,2,January,Wednesday,Hume (C),5->9,25->29,45->49,MELB - Outer,Greater Melbourne,Weekday,4,4
Y24H5980501,2,Separate House,Being Purchased,0,2,January,Monday,Wyndham (C),30->34,30->34,30->34,MELB - Outer,Greater Melbourne,Weekday,17,17
Y24H5980503,3,Separate House,Being Rented,1,1,January,Wednesday,Wyndham (C),5->9,20->24,35->39,MELB - Outer,Greater Melbourne,Weekday,12,12
Y24H5980507,5,Separate House,Being Rented,Missing/Refused,1,January,Sunday,Wyndham (C),5->9,35->39,60->64,MELB - Outer,Greater Melbourne,Weekend,11,11
Y24H5980509,4,Separate House,Being Purchased,2,3,January,Tuesday,Wyndham (C),5->9,20->24,35->39,MELB - Outer,Greater Melbourne,Weekday,8,8
Y24H5980511,2,Separate House,Being Purchased,1,1,January,Thursday,Wyndham (C),0->4,20->24,35->39,MELB - Outer,Greater Melbourne,Weekday,12,12
Y24H5980529,4,Separate House,Being Rented,0,1,January,Monday,Wyndham (C),0->4,15->19,30->34,MELB - Outer,Greater Melbourne,Weekday,9,9
Y24H5980530,4,Separate House,Being Purchased,2,1,January,Tuesday,Wyndham (C),0->4,15->19,35->39,MELB - Outer,Greater Melbourne,Weekday,16,16
Y24H5980532,3,Separate House,Being Purchased,2,2,January,Thursday,Wyndham (C),5->9,25->29,35->39,MELB - Outer,Greater Melbourne,Weekday,14,14
Y24H5980535,5,Separate House,Being Rented,3,1,January,Sunday,Wyndham (C),5->9,15->19,30->34,MELB - Outer,Greater Melbourne,Weekend,7,7
Y24H5980538,3,Separate House,Fully Owned,3,1,January,Wednesday,Wyndham (C),5->9,25->29,35->39,MELB - Outer,Greater Melbourne,Weekday,11,11
Y24H5990201,1,Separate House,Fully Owned,0,2,January,Monday,Yarra Ranges (S),60->64,60->64,60->64,MELB - Outer,Greater Melbourne,Weekday,10,10
Y24H5990202,2,Separate House,Fully Owned,0,2,January,Tuesday,Yarra Ranges (S),55->59,60->64,60->64,MELB - Outer,Greater Melbourne,Weekday,10,10
Y24H5990203,4,Separate House,Being Purchased,4,2,January,Wednesday,Yarra Ranges (S),10->14,25->29,40->44,MELB - Outer,Greater Melbourne,Weekday,16,16
Y24H5990209,5,Separate House,Occupied Rent-Free,5,2,January,Tuesday,Yarra Ranges (S),10->14,25->29,40->44,MELB - Outer,Greater Melbourne,Weekday,17,17
Y24H5990210,5,Separate House,Being Purchased,5,2,January,Wednesday,Yarra Ranges (S),5->9,20->24,50->54,MELB - Outer,Greater Melbourne,Weekday,13,13
Y24H5990211,3,Separate House,Being Purchased,0,4,January,Thursday,Yarra Ranges (S),0->4,25->29,35->39,MELB - Outer,Greater Melbourne,Weekday,9,9
Y24H5990213,4,Separate House,Being Purchased,4,3,January,Saturday,Yarra Ranges (S),0->4,20->24,40->44,MELB - Outer,Greater Melbourne,Weekend,12,12
Y24H5990216,5,Separate House,Being Purchased,5,3,January,Tuesday,Yarra Ranges (S),5->9,20->24,40->44,MELB - Outer,Greater Melbourne,Weekday,11,11
Y24H5990219,4,Separate House,Being Purchased,4,2,January,Friday,Yarra Ranges (S),10->14,25->29,45->49,MELB - Outer,Greater Melbourne,Weekday,17,17
Y24H5990222,3,Separate House,Being Purchased,1,2,January,Monday,Yarra Ranges (S),0->4,20->24,35->39,MELB - Outer,Greater Melbourne,Weekday,17,17
Y24H5990225,2,Separate House,Being Rented,0,2,January,Thursday,Yarra Ranges (S),60->64,60->64,65->69,MELB - Outer,Greater Melbourne,Weekday,4,4
Y24H5990227,2,Separate House,Fully Owned,1,2,January,Saturday,Yarra Ranges (S),70->74,70->74,70->74,MELB - Outer,Greater Melbourne,Weekend,8,8
Y24H5990228,2,Separate House,Fully Owned,0,5,January,Sunday,Yarra Ranges (S),45->49,45->49,45->49,MELB - Outer,Greater Melbourne,Weekend,16,16
Y24H5990230,5,Separate House,Fully Owned,5,4,January,Tuesday,Yarra Ranges (S),10->14,30->34,50->54,MELB - Outer,Greater Melbourne,Weekday,2,2
Y24H5990231,4,Separate House,Being Purchased,2,4,January,Wednesday,Yarra Ranges (S),20->24,35->39,55->59,MELB - Outer,Greater Melbourne,Weekday,9,9
Y24H5990232,5,Separate House,Being Purchased,5,1,January,Thursday,Yarra Ranges (S),0->4,15->19,35->39,MELB - Outer,Greater Melbourne,Weekday,12,12
Y24H5990234,2,Separate House,Fully Owned,2,2,January,Saturday,Yarra Ranges (S),50->54,60->64,70->74,MELB - Outer,Greater Melbourne,Weekend,13,13
Y24H5990236,2,Separate House,Fully Owned,3,3,January,Monday,Yarra Ranges (S),60->64,60->64,60->64,MELB - Outer,Greater Melbourne,Weekday,11,11
Y24H5990237,4,Separate House,Fully Owned,4,1,January,Tuesday,Yarra Ranges (S),5->9,20->24,35->39,MELB - Outer,Greater Melbourne,Weekday,10,10
Y24H5990240,4,Separate House,Being Purchased,2,3,January,Friday,Yarra Ranges (S),15->19,35->39,60->64,MELB - Outer,Greater Melbourne,Weekday,13,13
Y24H5990303,2,Terrace or Townhouse,Fully Owned,0,1,January,Wednesday,Bayside (C),70->74,70->74,70->74,MELB - Middle,Greater Melbourne,Weekday,6,6
Y24H5990304,5,Separate House,Fully Owned,5,3,January,Thursday,Bayside (C),20->24,35->39,55->59,MELB - Middle,Greater Melbourne,Weekday,17,17
Y24H5990305,1,Separate House,Fully Owned,0,1,January,Friday,Bayside (C),65->69,65->69,65->69,MELB - Middle,Greater Melbourne,Weekday,14,14
Y24H5990309,1,Separate House,Fully Owned,1,1,January,Tuesday,Bayside (C),65->69,65->69,65->69,MELB - Middle,Greater Melbourne,Weekday,6,6
Y24H5990311,4,Separate House,Fully Owned,4,2,January,Thursday,Bayside (C),15->19,35->39,60->64,MELB - Middle,Greater Melbourne,Weekday,12,12
Y24H5990312,2,Separate House,Fully Owned,5,1,January,Friday,Bayside (C),15->19,30->34,45->49,MELB - Middle,Greater Melbourne,Weekday,12,12
Y24H5990313,2,Terrace or Townhouse,Fully Owned,0,3,January,Saturday,Bayside (C),70->74,70->74,75->79,MELB - Middle,Greater Melbourne,Weekend,7,7
Y24H5990314,1,Terrace or Townhouse,Fully Owned,0,1,January,Sunday,Bayside (C),70->74,70->74,70->74,MELB - Middle,Greater Melbourne,Weekend,5,5
Y24H5990315,5,Separate House,Being Purchased,1,5,January,Monday,Bayside (C),15->19,35->39,55->59,MELB - Middle,Greater Melbourne,Weekday,18,18
Y24H5990317,3,Separate House,Being Rented,3,1,January,Wednesday,Bayside (C),15->19,40->44,55->59,MELB - Middle,Greater Melbourne,Weekday,16,16
Y24H5990318,4,Terrace or Townhouse,Being Rented,3,2,January,Thursday,Bayside (C),10->14,30->34,50->54,MELB - Middle,Greater Melbourne,Weekday,13,13
Y24H5990321,2,Separate House,Fully Owned,1,2,January,Sunday,Bayside (C),25->29,45->49,60->64,MELB - Middle,Greater Melbourne,Weekend,12,12
Y24H5990326,4,Terrace or Townhouse,Being Rented,3,1,January,Friday,Glen Eira (C),0->4,20->24,35->39,MELB - Middle,Greater Melbourne,Weekday,14,14
Y24H5990327,4,Terrace or Townhouse,Being Purchased,5,2,January,Saturday,Glen Eira (C),15->19,35->39,50->54,MELB - Middle,Greater Melbourne,Weekend,13,13
Y24H5990328,2,"Unit, Flat or Apartment",Being Rented,0,1,January,Sunday,Glen Eira (C),0->4,20->24,35->39,MELB - Middle,Greater Melbourne,Weekend,5,5
Y24H5990333,3,Terrace or Townhouse,Being Purchased,3,1,January,Friday,Glen Eira (C),5->9,20->24,45->49,MELB - Middle,Greater Melbourne,Weekday,14,14
Y24H5990334,2,Terrace or Townhouse,Fully Owned,1,2,January,Saturday,Glen Eira (C),65->69,70->74,70->74,MELB - Middle,Greater Melbourne,Weekend,8,8
Y24H5990337,1,Separate House,Being Purchased,1,1,January,Tuesday,Glen Eira (C),40->44,40->44,40->44,MELB - Middle,Greater Melbourne,Weekday,8,8
Y24H5990340,4,Separate House,Being Purchased,4,2,January,Friday,Glen Eira (C),5->9,25->29,50->54,MELB - Middle,Greater Melbourne,Weekday,18,18
Y24H5990341,3,Terrace or Townhouse,Being Purchased,Missing/Refused,2,January,Saturday,Glen Eira (C),0->4,25->29,40->44,MELB - Middle,Greater Melbourne,Weekend,11,11
Y24H5990402,2,Terrace or Townhouse,Being Purchased,2,2,January,Tuesday,Whittlesea (C),25->29,25->29,25->29,MELB - Outer,Greater Melbourne,Weekday,15,15
Y24H5990403,1,Separate House,Being Rented,0,1,January,Wednesday,Whittlesea (C),40->44,40->44,40->44,MELB - Outer,Greater Melbourne,Weekday,12,12
Y24H5990405,2,Terrace or Townhouse,Being Rented,0,1,January,Friday,Whittlesea (C),25->29,30->34,35->39,MELB - Outer,Greater Melbourne,Weekday,6,6
Y24H5990407,2,"Unit, Flat or Apartment",Being Rented,0,2,January,Sunday,Whittlesea (C),35->39,40->44,40->44,MELB - Outer,Greater Melbourne,Weekend,10,10
Y24H5990409,1,Terrace or Townhouse,Fully Owned,0,1,January,Tuesday,Whittlesea (C),30->34,30->34,30->34,MELB - Outer,Greater Melbourne,Weekday,12,12
Y24H5990413,2,Terrace or Townhouse,Fully Owned,2,1,January,Saturday,Whittlesea (C),70->74,75->79,75->79,MELB - Outer,Greater Melbourne,Weekend,6,6
Y24H5990416,3,"Unit, Flat or Apartment",Being Rented,0,1,January,Tuesday,Whittlesea (C),0->4,20->24,35->39,MELB - Outer,Greater Melbourne,Weekday,10,10
Y24H5990418,3,Terrace or Townhouse,Being Rented,0,0,January,Thursday,Whittlesea (C),0->4,20->24,30->34,MELB - Outer,Greater Melbourne,Weekday,9,9
Y24H5990420,2,Terrace or Townhouse,Being Purchased,0,2,January,Saturday,Whittlesea (C),25->29,25->29,25->29,MELB - Outer,Greater Melbourne,Weekend,13,13
Y24H5990422,2,Separate House,Being Rented,1,1,January,Monday,Whittlesea (C),30->34,30->34,30->34,MELB - Outer,Greater Melbourne,Weekday,6,6
Y24H5990434,2,Separate House,Occupied Rent-Free,Missing/Refused,1,January,Saturday,Whittlesea (C),25->29,30->34,35->39,MELB - Outer,Greater Melbourne,Weekend,6,6
Y24H5990439,2,Separate House,Fully Owned,0,1,January,Thursday,Whittlesea (C),60->64,60->64,65->69,MELB - Outer,Greater Melbourne,Weekday,7,7
Y24H5990501,6,Separate House,Fully Owned,2,2,January,Monday,Maribyrnong (C),15->19,40->44,80->84,MELB - Middle,Greater Melbourne,Weekday,12,12
Y24H5990508,2,Terrace or Townhouse,Being Rented,0,1,January,Monday,Maribyrnong (C),25->29,25->29,25->29,MELB - Middle,Greater Melbourne,Weekday,12,12
Y24H5990509,3,Terrace or Townhouse,Fully Owned,0,4,January,Tuesday,Maribyrnong (C),0->4,30->34,50->54,MELB - Middle,Greater Melbourne,Weekday,16,16
Y24H5990512,4,Terrace or Townhouse,Being Purchased,0,1,January,Friday,Maribyrnong (C),0->4,20->24,35->39,MELB - Middle,Greater Melbourne,Weekday,4,4
Y24H5990513,6,Separate House,Fully Owned,0,2,January,Saturday,Maribyrnong (C),10->14,35->39,65->69,MELB - Middle,Greater Melbourne,Weekend,3,3
Y24H5990514,1,Separate House,Being Purchased,0,1,January,Sunday,Maribyrnong (C),50->54,50->54,50->54,MELB - Middle,Greater Melbourne,Weekend,8,8
Y24H5990521,2,Separate House,Being Purchased,2,1,January,Sunday,Maribyrnong (C),30->34,30->34,30->34,MELB - Middle,Greater Melbourne,Weekend,17,17
Y24H5990522,2,Terrace or Townhouse,Fully Owned,Missing/Refused,2,January,Monday,Maribyrnong (C),60->64,60->64,60->64,MELB - Middle,Greater Melbourne,Weekday,12,12
Y24H5990523,3,"Unit, Flat or Apartment",Being Rented,0,0,January,Tuesday,Maribyrnong (C),10->14,20->24,35->39,MELB - Middle,Greater Melbourne,Weekday,7,7
Y24H5990527,5,Separate House,Being Purchased,0,2,January,Saturday,Maribyrnong (C),15->19,45->49,65->69,MELB - Middle,Greater Melbourne,Weekend,11,11
Y24H5990531,2,"Unit, Flat or Apartment",Being Rented,0,0,January,Wednesday,Maribyrnong (C),50->54,55->59,65->69,MELB - Middle,Greater Melbourne,Weekday,7,7
Y24H5990533,2,Terrace or Townhouse,Being Rented,0,1,January,Friday,Maribyrnong (C),25->29,25->29,25->29,MELB - Middle,Greater Melbourne,Weekday,13,13
Y24H5990537,1,Terrace or Townhouse,Being Rented,1,1,January,Tuesday,Maribyrnong (C),35->39,35->39,35->39,MELB - Middle,Greater Melbourne,Weekday,12,12
Y24H5990539,2,Separate House,Fully Owned,0,2,January,Thursday,Maribyrnong (C),20->24,25->29,30->34,MELB - Middle,Greater Melbourne,Weekday,3,3
Y24H6000202,3,Separate House,Being Purchased,3,3,January,Tuesday,Manningham (C),15->19,45->49,60->64,MELB - Outer,Greater Melbourne,Weekday,18,18
Y24H6000203,2,Separate House,Being Rented,8,2,January,Wednesday,Manningham (C),75->79,80->84,80->84,MELB - Outer,Greater Melbourne,Weekday,6,6
Y24H6000205,2,Separate House,Fully Owned,6,2,January,Friday,Manningham (C),60->64,60->64,60->64,MELB - Outer,Greater Melbourne,Weekday,7,7
Y24H6000207,2,Separate House,Fully Owned,0,2,January,Sunday,Manningham (C),75->79,80->84,80->84,MELB - Outer,Greater Melbourne,Weekend,3,3
Y24H6000211,4,Separate House,Being Purchased,4,2,January,Thursday,Manningham (C),5->9,25->29,50->54,MELB - Outer,Greater Melbourne,Weekday,15,15
Y24H6000212,2,Separate House,Fully Owned,0,2,January,Friday,Manningham (C),40->44,50->54,60->64,MELB - Outer,Greater Melbourne,Weekday,13,13
Y24H6000214,2,Separate House,Being Purchased,4,2,January,Sunday,Manningham (C),55->59,55->59,55->59,MELB - Outer,Greater Melbourne,Weekend,17,17
Y24H6000217,4,Separate House,Being Purchased,2,2,January,Wednesday,Manningham (C),5->9,20->24,35->39,MELB - Outer,Greater Melbourne,Weekday,17,17
Y24H6000220,2,Separate House,Fully Owned,0,2,January,Saturday,Manningham (C),75->79,75->79,75->79,MELB - Outer,Greater Melbourne,Weekend,8,8
Y24H6000221,5,Separate House,Being Purchased,6,2,January,Sunday,Manningham (C),10->14,25->29,45->49,MELB - Outer,Greater Melbourne,Weekend,14,14
Y24H6000224,2,Separate House,Fully Owned,Missing/Refused,2,January,Wednesday,Manningham (C),70->74,70->74,70->74,MELB - Middle,Greater Melbourne,Weekday,12,12
Y24H6000226,5,Terrace or Townhouse,Fully Owned,2,1,January,Friday,Manningham (C),0->4,25->29,55->59,MELB - Middle,Greater Melbourne,Weekday,8,8
Y24H6000227,1,"Unit, Flat or Apartment",Fully Owned,0,1,January,Saturday,Manningham (C),75->79,75->79,75->79,MELB - Middle,Greater Melbourne,Weekend,3,3
Y24H6000228,3,Separate House,Fully Owned,0,2,January,Sunday,Manningham (C),45->49,60->64,70->74,MELB - Middle,Greater Melbourne,Weekend,14,14
Y24H6000229,3,Terrace or Townhouse,Fully Owned,2,2,January,Monday,Manningham (C),30->34,30->34,30->34,MELB - Middle,Greater Melbourne,Weekday,16,16
Y24H6000230,2,Separate House,Fully Owned,0,2,January,Tuesday,Manningham (C),80->84,80->84,80->84,MELB - Middle,Greater Melbourne,Weekday,6,6
Y24H6000231,2,Separate House,Fully Owned,0,2,January,Wednesday,Manningham (C),30->34,35->39,35->39,MELB - Middle,Greater Melbourne,Weekday,9,9
Y24H6000236,2,Separate House,Fully Owned,0,2,January,Monday,Manningham (C),70->74,70->74,75->79,MELB - Middle,Greater Melbourne,Weekday,10,10
Y24H6000241,2,Separate House,Fully Owned,0,5,January,Saturday,Manningham (C),70->74,70->74,75->79,MELB - Middle,Greater Melbourne,Weekend,8,8
Y24H6000242,2,Separate House,Fully Owned,0,1,January,Sunday,Manningham (C),75->79,80->84,80->84,MELB - Middle,Greater Melbourne,Weekend,5,5
Y24H6000326,1,Terrace or Townhouse,Fully Owned,1,0,January,Friday,Port Phillip (C),65->69,65->69,65->69,MELB - Inner,Greater Melbourne,Weekday,9,9
Y24H6000328,1,Terrace or Townhouse,Fully Owned,0,1,January,Sunday,Port Phillip (C),75->79,75->79,75->79,MELB - Inner,Greater Melbourne,Weekend,7,7
Y24H6000329,2,Terrace or Townhouse,Fully Owned,2,2,January,Monday,Port Phillip (C),25->29,40->44,60->64,MELB - Inner,Greater Melbourne,Weekday,17,17
Y24H6000337,4,Terrace or Townhouse,Fully Owned,1,2,January,Tuesday,Port Phillip (C),15->19,35->39,55->59,MELB - Inner,Greater Melbourne,Weekday,14,14
Y24H6000338,5,Terrace or Townhouse,Being Rented,0,0,January,Wednesday,Port Phillip (C),25->29,25->29,25->29,MELB - Inner,Greater Melbourne,Weekday,12,12
Y24H6000340,2,Terrace or Townhouse,Being Rented,2,1,January,Friday,Port Phillip (C),55->59,55->59,55->59,MELB - Inner,Greater Melbourne,Weekday,12,12
Y24H6000342,3,Terrace or Townhouse,Fully Owned,0,3,January,Sunday,Port Phillip (C),15->19,40->44,55->59,MELB - Inner,Greater Melbourne,Weekend,12,12
Y24H6000501,2,Separate House,Being Rented,0,2,January,Monday,Brimbank (C),25->29,25->29,25->29,MELB - Outer,Greater Melbourne,Weekday,9,9
Y24H6000503,4,Separate House,Fully Owned,0,1,January,Wednesday,Brimbank (C),0->4,20->24,40->44,MELB - Outer,Greater Melbourne,Weekday,13,13
Y24H6000505,3,Separate House,Being Rented,0,2,January,Friday,Brimbank (C),30->34,60->64,75->79,MELB - Outer,Greater Melbourne,Weekday,8,8
Y24H6000506,3,Separate House,Being Rented,0,2,January,Saturday,Brimbank (C),15->19,25->29,45->49,MELB - Outer,Greater Melbourne,Weekend,8,8
Y24H6000507,4,Terrace or Townhouse,Fully Owned,2,2,January,Sunday,Brimbank (C),5->9,20->24,40->44,MELB - Outer,Greater Melbourne,Weekend,15,15
Y24H6000508,2,Separate House,Being Purchased,0,1,January,Monday,Brimbank (C),0->4,20->24,40->44,MELB - Outer,Greater Melbourne,Weekday,12,12
Y24H6000511,3,Separate House,Being Rented,0,1,January,Thursday,Brimbank (C),5->9,25->29,35->39,MELB - Outer,Greater Melbourne,Weekday,11,11
Y24H6000515,4,Separate House,Being Rented,1,2,January,Monday,Brimbank (C),0->4,20->24,35->39,MELB - Outer,Greater Melbourne,Weekday,8,8
Y24H6000516,2,Separate House,Fully Owned,0,1,January,Tuesday,Brimbank (C),75->79,80->84,80->84,MELB - Outer,Greater Melbourne,Weekday,6,6
Y24H6000517,1,Separate House,Fully Owned,0,0,January,Wednesday,Brimbank (C),80->84,80->84,80->84,MELB - Outer,Greater Melbourne,Weekday,2,2
Y24H6000529,2,Separate House,Being Rented,0,1,January,Monday,Brimbank (C),70->74,75->79,85->89,MELB - Outer,Greater Melbourne,Weekday,4,4
Y24H6000534,1,Separate House,Fully Owned,0,1,January,Saturday,Brimbank (C),80->84,80->84,80->84,MELB - Outer,Greater Melbourne,Weekend,4,4
Y24H6000537,4,"Unit, Flat or Apartment",Being Purchased,2,1,January,Tuesday,Brimbank (C),10->14,20->24,45->49,MELB - Outer,Greater Melbourne,Weekday,4,4
Y24H6000541,3,Separate House,Being Rented,0,2,January,Saturday,Brimbank (C),25->29,25->29,30->34,MELB - Outer,Greater Melbourne,Weekend,7,7
Y24H6010102,4,Separate House,Fully Owned,Missing/Refused,2,January,Tuesday,Mornington Peninsula (S),20->24,45->49,65->69,MELB - Outer,Greater Melbourne,Weekday,15,15
Y24H6010105,2,Separate House,Fully Owned,0,2,February,Friday,Mornington Peninsula (S),75->79,75->79,75->79,MELB - Outer,Greater Melbourne,Weekday,6,6
Y24H6010108,2,Separate House,Fully Owned,0,2,January,Monday,Mornington Peninsula (S),65->69,65->69,70->74,MELB - Outer,Greater Melbourne,Weekday,14,14
Y24H6010109,4,Separate House,Fully Owned,0,4,January,Tuesday,Mornington Peninsula (S),25->29,40->44,60->64,MELB - Outer,Greater Melbourne,Weekday,17,17
Y24H6010111,3,Other,Being Purchased,0,3,February,Thursday,Mornington Peninsula (S),30->34,55->59,65->69,MELB - Outer,Greater Melbourne,Weekday,14,14
Y24H6010113,5,Separate House,Being Rented,5,2,February,Saturday,Mornington Peninsula (S),5->9,20->24,40->44,MELB - Outer,Greater Melbourne,Weekend,16,16
Y24H6010117,2,Separate House,Fully Owned,0,1,January,Wednesday,Mornington Peninsula (S),90->94,90->94,95->99,MELB - Outer,Greater Melbourne,Weekday,6,6
Y24H6010119,2,Separate House,Fully Owned,0,2,February,Friday,Mornington Peninsula (S),75->79,75->79,80->84,MELB - Outer,Greater Melbourne,Weekday,2,2
Y24H6010121,4,Separate House,Being Purchased,Missing/Refused,2,February,Sunday,Mornington Peninsula (S),10->14,25->29,45->49,MELB - Outer,Greater Melbourne,Weekend,15,15
Y24H6010124,4,Separate House,Being Purchased,4,2,January,Wednesday,Mornington Peninsula (S),5->9,20->24,40->44,MELB - Outer,Greater Melbourne,Weekday,11,11
Y24H6010125,3,Separate House,Fully Owned,3,3,February,Thursday,Mornington Peninsula (S),35->39,55->59,65->69,MELB - Outer,Greater Melbourne,Weekday,12,12
Y24H6010127,2,Separate House,Fully Owned,0,3,February,Saturday,Mornington Peninsula (S),65->69,70->74,75->79,MELB - Outer,Greater Melbourne,Weekend,6,6
Y24H6010130,2,Separate House,Fully Owned,Missing/Refused,2,January,Tuesday,Mornington Peninsula (S),65->69,65->69,65->69,MELB - Outer,Greater Melbourne,Weekday,9,9
Y24H6010132,2,Separate House,Fully Owned,2,2,February,Thursday,Mornington Peninsula (S),70->74,70->74,70->74,MELB - Outer,Greater Melbourne,Weekday,11,11
Y24H6010134,5,Separate House,Fully Owned,5,5,February,Saturday,Mornington Peninsula (S),15->19,30->34,50->54,MELB - Outer,Greater Melbourne,Weekend,19,19
Y24H6010138,3,Separate House,Being Purchased,Missing/Refused,3,January,Wednesday,Mornington Peninsula (S),65->69,75->79,95->99,MELB - Outer,Greater Melbourne,Weekday,11,11
Y24H6010141,2,Separate House,Fully Owned,0,2,February,Saturday,Mornington Peninsula (S),55->59,55->59,60->64,MELB - Outer,Greater Melbourne,Weekend,12,12
Y24H6010206,2,Separate House,Fully Owned,0,2,February,Saturday,Monash (C),70->74,70->74,70->74,MELB - Middle,Greater Melbourne,Weekend,8,8
Y24H6010207,1,Separate House,Fully Owned,0,0,February,Sunday,Monash (C),70->74,70->74,70->74,MELB - Middle,Greater Melbourne,Weekend,8,8
Y24H6010209,4,Separate House,Being Purchased,4,3,January,Tuesday,Monash (C),10->14,30->34,45->49,MELB - Middle,Greater Melbourne,Weekday,18,18
Y24H6010213,3,"Unit, Flat or Apartment",Being Rented,0,2,February,Saturday,Monash (C),20->24,30->34,35->39,MELB - Middle,Greater Melbourne,Weekend,13,13
Y24H6010215,4,Separate House,Fully Owned,0,4,January,Monday,Monash (C),30->34,45->49,55->59,MELB - Middle,Greater Melbourne,Weekday,19,19
Y24H6010216,5,Separate House,Being Purchased,4,3,January,Tuesday,Monash (C),0->4,20->24,45->49,MELB - Middle,Greater Melbourne,Weekday,12,12
Y24H6010217,4,Terrace or Townhouse,Being Purchased,1,2,January,Wednesday,Monash (C),10->14,30->34,45->49,MELB - Middle,Greater Melbourne,Weekday,15,15
Y24H6010218,4,Separate House,Being Purchased,3,2,February,Thursday,Monash (C),15->19,35->39,55->59,MELB - Middle,Greater Melbourne,Weekday,8,8
Y24H6010222,4,Terrace or Townhouse,Being Purchased,Missing/Refused,1,January,Monday,Monash (C),10->14,25->29,45->49,MELB - Middle,Greater Melbourne,Weekday,17,17
Y24H6010223,3,Separate House,Being Purchased,0,2,January,Tuesday,Monash (C),10->14,30->34,40->44,MELB - Middle,Greater Melbourne,Weekday,13,13
Y24H6010224,3,"Unit, Flat or Apartment",Being Purchased,3,1,January,Wednesday,Monash (C),15->19,35->39,55->59,MELB - Middle,Greater Melbourne,Weekday,15,15
Y24H6010226,2,"Unit, Flat or Apartment",Being Rented,Missing/Refused,0,February,Friday,Monash (C),65->69,65->69,65->69,MELB - Middle,Greater Melbourne,Weekday,8,8
Y24H6010227,2,Separate House,Fully Owned,0,2,February,Saturday,Monash (C),55->59,60->64,60->64,MELB - Middle,Greater Melbourne,Weekend,14,14
Y24H6010228,3,"Unit, Flat or Apartment",Fully Owned,1,3,February,Sunday,Monash (C),30->34,55->59,65->69,MELB - Middle,Greater Melbourne,Weekend,18,18
Y24H6010231,6,Terrace or Townhouse,Being Rented,3,2,January,Wednesday,Monash (C),0->4,35->39,65->69,MELB - Middle,Greater Melbourne,Weekday,18,18
Y24H6010233,2,"Unit, Flat or Apartment",Being Rented,0,2,February,Friday,Monash (C),45->49,45->49,45->49,MELB - Middle,Greater Melbourne,Weekday,15,15
Y24H6010235,2,Separate House,Being Purchased,0,2,February,Sunday,Monash (C),30->34,30->34,30->34,MELB - Middle,Greater Melbourne,Weekend,8,8
Y24H6010237,2,Terrace or Townhouse,Being Purchased,0,2,January,Tuesday,Monash (C),30->34,30->34,30->34,MELB - Middle,Greater Melbourne,Weekday,12,12
Y24H6010240,2,Terrace or Townhouse,Fully Owned,0,2,February,Friday,Monash (C),85->89,85->89,90->94,MELB - Middle,Greater Melbourne,Weekday,6,6
Y24H6010505,4,Separate House,Being Rented,4,2,February,Friday,Brimbank (C),10->14,20->24,35->39,MELB - Middle,Greater Melbourne,Weekday,12,12
Y24H6010508,2,Separate House,Being Rented,0,1,January,Monday,Brimbank (C),25->29,25->29,25->29,MELB - Middle,Greater Melbourne,Weekday,1,1
Y24H6010509,2,Separate House,Fully Owned,0,2,January,Tuesday,Brimbank (C),70->74,70->74,75->79,MELB - Middle,Greater Melbourne,Weekday,10,10
Y24H6010513,3,Separate House,Being Rented,Missing/Refused,1,February,Saturday,Brimbank (C),20->24,30->34,30->34,MELB - Middle,Greater Melbourne,Weekend,10,10
Y24H6010516,1,Separate House,Fully Owned,0,1,January,Tuesday,Brimbank (C),65->69,65->69,65->69,MELB - Middle,Greater Melbourne,Weekday,4,4
Y24H6010521,2,Separate House,Being Rented,2,1,February,Sunday,Brimbank (C),20->24,35->39,55->59,MELB - Middle,Greater Melbourne,Weekend,4,4
Y24H6010523,4,Separate House,Fully Owned,2,3,January,Tuesday,Brimbank (C),15->19,25->29,50->54,MELB - Outer,Greater Melbourne,Weekday,4,4
Y24H6010534,3,Separate House,Being Purchased,2,2,February,Saturday,Brimbank (C),0->4,25->29,40->44,MELB - Outer,Greater Melbourne,Weekend,12,12
Y24H6010535,2,Separate House,Being Purchased,3,3,February,Sunday,Brimbank (C),35->39,35->39,35->39,MELB - Outer,Greater Melbourne,Weekend,15,15
Y24H6010536,7,Separate House,Being Rented,Missing/Refused,3,January,Monday,Brimbank (C),5->9,25->29,45->49,MELB - Outer,Greater Melbourne,Weekday,8,8
Y24H6010537,1,"Unit, Flat or Apartment",Being Rented,0,1,January,Tuesday,Brimbank (C),75->79,75->79,75->79,MELB - Outer,Greater Melbourne,Weekday,4,4
Y24H6010540,3,"Unit, Flat or Apartment",Being Rented,0,2,February,Friday,Brimbank (C),10->14,40->44,65->69,MELB - Outer,Greater Melbourne,Weekday,3,3
Y24H6020201,4,Separate House,Fully Owned,Missing/Refused,3,February,Monday,Cardinia (S),15->19,30->34,45->49,MELB - Outer,Greater Melbourne,Weekday,11,11
Y24H6020202,3,Separate House,Being Purchased,0,3,February,Tuesday,Cardinia (S),25->29,50->54,65->69,MELB - Outer,Greater Melbourne,Weekday,15,15
Y24H6020203,2,Separate House,Being Purchased,0,2,February,Wednesday,Cardinia (S),50->54,55->59,60->64,MELB - Outer,Greater Melbourne,Weekday,12,12
Y24H6020204,2,Separate House,Being Rented,0,1,February,Thursday,Cardinia (S),60->64,60->64,60->64,MELB - Outer,Greater Melbourne,Weekday,9,9
Y24H6020205,2,Separate House,Being Purchased,0,2,February,Friday,Cardinia (S),65->69,65->69,65->69,MELB - Outer,Greater Melbourne,Weekday,5,5
Y24H6020206,2,Separate House,Being Purchased,0,2,February,Saturday,Cardinia (S),45->49,45->49,45->49,MELB - Outer,Greater Melbourne,Weekend,15,15
Y24H6020208,4,Separate House,Being Purchased,Missing/Refused,3,February,Monday,Cardinia (S),25->29,40->44,60->64,MELB - Outer,Greater Melbourne,Weekday,17,17
Y24H6020209,2,Separate House,Fully Owned,0,2,February,Tuesday,Cardinia (S),70->74,70->74,75->79,MELB - Outer,Greater Melbourne,Weekday,5,5
Y24H6020211,1,Separate House,Fully Owned,1,3,February,Thursday,Cardinia (S),60->64,60->64,60->64,MELB - Outer,Greater Melbourne,Weekday,5,5
Y24H6020213,2,Separate House,Being Purchased,0,2,February,Saturday,Cardinia (S),50->54,50->54,50->54,MELB - Outer,Greater Melbourne,Weekend,15,15
Y24H6020216,1,Separate House,Fully Owned,4,1,February,Tuesday,Cardinia (S),75->79,75->79,75->79,MELB - Outer,Greater Melbourne,Weekday,7,7
Y24H6020218,5,Separate House,Being Purchased,5,5,February,Thursday,Cardinia (S),20->24,35->39,55->59,MELB - Outer,Greater Melbourne,Weekday,18,18
Y24H6020220,2,Separate House,Being Purchased,Missing/Refused,2,February,Saturday,Cardinia (S),50->54,50->54,50->54,MELB - Outer,Greater Melbourne,Weekend,18,18
Y24H6020226,3,Separate House,Being Purchased,0,2,February,Friday,Yarra Ranges (S),15->19,45->49,60->64,MELB - Outer,Greater Melbourne,Weekday,4,4
Y24H6020227,3,Separate House,Fully Owned,0,2,February,Saturday,Yarra Ranges (S),20->24,40->44,55->59,MELB - Outer,Greater Melbourne,Weekend,5,5
Y24H6020231,4,Separate House,Fully Owned,0,2,February,Wednesday,Yarra Ranges (S),15->19,35->39,55->59,MELB - Outer,Greater Melbourne,Weekday,10,10
Y24H6020234,1,"Unit, Flat or Apartment",Being Rented,4,0,February,Saturday,Yarra Ranges (S),65->69,65->69,65->69,MELB - Outer,Greater Melbourne,Weekend,4,4
Y24H6020236,1,Separate House,Being Purchased,3,1,February,Monday,Yarra Ranges (S),60->64,60->64,60->64,MELB - Outer,Greater Melbourne,Weekday,7,7
Y24H6020302,3,Separate House,Fully Owned,Missing/Refused,3,February,Tuesday,Glen Eira (C),20->24,40->44,50->54,MELB - Inner,Greater Melbourne,Weekday,14,14
Y24H6020307,1,Terrace or Townhouse,Fully Owned,0,1,February,Sunday,Glen Eira (C),75->79,75->79,75->79,MELB - Inner,Greater Melbourne,Weekend,4,4
Y24H6020308,2,Separate House,Fully Owned,0,1,February,Monday,Glen Eira (C),75->79,80->84,90->94,MELB - Inner,Greater Melbourne,Weekday,6,6
Y24H6020310,1,Separate House,Fully Owned,0,1,February,Wednesday,Glen Eira (C),75->79,75->79,75->79,MELB - Inner,Greater Melbourne,Weekday,5,5
Y24H6020312,5,"Unit, Flat or Apartment",Being Rented,2,2,February,Friday,Glen Eira (C),5->9,25->29,50->54,MELB - Inner,Greater Melbourne,Weekday,13,13
Y24H6020313,2,Separate House,Fully Owned,1,2,February,Saturday,Glen Eira (C),70->74,70->74,70->74,MELB - Inner,Greater Melbourne,Weekend,9,9
Y24H6020314,1,Separate House,Being Rented,0,1,February,Sunday,Glen Eira (C),50->54,50->54,50->54,MELB - Inner,Greater Melbourne,Weekend,12,12
Y24H6020315,1,Separate House,Fully Owned,1,1,February,Monday,Glen Eira (C),45->49,45->49,45->49,MELB - Inner,Greater Melbourne,Weekday,14,14
Y24H6020316,1,Terrace or Townhouse,Being Purchased,2,2,February,Tuesday,Glen Eira (C),45->49,45->49,45->49,MELB - Inner,Greater Melbourne,Weekday,14,14
Y24H6020319,1,"Unit, Flat or Apartment",Fully Owned,1,1,February,Friday,Glen Eira (C),65->69,65->69,65->69,MELB - Inner,Greater Melbourne,Weekday,3,3
Y24H6020320,1,"Unit, Flat or Apartment",Being Purchased,0,0,February,Saturday,Glen Eira (C),50->54,50->54,50->54,MELB - Inner,Greater Melbourne,Weekend,10,10
Y24H6020322,2,Terrace or Townhouse,Fully Owned,0,1,February,Monday,Yarra (C),65->69,70->74,70->74,MELB - Inner,Greater Melbourne,Weekday,11,11
Y24H6020325,1,Separate House,Being Purchased,0,1,February,Thursday,Yarra (C),60->64,60->64,60->64,MELB - Inner,Greater Melbourne,Weekday,12,12
Y24H6020326,2,Terrace or Townhouse,Fully Owned,2,2,February,Friday,Yarra (C),60->64,60->64,60->64,MELB - Inner,Greater Melbourne,Weekday,16,16
Y24H6020327,3,Separate House,Being Purchased,2,2,February,Saturday,Yarra (C),25->29,50->54,65->69,MELB - Inner,Greater Melbourne,Weekend,14,14
Y24H6020328,4,Separate House,Being Purchased,0,1,February,Sunday,Yarra (C),15->19,35->39,55->59,MELB - Inner,Greater Melbourne,Weekend,17,17
Y24H6020329,2,Separate House,Fully Owned,Missing/Refused,0,February,Monday,Yarra (C),70->74,75->79,75->79,MELB - Inner,Greater Melbourne,Weekday,15,15
Y24H6020330,3,Separate House,Being Rented,2,3,February,Tuesday,Yarra (C),25->29,25->29,25->29,MELB - Inner,Greater Melbourne,Weekday,18,18
Y24H6020332,2,Separate House,Fully Owned,1,4,February,Thursday,Yarra (C),65->69,65->69,65->69,MELB - Inner,Greater Melbourne,Weekday,13,13
Y24H6020333,4,Separate House,Being Purchased,5,1,February,Friday,Yarra (C),10->14,30->34,45->49,MELB - Inner,Greater Melbourne,Weekday,18,18
Y24H6020337,3,Separate House,Being Purchased,3,2,February,Tuesday,Yarra (C),15->19,40->44,55->59,MELB - Inner,Greater Melbourne,Weekday,14,14
Y24H6020338,3,Separate House,Being Rented,2,1,February,Wednesday,Yarra (C),30->34,30->34,35->39,MELB - Inner,Greater Melbourne,Weekday,17,17
Y24H6020340,2,Separate House,Being Purchased,0,0,February,Friday,Yarra (C),65->69,70->74,70->74,MELB - Inner,Greater Melbourne,Weekday,11,11
Y24H6020404,4,Separate House,Fully Owned,4,3,February,Thursday,Banyule (C),15->19,30->34,45->49,MELB - Middle,Greater Melbourne,Weekday,11,11
Y24H6020405,4,Separate House,Fully Owned,2,1,February,Friday,Banyule (C),10->14,20->24,50->54,MELB - Middle,Greater Melbourne,Weekday,0,0
Y24H6020406,5,Separate House,Being Purchased,0,2,February,Saturday,Banyule (C),10->14,25->29,45->49,MELB - Middle,Greater Melbourne,Weekend,13,13
Y24H6020409,4,Separate House,Fully Owned,4,2,February,Tuesday,Banyule (C),10->14,30->34,45->49,MELB - Middle,Greater Melbourne,Weekday,13,13
Y24H6020412,3,Separate House,Being Rented,2,2,February,Friday,Banyule (C),0->4,25->29,35->39,MELB - Middle,Greater Melbourne,Weekday,11,11
Y24H6020414,4,Separate House,Being Purchased,Missing/Refused,2,February,Sunday,Banyule (C),0->4,20->24,40->44,MELB - Middle,Greater Melbourne,Weekend,13,13
Y24H6020417,2,Separate House,Fully Owned,2,2,February,Wednesday,Banyule (C),70->74,70->74,70->74,MELB - Middle,Greater Melbourne,Weekday,7,7
Y24H6020419,1,Separate House,Being Purchased,3,2,February,Friday,Banyule (C),60->64,60->64,60->64,MELB - Middle,Greater Melbourne,Weekday,2,2
Y24H6020420,4,Separate House,Being Rented,2,1,February,Saturday,Banyule (C),5->9,20->24,40->44,MELB - Middle,Greater Melbourne,Weekend,13,13
Y24H6020424,5,Separate House,Fully Owned,2,2,February,Wednesday,Banyule (C),10->14,35->39,70->74,MELB - Middle,Greater Melbourne,Weekday,15,15
Y24H6020426,1,Separate House,Fully Owned,2,1,February,Friday,Banyule (C),75->79,75->79,75->79,MELB - Middle,Greater Melbourne,Weekday,6,6
Y24H6020427,2,Separate House,Fully Owned,Missing/Refused,1,February,Saturday,Banyule (C),60->64,60->64,65->69,MELB - Middle,Greater Melbourne,Weekend,13,13
Y24H6020428,1,Separate House,Being Rented,0,1,February,Sunday,Banyule (C),45->49,45->49,45->49,MELB - Middle,Greater Melbourne,Weekend,8,8
Y24H6020432,5,Separate House,Fully Owned,5,3,February,Thursday,Banyule (C),5->9,25->29,45->49,MELB - Middle,Greater Melbourne,Weekday,18,18
Y24H6020433,1,Separate House,Fully Owned,0,1,February,Friday,Banyule (C),70->74,70->74,70->74,MELB - Middle,Greater Melbourne,Weekday,5,5
Y24H6020434,1,Separate House,Being Purchased,Missing/Refused,2,February,Saturday,Banyule (C),35->39,35->39,35->39,MELB - Middle,Greater Melbourne,Weekend,14,14
Y24H6020437,2,Separate House,Fully Owned,0,1,February,Tuesday,Banyule (C),75->79,75->79,75->79,MELB - Middle,Greater Melbourne,Weekday,7,7
Y24H6020438,2,Separate House,Fully Owned,0,2,February,Wednesday,Banyule (C),65->69,65->69,70->74,MELB - Middle,Greater Melbourne,Weekday,17,17
Y24H6020439,2,Separate House,Fully Owned,3,3,February,Thursday,Banyule (C),65->69,65->69,65->69,MELB - Middle,Greater Melbourne,Weekday,11,11
Y24H6020440,2,Separate House,Fully Owned,0,2,February,Friday,Banyule (C),55->59,60->64,60->64,MELB - Middle,Greater Melbourne,Weekday,6,6
Y24H6020441,4,Separate House,Being Purchased,4,1,February,Saturday,Banyule (C),5->9,25->29,40->44,MELB - Middle,Greater Melbourne,Weekend,18,18
Y24H6020501,2,Separate House,Fully Owned,Missing/Refused,2,February,Monday,Hume (C),65->69,65->69,70->74,MELB - Outer,Greater Melbourne,Weekday,3,3
Y24H6020502,2,Separate House,Fully Owned,2,1,February,Tuesday,Hume (C),65->69,65->69,70->74,MELB - Outer,Greater Melbourne,Weekday,10,10
Y24H6020503,2,Separate House,Fully Owned,Missing/Refused,1,February,Wednesday,Hume (C),75->79,75->79,75->79,MELB - Outer,Greater Melbourne,Weekday,1,1
Y24H6020504,2,Separate House,Being Rented,Missing/Refused,2,February,Thursday,Hume (C),15->19,40->44,60->64,MELB - Outer,Greater Melbourne,Weekday,8,8
Y24H6020507,2,Separate House,Fully Owned,0,2,February,Sunday,Hume (C),60->64,60->64,60->64,MELB - Outer,Greater Melbourne,Weekend,10,10
Y24H6020508,5,Separate House,Being Purchased,3,2,February,Monday,Hume (C),0->4,20->24,50->54,MELB - Outer,Greater Melbourne,Weekday,18,18
Y24H6020509,5,Separate House,Being Purchased,0,4,February,Tuesday,Hume (C),20->24,35->39,55->59,MELB - Outer,Greater Melbourne,Weekday,18,18
Y24H6020510,2,Separate House,Fully Owned,1,1,February,Wednesday,Hume (C),30->34,35->39,40->44,MELB - Outer,Greater Melbourne,Weekday,12,12
Y24H6020511,3,Separate House,Being Purchased,0,2,February,Thursday,Hume (C),0->4,20->24,35->39,MELB - Outer,Greater Melbourne,Weekday,15,15
Y24H6020512,1,Separate House,Being Rented,0,1,February,Friday,Hume (C),50->54,50->54,50->54,MELB - Outer,Greater Melbourne,Weekday,12,12
Y24H6020515,2,Separate House,Fully Owned,Missing/Refused,2,February,Monday,Hume (C),50->54,50->54,50->54,MELB - Outer,Greater Melbourne,Weekday,11,11
Y24H6020518,4,Separate House,Fully Owned,Missing/Refused,3,February,Thursday,Hume (C),15->19,40->44,70->74,MELB - Outer,Greater Melbourne,Weekday,7,7
Y24H6020521,2,Separate House,Fully Owned,0,1,February,Sunday,Hume (C),70->74,75->79,75->79,MELB - Outer,Greater Melbourne,Weekend,2,2
Y24H6020522,2,Separate House,Being Purchased,0,2,February,Monday,Hume (C),35->39,35->39,35->39,MELB - Outer,Greater Melbourne,Weekday,12,12
Y24H6020527,2,Separate House,Being Purchased,0,2,February,Saturday,Hume (C),35->39,35->39,35->39,MELB - Outer,Greater Melbourne,Weekend,11,11
Y24H6020532,4,Separate House,Being Purchased,0,2,February,Thursday,Hume (C),10->14,30->34,45->49,MELB - Outer,Greater Melbourne,Weekday,12,12
Y24H6020534,1,Separate House,Being Purchased,0,1,February,Saturday,Hume (C),30->34,30->34,30->34,MELB - Outer,Greater Melbourne,Weekend,10,10
Y24H6020536,3,Separate House,Being Rented,1,1,February,Monday,Hume (C),15->19,25->29,45->49,MELB - Outer,Greater Melbourne,Weekday,10,10
Y24H6020538,4,Separate House,Fully Owned,2,1,February,Wednesday,Hume (C),0->4,20->24,35->39,MELB - Outer,Greater Melbourne,Weekday,7,7
Y24H6020540,3,Separate House,Being Purchased,0,1,February,Friday,Hume (C),0->4,20->24,40->44,MELB - Outer,Greater Melbourne,Weekday,12,12
Y24H6026103,1,Separate House,Being Rented,0,0,February,Wednesday,Greater Shepparton (C),80->84,80->84,80->84,Other,Shepparton SA4,Weekday,4,4
Y24H6026105,1,Separate House,Fully Owned,0,1,February,Friday,Greater Shepparton (C),55->59,55->59,55->59,Other,Shepparton SA4,Weekday,10,10
Y24H6026107,3,Separate House,Fully Owned,2,4,February,Sunday,Greater Shepparton (C),30->34,45->49,50->54,Other,Shepparton SA4,Weekend,19,19
Y24H6026108,1,"Unit, Flat or Apartment",Being Rented,0,1,February,Monday,Greater Shepparton (C),35->39,35->39,35->39,Other,Shepparton SA4,Weekday,7,7
Y24H6026110,2,Separate House,Being Rented,0,2,February,Wednesday,Greater Shepparton (C),25->29,45->49,70->74,Other,Shepparton SA4,Weekday,8,8
Y24H6026113,1,"Unit, Flat or Apartment",Fully Owned,0,0,February,Saturday,Greater Shepparton (C),70->74,70->74,70->74,Other,Shepparton SA4,Weekend,4,4
Y24H6026115,2,Separate House,Fully Owned,0,2,February,Monday,Greater Shepparton (C),75->79,75->79,80->84,Other,Shepparton SA4,Weekday,7,7
Y24H6026116,2,Separate House,Being Rented,Missing/Refused,1,February,Tuesday,Greater Shepparton (C),30->34,30->34,35->39,Other,Shepparton SA4,Weekday,12,12
Y24H6026118,1,"Unit, Flat or Apartment",Fully Owned,0,0,February,Thursday,Greater Shepparton (C),85->89,85->89,85->89,Other,Shepparton SA4,Weekday,4,4
Y24H6026119,1,"Unit, Flat or Apartment",Being Rented,Missing/Refused,1,February,Friday,Greater Shepparton (C),65->69,65->69,65->69,Other,Shepparton SA4,Weekday,5,5
Y24H6026120,2,Separate House,Being Rented,0,1,February,Saturday,Greater Shepparton (C),45->49,50->54,55->59,Other,Shepparton SA4,Weekend,12,12
Y24H6026123,2,Separate House,Fully Owned,0,2,February,Tuesday,Greater Shepparton (C),60->64,60->64,65->69,Other,Shepparton SA4,Weekday,11,11
Y24H6026124,1,Separate House,Being Purchased,0,2,February,Wednesday,Greater Shepparton (C),50->54,50->54,50->54,Other,Shepparton SA4,Weekday,6,6
Y24H6026128,2,Separate House,Being Purchased,4,0,February,Sunday,Greater Shepparton (C),5->9,20->24,40->44,Other,Shepparton SA4,Weekend,7,7
Y24H6026131,1,Separate House,Fully Owned,0,1,February,Wednesday,Greater Shepparton (C),65->69,65->69,65->69,Other,Shepparton SA4,Weekday,6,6
Y24H6026132,4,Separate House,Being Purchased,4,2,February,Thursday,Greater Shepparton (C),5->9,25->29,40->44,Other,Shepparton SA4,Weekday,13,13
Y24H6026133,4,Separate House,Being Purchased,6,2,February,Friday,Greater Shepparton (C),5->9,25->29,50->54,Other,Shepparton SA4,Weekday,13,13
Y24H6026137,1,Separate House,Fully Owned,0,1,February,Tuesday,Greater Shepparton (C),40->44,40->44,40->44,Other,Shepparton SA4,Weekday,10,10
Y24H6026141,5,Separate House,Fully Owned,0,2,February,Saturday,Greater Shepparton (C),30->34,60->64,80->84,Other,Shepparton SA4,Weekend,7,7
Y24H6030101,2,Separate House,Fully Owned,2,1,February,Monday,Mornington Peninsula (S),75->79,75->79,75->79,MELB - Outer,Greater Melbourne,Weekday,7,7
Y24H6030102,2,Separate House,Fully Owned,0,3,February,Tuesday,Mornington Peninsula (S),40->44,60->64,75->79,MELB - Outer,Greater Melbourne,Weekday,6,6
Y24H6030103,4,Separate House,Fully Owned,4,0,February,Wednesday,Mornington Peninsula (S),15->19,35->39,55->59,MELB - Outer,Greater Melbourne,Weekday,18,18
Y24H6030105,8,Separate House,Fully Owned,3,4,February,Friday,Mornington Peninsula (S),0->4,25->29,70->74,MELB - Outer,Greater Melbourne,Weekday,17,17
Y24H6030106,3,Separate House,Fully Owned,2,2,February,Saturday,Mornington Peninsula (S),45->49,65->69,80->84,MELB - Outer,Greater Melbourne,Weekend,12,12
Y24H6030111,3,Separate House,Fully Owned,1,3,February,Thursday,Mornington Peninsula (S),50->54,70->74,80->84,MELB - Outer,Greater Melbourne,Weekday,6,6
Y24H6030112,2,Separate House,Being Purchased,3,2,February,Friday,Mornington Peninsula (S),50->54,50->54,50->54,MELB - Outer,Greater Melbourne,Weekday,10,10
Y24H6030115,2,Separate House,Fully Owned,0,2,February,Monday,Mornington Peninsula (S),55->59,55->59,60->64,MELB - Outer,Greater Melbourne,Weekday,10,10
Y24H6030116,1,Separate House,Fully Owned,0,1,February,Tuesday,Mornington Peninsula (S),80->84,80->84,80->84,MELB - Outer,Greater Melbourne,Weekday,4,4
Y24H6030119,3,Separate House,Fully Owned,2,1,February,Friday,Mornington Peninsula (S),30->34,60->64,80->84,MELB - Outer,Greater Melbourne,Weekday,9,9
Y24H6030121,2,Separate House,Fully Owned,0,2,February,Sunday,Mornington Peninsula (S),75->79,75->79,80->84,MELB - Outer,Greater Melbourne,Weekend,6,6
Y24H6030122,4,Separate House,Being Purchased,0,4,February,Monday,Mornington Peninsula (S),20->24,35->39,50->54,MELB - Outer,Greater Melbourne,Weekday,14,14
Y24H6030123,4,Separate House,Being Purchased,4,2,February,Tuesday,Mornington Peninsula (S),10->14,25->29,45->49,MELB - Outer,Greater Melbourne,Weekday,13,13
Y24H6030127,2,Separate House,Fully Owned,0,1,February,Saturday,Mornington Peninsula (S),75->79,75->79,75->79,MELB - Outer,Greater Melbourne,Weekend,8,8
Y24H6030128,2,Separate House,Being Purchased,2,3,February,Sunday,Mornington Peninsula (S),55->59,55->59,55->59,MELB - Outer,Greater Melbourne,Weekend,6,6
Y24H6030129,1,Separate House,Fully Owned,0,1,February,Monday,Mornington Peninsula (S),75->79,75->79,75->79,MELB - Outer,Greater Melbourne,Weekday,3,3
Y24H6030132,2,Separate House,Fully Owned,0,2,February,Thursday,Mornington Peninsula (S),60->64,70->74,75->79,MELB - Outer,Greater Melbourne,Weekday,7,7
Y24H6030133,3,Separate House,Fully Owned,Missing/Refused,2,February,Friday,Mornington Peninsula (S),15->19,40->44,55->59,MELB - Outer,Greater Melbourne,Weekday,11,11
Y24H6030134,3,Separate House,Fully Owned,2,2,February,Saturday,Mornington Peninsula (S),55->59,70->74,80->84,MELB - Outer,Greater Melbourne,Weekend,12,12
Y24H6030140,4,Separate House,Being Purchased,1,1,February,Friday,Mornington Peninsula (S),0->4,15->19,35->39,MELB - Outer,Greater Melbourne,Weekday,16,16
Y24H6030142,4,Separate House,Being Purchased,4,2,February,Sunday,Mornington Peninsula (S),10->14,30->34,50->54,MELB - Outer,Greater Melbourne,Weekend,12,12
Y24H6030201,3,Separate House,Being Purchased,Missing/Refused,3,February,Monday,Maroondah (C),15->19,45->49,60->64,MELB - Outer,Greater Melbourne,Weekday,13,13
Y24H6030206,4,Separate House,Being Purchased,4,2,February,Saturday,Maroondah (C),5->9,25->29,40->44,MELB - Outer,Greater Melbourne,Weekend,13,13
Y24H6030207,3,Separate House,Fully Owned,2,2,February,Sunday,Maroondah (C),20->24,45->49,55->59,MELB - Outer,Greater Melbourne,Weekend,18,18
Y24H6030208,4,Separate House,Being Purchased,4,2,February,Monday,Maroondah (C),5->9,20->24,40->44,MELB - Outer,Greater Melbourne,Weekday,12,12
Y24H6030209,3,Separate House,Fully Owned,0,2,February,Tuesday,Maroondah (C),30->34,55->59,65->69,MELB - Outer,Greater Melbourne,Weekday,11,11
Y24H6030210,4,Separate House,Being Purchased,4,2,February,Wednesday,Maroondah (C),10->14,25->29,40->44,MELB - Outer,Greater Melbourne,Weekday,17,17
Y24H6030212,4,Separate House,Being Purchased,3,2,February,Friday,Maroondah (C),0->4,20->24,35->39,MELB - Outer,Greater Melbourne,Weekday,4,4
Y24H6030214,2,Separate House,Being Purchased,1,1,February,Sunday,Maroondah (C),45->49,50->54,50->54,MELB - Outer,Greater Melbourne,Weekend,9,9
Y24H6030218,4,Separate House,Being Purchased,Missing/Refused,4,February,Thursday,Maroondah (C),15->19,35->39,50->54,MELB - Outer,Greater Melbourne,Weekday,13,13
Y24H6030223,3,"Unit, Flat or Apartment",Being Rented,2,2,February,Tuesday,Maroondah (C),0->4,30->34,45->49,MELB - Outer,Greater Melbourne,Weekday,12,12
Y24H6030225,3,Separate House,Being Purchased,3,1,February,Thursday,Maroondah (C),0->4,25->29,35->39,MELB - Outer,Greater Melbourne,Weekday,14,14
Y24H6030226,1,"Unit, Flat or Apartment",Being Rented,3,2,February,Friday,Maroondah (C),45->49,45->49,45->49,MELB - Outer,Greater Melbourne,Weekday,12,12
Y24H6030227,4,"Unit, Flat or Apartment",Being Purchased,2,2,February,Saturday,Maroondah (C),5->9,25->29,40->44,MELB - Outer,Greater Melbourne,Weekend,12,12
Y24H6030228,2,"Unit, Flat or Apartment",Fully Owned,0,1,February,Sunday,Maroondah (C),80->84,80->84,80->84,MELB - Outer,Greater Melbourne,Weekend,7,7
Y24H6030229,4,"Unit, Flat or Apartment",Being Purchased,3,2,February,Monday,Maroondah (C),10->14,30->34,50->54,MELB - Outer,Greater Melbourne,Weekday,14,14
Y24H6030230,2,Separate House,Fully Owned,Missing/Refused,2,February,Tuesday,Maroondah (C),65->69,65->69,70->74,MELB - Outer,Greater Melbourne,Weekday,3,3
Y24H6030231,2,"Unit, Flat or Apartment",Being Purchased,0,2,February,Wednesday,Maroondah (C),35->39,55->59,70->74,MELB - Outer,Greater Melbourne,Weekday,6,6
Y24H6030233,1,Separate House,Fully Owned,0,1,February,Friday,Maroondah (C),60->64,60->64,60->64,MELB - Outer,Greater Melbourne,Weekday,2,2
Y24H6030234,2,Separate House,Fully Owned,1,2,February,Saturday,Maroondah (C),55->59,60->64,70->74,MELB - Outer,Greater Melbourne,Weekend,12,12
Y24H6030235,2,Terrace or Townhouse,Being Purchased,0,2,February,Sunday,Maroondah (C),25->29,30->34,30->34,MELB - Outer,Greater Melbourne,Weekend,14,14
Y24H6030236,4,Separate House,Fully Owned,2,2,February,Monday,Maroondah (C),0->4,20->24,35->39,MELB - Outer,Greater Melbourne,Weekday,12,12
Y24H6030238,2,Separate House,Being Rented,0,1,February,Wednesday,Maroondah (C),65->69,70->74,70->74,MELB - Outer,Greater Melbourne,Weekday,8,8
Y24H6030240,2,Separate House,Fully Owned,0,2,February,Friday,Maroondah (C),65->69,65->69,70->74,MELB - Outer,Greater Melbourne,Weekday,7,7
Y24H6030241,3,Terrace or Townhouse,Being Purchased,0,1,February,Saturday,Maroondah (C),0->4,20->24,30->34,MELB - Outer,Greater Melbourne,Weekend,15,15
Y24H6030242,2,"Unit, Flat or Apartment",Being Purchased,0,2,February,Sunday,Maroondah (C),55->59,60->64,65->69,MELB - Outer,Greater Melbourne,Weekend,14,14
Y24H6030402,5,Terrace or Townhouse,Being Purchased,Missing/Refused,2,February,Tuesday,Darebin (C),5->9,25->29,55->59,MELB - Middle,Greater Melbourne,Weekday,9,9
Y24H6030405,5,Separate House,Fully Owned,5,2,February,Friday,Darebin (C),10->14,30->34,50->54,MELB - Middle,Greater Melbourne,Weekday,17,17
Y24H6030414,2,"Unit, Flat or Apartment",Fully Owned,0,2,February,Sunday,Darebin (C),65->69,65->69,65->69,MELB - Middle,Greater Melbourne,Weekend,10,10
Y24H6030421,1,"Unit, Flat or Apartment",Being Rented,2,1,February,Sunday,Darebin (C),40->44,40->44,40->44,MELB - Middle,Greater Melbourne,Weekend,12,12
Y24H6030425,1,"Unit, Flat or Apartment",Being Purchased,0,1,February,Thursday,Darebin (C),35->39,35->39,35->39,MELB - Middle,Greater Melbourne,Weekday,10,10
Y24H6030426,3,Separate House,Fully Owned,Missing/Refused,2,February,Friday,Darebin (C),20->24,35->39,60->64,MELB - Middle,Greater Melbourne,Weekday,6,6
Y24H6030429,2,Separate House,Being Rented,1,2,February,Monday,Darebin (C),30->34,35->39,35->39,MELB - Middle,Greater Melbourne,Weekday,12,12
Y24H6030430,4,Terrace or Townhouse,Being Purchased,3,1,February,Tuesday,Darebin (C),5->9,30->34,50->54,MELB - Middle,Greater Melbourne,Weekday,15,15
Y24H6030433,2,Separate House,Being Purchased,0,2,February,Friday,Darebin (C),60->64,60->64,60->64,MELB - Middle,Greater Melbourne,Weekday,8,8
Y24H6030435,2,Terrace or Townhouse,Being Rented,2,2,February,Sunday,Darebin (C),30->34,30->34,30->34,MELB - Middle,Greater Melbourne,Weekend,7,7
Y24H6030438,4,Terrace or Townhouse,Being Rented,0,2,February,Wednesday,Darebin (C),30->34,30->34,35->39,MELB - Middle,Greater Melbourne,Weekday,12,12
Y24H6030440,4,Separate House,Fully Owned,0,2,February,Friday,Darebin (C),5->9,25->29,45->49,MELB - Middle,Greater Melbourne,Weekday,11,11
Y24H6030441,3,Separate House,Being Purchased,4,1,February,Saturday,Darebin (C),15->19,25->29,50->54,MELB - Middle,Greater Melbourne,Weekend,9,9
Y24H6030510,2,Separate House,Being Rented,0,0,February,Wednesday,Wyndham (C),20->24,40->44,60->64,MELB - Outer,Greater Melbourne,Weekday,12,12
Y24H6030511,2,Separate House,Fully Owned,0,1,February,Thursday,Wyndham (C),75->79,80->84,85->89,MELB - Outer,Greater Melbourne,Weekday,6,6
Y24H6030513,5,Separate House,Being Purchased,5,2,February,Saturday,Wyndham (C),5->9,20->24,45->49,MELB - Outer,Greater Melbourne,Weekend,12,12
Y24H6030514,4,Separate House,Being Rented,0,1,February,Sunday,Wyndham (C),5->9,25->29,45->49,MELB - Outer,Greater Melbourne,Weekend,15,15
Y24H6030518,3,Separate House,Fully Owned,0,2,February,Thursday,Wyndham (C),45->49,60->64,70->74,MELB - Outer,Greater Melbourne,Weekday,6,6
Y24H6030525,4,Separate House,Being Purchased,4,2,February,Thursday,Wyndham (C),5->9,20->24,40->44,MELB - Outer,Greater Melbourne,Weekday,17,17
Y24H6030526,2,Separate House,Being Rented,0,1,February,Friday,Wyndham (C),30->34,30->34,30->34,MELB - Outer,Greater Melbourne,Weekday,12,12
Y24H6030531,1,Separate House,Being Rented,1,1,February,Wednesday,Wyndham (C),40->44,40->44,40->44,MELB - Outer,Greater Melbourne,Weekday,10,10
Y24H6030533,2,Separate House,Being Purchased,0,3,February,Friday,Wyndham (C),35->39,40->44,40->44,MELB - Outer,Greater Melbourne,Weekday,4,4
Y24H6030536,2,Terrace or Townhouse,Being Rented,1,0,February,Monday,Wyndham (C),10->14,20->24,35->39,MELB - Outer,Greater Melbourne,Weekday,3,3
Y24H6030539,2,Separate House,Being Rented,0,2,February,Thursday,Wyndham (C),25->29,30->34,30->34,MELB - Outer,Greater Melbourne,Weekday,14,14
Y24H6030541,3,"Unit, Flat or Apartment",Being Rented,3,1,February,Saturday,Wyndham (C),0->4,20->24,30->34,MELB - Outer,Greater Melbourne,Weekend,10,10
Y24H6036101,5,Separate House,Fully Owned,0,2,February,Monday,Campaspe (S),5->9,20->24,50->54,Other,Shepparton SA4,Weekday,8,8
Y24H6036104,2,Separate House,Fully Owned,2,2,February,Thursday,Campaspe (S),40->44,40->44,40->44,Other,Shepparton SA4,Weekday,14,14
Y24H6036107,2,Separate House,Fully Owned,Missing/Refused,1,February,Sunday,Campaspe (S),80->84,80->84,80->84,Other,Shepparton SA4,Weekend,5,5
Y24H6036115,1,Separate House,Being Purchased,0,3,February,Monday,Campaspe (S),60->64,60->64,60->64,Other,Shepparton SA4,Weekday,10,10
Y24H6036123,2,Separate House,Fully Owned,2,3,February,Tuesday,Campaspe (S),55->59,60->64,60->64,Other,Shepparton SA4,Weekday,12,12
Y24H6036126,4,Separate House,Being Purchased,4,1,February,Friday,Campaspe (S),10->14,20->24,40->44,Other,Shepparton SA4,Weekday,6,6
Y24H6036129,2,Separate House,Fully Owned,0,1,February,Monday,Campaspe (S),85->89,85->89,85->89,Other,Shepparton SA4,Weekday,5,5
Y24H6036133,2,Separate House,Being Rented,0,2,February,Friday,Campaspe (S),20->24,20->24,25->29,Other,Shepparton SA4,Weekday,10,10
Y24H6036134,1,Separate House,Fully Owned,0,1,February,Saturday,Campaspe (S),85->89,85->89,85->89,Other,Shepparton SA4,Weekend,6,6
Y24H6036139,1,Separate House,Fully Owned,0,1,February,Thursday,Campaspe (S),85->89,85->89,85->89,Other,Shepparton SA4,Weekday,4,4
Y24H6036140,2,Separate House,Being Purchased,1,3,February,Friday,Campaspe (S),55->59,60->64,60->64,Other,Shepparton SA4,Weekday,17,17
Y24H6036142,2,Separate House,Being Rented,Missing/Refused,1,February,Sunday,Campaspe (S),35->39,50->54,60->64,Other,Shepparton SA4,Weekend,5,5
Y24H6036201,2,Separate House,Fully Owned,Missing/Refused,2,February,Monday,Greater Shepparton (C),55->59,60->64,70->74,Other,Shepparton SA4,Weekday,3,3
Y24H6036204,1,Separate House,Being Purchased,0,1,February,Thursday,Greater Shepparton (C),70->74,70->74,70->74,Other,Shepparton SA4,Weekday,9,9
Y24H6036209,2,Separate House,Fully Owned,2,1,February,Tuesday,Greater Shepparton (C),60->64,60->64,60->64,Other,Shepparton SA4,Weekday,9,9
Y24H6036210,2,Separate House,Fully Owned,Missing/Refused,2,February,Wednesday,Greater Shepparton (C),45->49,60->64,70->74,Other,Shepparton SA4,Weekday,4,4
Y24H6036213,2,Separate House,Fully Owned,0,2,February,Saturday,Greater Shepparton (C),55->59,60->64,60->64,Other,Shepparton SA4,Weekend,7,7
Y24H6036215,1,"Unit, Flat or Apartment",Being Rented,0,0,February,Monday,Greater Shepparton (C),70->74,70->74,70->74,Other,Shepparton SA4,Weekday,1,1
Y24H6036217,1,"Unit, Flat or Apartment",Being Rented,Missing/Refused,1,February,Wednesday,Greater Shepparton (C),60->64,60->64,60->64,Other,Shepparton SA4,Weekday,2,2
Y24H6036220,3,Separate House,Fully Owned,1,2,February,Saturday,Greater Shepparton (C),50->54,65->69,75->79,Other,Shepparton SA4,Weekend,15,15
Y24H6036228,1,Separate House,Fully Owned,0,1,February,Sunday,Greater Shepparton (C),90->94,90->94,90->94,Other,Shepparton SA4,Weekend,2,2
Y24H6036236,4,"Unit, Flat or Apartment",Being Rented,Missing/Refused,2,February,Monday,Greater Shepparton (C),5->9,25->29,50->54,Other,Shepparton SA4,Weekday,12,12
Y24H6036239,1,"Unit, Flat or Apartment",Being Rented,0,1,February,Thursday,Greater Shepparton (C),65->69,65->69,65->69,Other,Shepparton SA4,Weekday,4,4
Y24H6036241,2,"Unit, Flat or Apartment",Being Rented,0,2,February,Saturday,Greater Shepparton (C),20->24,20->24,20->24,Other,Shepparton SA4,Weekend,12,12
Y24H6040103,3,Separate House,Fully Owned,0,3,February,Wednesday,Cardinia (S),30->34,55->59,70->74,MELB - Outer,Greater Melbourne,Weekday,4,4
Y24H6040105,5,Separate House,Fully Owned,0,3,February,Friday,Cardinia (S),25->29,40->44,65->69,MELB - Outer,Greater Melbourne,Weekday,15,15
Y24H6040107,4,Separate House,Being Purchased,3,2,February,Sunday,Cardinia (S),15->19,40->44,75->79,MELB - Outer,Greater Melbourne,Weekend,9,9
Y24H6040111,2,Separate House,Being Purchased,0,1,February,Thursday,Cardinia (S),25->29,30->34,30->34,MELB - Outer,Greater Melbourne,Weekday,12,12
Y24H6040113,3,Separate House,Being Purchased,3,3,February,Saturday,Cardinia (S),0->4,25->29,40->44,MELB - Outer,Greater Melbourne,Weekend,10,10
Y24H6040117,1,Separate House,Being Rented,0,0,February,Wednesday,Cardinia (S),80->84,80->84,80->84,MELB - Outer,Greater Melbourne,Weekday,1,1
Y24H6040124,1,Separate House,Being Purchased,3,1,February,Wednesday,Cardinia (S),40->44,40->44,40->44,MELB - Outer,Greater Melbourne,Weekday,12,12
Y24H6040125,2,Separate House,Fully Owned,0,2,February,Thursday,Cardinia (S),55->59,60->64,60->64,MELB - Outer,Greater Melbourne,Weekday,12,12
Y24H6040126,2,Separate House,Fully Owned,0,2,February,Friday,Cardinia (S),65->69,70->74,75->79,MELB - Outer,Greater Melbourne,Weekday,14,14
Y24H6040127,3,Separate House,Being Purchased,Missing/Refused,5,February,Saturday,Cardinia (S),15->19,40->44,55->59,MELB - Outer,Greater Melbourne,Weekend,18,18
Y24H6040132,2,Separate House,Fully Owned,Missing/Refused,1,February,Thursday,Cardinia (S),60->64,60->64,60->64,MELB - Outer,Greater Melbourne,Weekday,12,12
Y24H6040137,3,Separate House,Being Purchased,4,3,February,Tuesday,Cardinia (S),25->29,45->49,60->64,MELB - Outer,Greater Melbourne,Weekday,13,13
Y24H6040138,2,Separate House,Fully Owned,2,2,February,Wednesday,Cardinia (S),60->64,60->64,60->64,MELB - Outer,Greater Melbourne,Weekday,12,12
Y24H6040141,2,Separate House,Fully Owned,Missing/Refused,2,February,Saturday,Cardinia (S),80->84,85->89,90->94,MELB - Outer,Greater Melbourne,Weekend,10,10
Y24H6040142,3,Separate House,Fully Owned,3,4,February,Sunday,Cardinia (S),40->44,60->64,70->74,MELB - Outer,Greater Melbourne,Weekend,12,12
Y24H6040203,3,Separate House,Being Purchased,3,1,February,Wednesday,Manningham (C),10->14,30->34,45->49,MELB - Middle,Greater Melbourne,Weekday,12,12
Y24H6040205,2,Separate House,Fully Owned,0,1,February,Friday,Manningham (C),35->39,55->59,75->79,MELB - Middle,Greater Melbourne,Weekday,11,11
Y24H6040206,3,Separate House,Being Purchased,3,2,February,Saturday,Manningham (C),5->9,30->34,45->49,MELB - Middle,Greater Melbourne,Weekend,14,14
Y24H6040207,2,Separate House,Fully Owned,2,2,February,Sunday,Manningham (C),75->79,75->79,75->79,MELB - Middle,Greater Melbourne,Weekend,8,8
Y24H6040211,3,Separate House,Being Purchased,0,1,February,Thursday,Manningham (C),20->24,40->44,55->59,MELB - Middle,Greater Melbourne,Weekday,1,1
Y24H6040217,1,Separate House,Fully Owned,0,1,February,Wednesday,Manningham (C),85->89,85->89,85->89,MELB - Middle,Greater Melbourne,Weekday,4,4
Y24H6040221,1,Separate House,Fully Owned,0,0,February,Sunday,Manningham (C),80->84,80->84,80->84,MELB - Middle,Greater Melbourne,Weekend,5,5
Y24H6040224,4,Separate House,Being Purchased,5,2,February,Wednesday,Manningham (C),0->4,20->24,40->44,MELB - Middle,Greater Melbourne,Weekday,14,14
Y24H6040232,1,Separate House,Fully Owned,0,1,February,Thursday,Manningham (C),90->94,90->94,90->94,MELB - Middle,Greater Melbourne,Weekday,5,5
Y24H6040235,2,Separate House,Fully Owned,0,1,February,Sunday,Manningham (C),75->79,75->79,75->79,MELB - Middle,Greater Melbourne,Weekend,9,9
Y24H6040237,2,Separate House,Fully Owned,0,2,February,Tuesday,Manningham (C),85->89,85->89,85->89,MELB - Middle,Greater Melbourne,Weekday,7,7
Y24H6040239,2,Separate House,Fully Owned,0,2,February,Thursday,Manningham (C),80->84,80->84,85->89,MELB - Middle,Greater Melbourne,Weekday,6,6
Y24H6040240,3,Separate House,Fully Owned,0,3,February,Friday,Manningham (C),25->29,50->54,65->69,MELB - Middle,Greater Melbourne,Weekday,12,12
Y24H6040241,3,Separate House,Being Rented,2,1,February,Saturday,Manningham (C),5->9,35->39,45->49,MELB - Middle,Greater Melbourne,Weekend,8,8
Y24H6040242,3,Separate House,Being Rented,1,3,February,Sunday,Manningham (C),20->24,40->44,55->59,MELB - Middle,Greater Melbourne,Weekend,18,18
Y24H6040301,2,Separate House,Fully Owned,Missing/Refused,1,February,Monday,Bayside (C),60->64,65->69,70->74,MELB - Middle,Greater Melbourne,Weekday,1,1
Y24H6040302,4,Separate House,Being Purchased,6,1,February,Tuesday,Bayside (C),5->9,20->24,35->39,MELB - Middle,Greater Melbourne,Weekday,16,16
Y24H6040304,1,Separate House,Fully Owned,0,1,February,Thursday,Bayside (C),75->79,75->79,75->79,MELB - Middle,Greater Melbourne,Weekday,7,7
Y24H6040305,4,Separate House,Being Purchased,2,2,February,Friday,Bayside (C),0->4,20->24,40->44,MELB - Middle,Greater Melbourne,Weekday,18,18
Y24H6040306,2,Terrace or Townhouse,Being Rented,Missing/Refused,2,February,Saturday,Bayside (C),70->74,70->74,70->74,MELB - Middle,Greater Melbourne,Weekend,14,14
Y24H6040308,2,"Unit, Flat or Apartment",Fully Owned,0,2,February,Monday,Bayside (C),80->84,80->84,80->84,MELB - Middle,Greater Melbourne,Weekday,4,4
Y24H6040309,3,Separate House,Fully Owned,3,2,February,Tuesday,Bayside (C),25->29,45->49,60->64,MELB - Middle,Greater Melbourne,Weekday,7,7
Y24H6040311,2,"Unit, Flat or Apartment",Being Purchased,1,2,February,Thursday,Bayside (C),40->44,40->44,40->44,MELB - Middle,Greater Melbourne,Weekday,13,13
Y24H6040312,2,Separate House,Being Rented,1,1,February,Friday,Bayside (C),15->19,30->34,40->44,MELB - Middle,Greater Melbourne,Weekday,9,9
Y24H6040315,2,Separate House,Fully Owned,Missing/Refused,2,February,Monday,Bayside (C),60->64,60->64,65->69,MELB - Middle,Greater Melbourne,Weekday,17,17
Y24H6040316,5,Separate House,Being Purchased,1,2,February,Tuesday,Bayside (C),10->14,25->29,45->49,MELB - Middle,Greater Melbourne,Weekday,14,14
Y24H6040317,3,Terrace or Townhouse,Fully Owned,3,4,February,Wednesday,Bayside (C),20->24,45->49,55->59,MELB - Middle,Greater Melbourne,Weekday,14,14
Y24H6040318,2,Separate House,Fully Owned,1,2,February,Thursday,Bayside (C),65->69,70->74,80->84,MELB - Middle,Greater Melbourne,Weekday,8,8
Y24H6040319,4,Separate House,Being Purchased,3,2,February,Friday,Bayside (C),10->14,30->34,50->54,MELB - Middle,Greater Melbourne,Weekday,17,17
Y24H6040321,3,Separate House,Fully Owned,0,4,February,Sunday,Bayside (C),25->29,50->54,60->64,MELB - Middle,Greater Melbourne,Weekend,17,17
Y24H6040331,3,Separate House,Being Rented,0,2,February,Wednesday,Kingston (C),90->94,90->94,95->99,MELB - Middle,Greater Melbourne,Weekday,17,17
Y24H6040338,4,Separate House,Being Purchased,2,1,February,Wednesday,Kingston (C),5->9,25->29,50->54,MELB - Middle,Greater Melbourne,Weekday,6,6
Y24H6040339,1,"Unit, Flat or Apartment",Fully Owned,0,1,February,Thursday,Kingston (C),35->39,35->39,35->39,MELB - Middle,Greater Melbourne,Weekday,12,12
Y24H6040340,1,"Unit, Flat or Apartment",Being Purchased,0,0,February,Friday,Kingston (C),55->59,55->59,55->59,MELB - Middle,Greater Melbourne,Weekday,9,9
Y24H6040501,4,Separate House,Being Purchased,0,3,February,Monday,Melton (S),10->14,20->24,40->44,MELB - Outer,Greater Melbourne,Weekday,7,7
Y24H6040506,1,Separate House,Being Rented,0,1,February,Saturday,Melton (S),45->49,45->49,45->49,MELB - Outer,Greater Melbourne,Weekend,10,10
Y24H6040509,2,Separate House,Fully Owned,0,1,February,Tuesday,Melton (S),55->59,55->59,55->59,MELB - Outer,Greater Melbourne,Weekday,12,12
Y24H6040515,6,Separate House,Being Purchased,0,3,February,Monday,Melton (S),15->19,45->49,80->84,MELB - Outer,Greater Melbourne,Weekday,5,5
Y24H6040516,2,Separate House,Fully Owned,0,2,February,Tuesday,Melton (S),60->64,65->69,70->74,MELB - Outer,Greater Melbourne,Weekday,12,12
Y24H6040517,4,Separate House,Being Purchased,0,2,February,Wednesday,Melton (S),20->24,40->44,55->59,MELB - Outer,Greater Melbourne,Weekday,17,17
Y24H6040518,2,Separate House,Being Rented,0,2,February,Thursday,Melton (S),65->69,65->69,65->69,MELB - Outer,Greater Melbourne,Weekday,6,6
Y24H6040526,4,Separate House,Being Rented,2,1,February,Friday,Melton (S),10->14,25->29,40->44,MELB - Outer,Greater Melbourne,Weekday,7,7
Y24H6040527,4,Separate House,Fully Owned,6,2,February,Saturday,Melton (S),10->14,30->34,45->49,MELB - Outer,Greater Melbourne,Weekend,13,13
Y24H6040528,3,Separate House,Being Purchased,2,2,February,Sunday,Melton (S),10->14,30->34,40->44,MELB - Outer,Greater Melbourne,Weekend,17,17
Y24H6040534,4,Separate House,Being Rented,2,1,February,Saturday,Melton (S),0->4,20->24,35->39,MELB - Outer,Greater Melbourne,Weekend,16,16
Y24H6040536,4,Separate House,Being Rented,2,2,February,Monday,Melton (S),5->9,20->24,40->44,MELB - Outer,Greater Melbourne,Weekday,17,17
Y24H6040538,3,Separate House,Being Rented,2,2,February,Wednesday,Melton (S),5->9,25->29,40->44,MELB - Outer,Greater Melbourne,Weekday,3,3
Y24H6040539,5,Separate House,Being Rented,0,2,February,Thursday,Melton (S),0->4,15->19,35->39,MELB - Outer,Greater Melbourne,Weekday,9,9
Y24H6046110,3,Separate House,Fully Owned,0,2,February,Wednesday,Campaspe (S),30->34,50->54,65->69,Other,Shepparton SA4,Weekday,13,13
Y24H6046111,3,Separate House,Being Rented,Missing/Refused,1,February,Thursday,Campaspe (S),15->19,45->49,65->69,Other,Shepparton SA4,Weekday,14,14
Y24H6046112,1,Separate House,Being Purchased,0,1,February,Friday,Campaspe (S),35->39,35->39,35->39,Other,Shepparton SA4,Weekday,12,12
Y24H6046113,1,Separate House,Being Rented,0,1,February,Saturday,Campaspe (S),35->39,35->39,35->39,Other,Shepparton SA4,Weekend,14,14
Y24H6046123,2,Separate House,Fully Owned,Missing/Refused,1,February,Tuesday,Greater Shepparton (C),10->14,45->49,80->84,Other,Shepparton SA4,Weekday,7,7
Y24H6046124,1,Separate House,Being Rented,0,0,February,Wednesday,Greater Shepparton (C),75->79,75->79,75->79,Other,Shepparton SA4,Weekday,5,5
Y24H6046126,4,Separate House,Being Purchased,3,3,February,Friday,Greater Shepparton (C),5->9,20->24,35->39,Other,Shepparton SA4,Weekday,12,12
Y24H6046129,1,Separate House,Being Purchased,0,1,February,Monday,Greater Shepparton (C),35->39,35->39,35->39,Other,Shepparton SA4,Weekday,12,12
Y24H6046130,2,Separate House,Being Purchased,2,2,February,Tuesday,Greater Shepparton (C),40->44,45->49,50->54,Other,Shepparton SA4,Weekday,17,17
Y24H6046131,1,"Unit, Flat or Apartment",Fully Owned,0,1,February,Wednesday,Greater Shepparton (C),65->69,65->69,65->69,Other,Shepparton SA4,Weekday,3,3
Y24H6046133,2,"Unit, Flat or Apartment",Being Rented,Missing/Refused,2,February,Friday,Greater Shepparton (C),25->29,25->29,25->29,Other,Shepparton SA4,Weekday,14,14
Y24H6046135,2,Separate House,Being Rented,0,1,February,Sunday,Greater Shepparton (C),80->84,80->84,80->84,Other,Shepparton SA4,Weekend,6,6
Y24H6046140,2,Separate House,Being Purchased,2,2,February,Friday,Greater Shepparton (C),50->54,50->54,55->59,Other,Shepparton SA4,Weekday,11,11
Y24H6046205,2,Separate House,Fully Owned,0,1,February,Friday,Greater Shepparton (C),60->64,75->79,85->89,Other,Shepparton SA4,Weekday,11,11
Y24H6046207,1,Terrace or Townhouse,Fully Owned,0,1,February,Sunday,Greater Shepparton (C),75->79,75->79,75->79,Other,Shepparton SA4,Weekend,1,1
Y24H6046208,4,Separate House,Being Purchased,4,3,February,Monday,Greater Shepparton (C),10->14,25->29,45->49,Other,Shepparton SA4,Weekday,18,18
Y24H6046210,4,Separate House,Being Rented,4,2,February,Wednesday,Greater Shepparton (C),10->14,25->29,40->44,Other,Shepparton SA4,Weekday,13,13
Y24H6046212,3,"Unit, Flat or Apartment",Being Rented,0,1,February,Friday,Greater Shepparton (C),5->9,25->29,35->39,Other,Shepparton SA4,Weekday,7,7
Y24H6046215,4,Separate House,Being Purchased,0,3,February,Monday,Greater Shepparton (C),0->4,15->19,30->34,Other,Shepparton SA4,Weekday,8,8
Y24H6046216,1,Separate House,Being Purchased,Missing/Refused,1,February,Tuesday,Greater Shepparton (C),60->64,60->64,60->64,Other,Shepparton SA4,Weekday,9,9
Y24H6046219,3,"Unit, Flat or Apartment",Fully Owned,0,1,February,Friday,Greater Shepparton (C),40->44,60->64,70->74,Other,Shepparton SA4,Weekday,8,8
Y24H6046220,1,Terrace or Townhouse,Being Purchased,0,1,February,Saturday,Greater Shepparton (C),35->39,35->39,35->39,Other,Shepparton SA4,Weekend,10,10
Y24H6046223,1,Separate House,Being Rented,0,2,February,Tuesday,Greater Shepparton (C),35->39,35->39,35->39,Other,Shepparton SA4,Weekday,6,6
Y24H6046225,1,Terrace or Townhouse,Being Purchased,0,1,February,Thursday,Greater Shepparton (C),25->29,25->29,25->29,Other,Shepparton SA4,Weekday,12,12
Y24H6046229,1,Separate House,Being Rented,0,1,February,Monday,Greater Shepparton (C),60->64,60->64,60->64,Other,Shepparton SA4,Weekday,3,3
Y24H6046233,1,Separate House,Being Rented,0,1,February,Friday,Greater Shepparton (C),35->39,35->39,35->39,Other,Shepparton SA4,Weekday,12,12
Y24H6046234,6,Separate House,Being Rented,5,0,February,Saturday,Greater Shepparton (C),0->4,25->29,40->44,Other,Shepparton SA4,Weekend,15,15
Y24H6046235,2,Separate House,Fully Owned,0,2,February,Sunday,Greater Shepparton (C),70->74,70->74,75->79,Other,Shepparton SA4,Weekend,3,3
Y24H6046239,2,Separate House,Being Rented,2,1,February,Thursday,Greater Shepparton (C),35->39,45->49,60->64,Other,Shepparton SA4,Weekday,14,14
Y24H6046241,1,Separate House,Being Rented,1,1,February,Saturday,Greater Shepparton (C),35->39,35->39,35->39,Other,Shepparton SA4,Weekend,9,9
Y24H6050302,1,"Unit, Flat or Apartment",Fully Owned,0,1,February,Tuesday,Glen Eira (C),75->79,75->79,75->79,MELB - Middle,Greater Melbourne,Weekday,2,2
Y24H6050303,5,"Unit, Flat or Apartment",Fully Owned,0,3,February,Wednesday,Glen Eira (C),5->9,40->44,70->74,MELB - Middle,Greater Melbourne,Weekday,3,3
Y24H6050304,1,Separate House,Fully Owned,Missing/Refused,1,February,Thursday,Glen Eira (C),70->74,70->74,70->74,MELB - Middle,Greater Melbourne,Weekday,4,4
Y24H6050305,6,Separate House,Being Purchased,0,3,March,Friday,Glen Eira (C),15->19,40->44,80->84,MELB - Middle,Greater Melbourne,Weekday,12,12
Y24H6050306,4,Terrace or Townhouse,Being Purchased,4,2,March,Saturday,Glen Eira (C),5->9,20->24,35->39,MELB - Middle,Greater Melbourne,Weekend,18,18
Y24H6050308,4,Separate House,Being Purchased,4,2,February,Monday,Glen Eira (C),10->14,35->39,75->79,MELB - Middle,Greater Melbourne,Weekday,10,10
Y24H6050309,5,Terrace or Townhouse,Being Purchased,2,2,February,Tuesday,Glen Eira (C),0->4,15->19,40->44,MELB - Middle,Greater Melbourne,Weekday,7,7
Y24H6050312,4,Separate House,Being Purchased,4,2,March,Friday,Glen Eira (C),15->19,30->34,50->54,MELB - Middle,Greater Melbourne,Weekday,18,18
Y24H6050314,2,Separate House,Being Rented,0,2,March,Sunday,Glen Eira (C),60->64,60->64,65->69,MELB - Middle,Greater Melbourne,Weekend,13,13
Y24H6050315,2,Separate House,Being Purchased,0,2,February,Monday,Glen Eira (C),25->29,30->34,30->34,MELB - Middle,Greater Melbourne,Weekday,16,16
Y24H6050316,2,Separate House,Being Purchased,0,4,February,Tuesday,Glen Eira (C),65->69,65->69,65->69,MELB - Middle,Greater Melbourne,Weekday,17,17
Y24H6050321,1,Separate House,Fully Owned,0,1,March,Sunday,Glen Eira (C),75->79,75->79,75->79,MELB - Middle,Greater Melbourne,Weekend,9,9
Y24H6050323,2,"Unit, Flat or Apartment",Being Rented,0,2,February,Tuesday,Glen Eira (C),20->24,20->24,20->24,MELB - Middle,Greater Melbourne,Weekday,12,12
Y24H6050324,1,"Unit, Flat or Apartment",Being Purchased,0,1,February,Wednesday,Glen Eira (C),30->34,30->34,30->34,MELB - Middle,Greater Melbourne,Weekday,12,12
Y24H6050326,2,Terrace or Townhouse,Being Rented,Missing/Refused,1,March,Friday,Glen Eira (C),35->39,35->39,35->39,MELB - Middle,Greater Melbourne,Weekday,18,18
Y24H6050332,1,"Unit, Flat or Apartment",Being Rented,0,1,February,Thursday,Glen Eira (C),70->74,70->74,70->74,MELB - Middle,Greater Melbourne,Weekday,4,4
Y24H6050336,2,"Unit, Flat or Apartment",Being Purchased,0,2,February,Monday,Glen Eira (C),35->39,35->39,35->39,MELB - Middle,Greater Melbourne,Weekday,13,13
Y24H6050338,1,"Unit, Flat or Apartment",Fully Owned,0,1,February,Wednesday,Glen Eira (C),65->69,65->69,65->69,MELB - Middle,Greater Melbourne,Weekday,12,12
Y24H6050339,2,"Unit, Flat or Apartment",Being Rented,0,2,February,Thursday,Glen Eira (C),25->29,40->44,55->59,MELB - Middle,Greater Melbourne,Weekday,10,10
Y24H6050340,3,"Unit, Flat or Apartment",Being Purchased,Missing/Refused,2,March,Friday,Glen Eira (C),30->34,50->54,60->64,MELB - Middle,Greater Melbourne,Weekday,12,12
Y24H6050341,1,"Unit, Flat or Apartment",Being Purchased,0,1,March,Saturday,Glen Eira (C),35->39,35->39,35->39,MELB - Middle,Greater Melbourne,Weekend,9,9
Y24H6050409,4,Separate House,Being Purchased,0,4,February,Tuesday,Mitchell (S),10->14,25->29,45->49,MELB - Outer,Greater Melbourne,Weekday,11,11
Y24H6050413,1,Separate House,Being Purchased,1,1,March,Saturday,Mitchell (S),35->39,35->39,35->39,MELB - Outer,Greater Melbourne,Weekend,13,13
Y24H6050414,3,Separate House,Being Purchased,4,1,March,Sunday,Mitchell (S),10->14,25->29,50->54,MELB - Outer,Greater Melbourne,Weekend,1,1
Y24H6050415,4,Separate House,Being Purchased,3,3,February,Monday,Mitchell (S),0->4,20->24,35->39,MELB - Outer,Greater Melbourne,Weekday,15,15
Y24H6050420,2,Separate House,Being Purchased,0,2,March,Saturday,Mitchell (S),60->64,60->64,65->69,MELB - Outer,Greater Melbourne,Weekend,13,13
Y24H6050427,3,Separate House,Occupied Rent-Free,2,1,March,Saturday,Hume (C),35->39,55->59,70->74,MELB - Outer,Greater Melbourne,Weekend,12,12
Y24H6050432,4,Separate House,Being Purchased,2,2,February,Thursday,Hume (C),0->4,20->24,40->44,MELB - Outer,Greater Melbourne,Weekday,13,13
Y24H6050441,2,Separate House,Fully Owned,0,2,March,Saturday,Hume (C),30->34,30->34,30->34,MELB - Outer,Greater Melbourne,Weekend,10,10
Y24H6050503,6,Separate House,Being Rented,0,2,February,Wednesday,Wyndham (C),15->19,30->34,60->64,MELB - Outer,Greater Melbourne,Weekday,7,7
Y24H6050506,4,Separate House,Fully Owned,0,2,March,Saturday,Wyndham (C),0->4,20->24,35->39,MELB - Outer,Greater Melbourne,Weekend,15,15
Y24H6050507,3,Separate House,Being Rented,0,2,March,Sunday,Wyndham (C),0->4,20->24,30->34,MELB - Outer,Greater Melbourne,Weekend,11,11
Y24H6050508,2,Separate House,Being Rented,Missing/Refused,1,February,Monday,Wyndham (C),5->9,15->19,25->29,MELB - Outer,Greater Melbourne,Weekday,7,7
Y24H6050509,4,Separate House,Being Purchased,5,1,February,Tuesday,Wyndham (C),5->9,20->24,35->39,MELB - Outer,Greater Melbourne,Weekday,14,14
Y24H6050511,1,Separate House,Fully Owned,Missing/Refused,1,February,Thursday,Wyndham (C),45->49,45->49,45->49,MELB - Outer,Greater Melbourne,Weekday,12,12
Y24H6050512,3,Separate House,Being Rented,0,1,March,Friday,Wyndham (C),5->9,25->29,35->39,MELB - Outer,Greater Melbourne,Weekday,12,12
Y24H6050517,3,Separate House,Being Purchased,1,1,February,Wednesday,Wyndham (C),0->4,20->24,30->34,MELB - Outer,Greater Melbourne,Weekday,12,12
Y24H6050518,5,Separate House,Being Purchased,Missing/Refused,3,February,Thursday,Wyndham (C),0->4,20->24,50->54,MELB - Outer,Greater Melbourne,Weekday,18,18
Y24H6050520,4,Separate House,Being Purchased,0,2,March,Saturday,Wyndham (C),10->14,30->34,45->49,MELB - Outer,Greater Melbourne,Weekend,18,18
Y24H6050521,7,Separate House,Being Rented,7,2,March,Sunday,Wyndham (C),5->9,20->24,40->44,MELB - Outer,Greater Melbourne,Weekend,18,18
Y24H6050526,1,Separate House,Being Purchased,Missing/Refused,1,March,Friday,Wyndham (C),55->59,55->59,55->59,MELB - Outer,Greater Melbourne,Weekday,2,2
Y24H6050527,4,Separate House,Being Rented,0,1,March,Saturday,Wyndham (C),0->4,25->29,50->54,MELB - Outer,Greater Melbourne,Weekend,14,14
Y24H6050530,4,Separate House,Being Purchased,2,2,February,Tuesday,Wyndham (C),10->14,30->34,45->49,MELB - Outer,Greater Melbourne,Weekday,15,15
Y24H6050532,3,Separate House,Being Purchased,0,2,February,Thursday,Wyndham (C),0->4,20->24,35->39,MELB - Outer,Greater Melbourne,Weekday,13,13
Y24H6050536,3,Separate House,Being Rented,0,1,February,Monday,Wyndham (C),0->4,20->24,35->39,MELB - Outer,Greater Melbourne,Weekday,1,1
Y24H6050539,4,Separate House,Being Purchased,2,3,February,Thursday,Wyndham (C),5->9,20->24,35->39,MELB - Outer,Greater Melbourne,Weekday,9,9
Y24H6050540,4,Separate House,Being Purchased,0,1,March,Friday,Wyndham (C),10->14,30->34,50->54,MELB - Outer,Greater Melbourne,Weekday,15,15
Y24H6056101,1,Separate House,Fully Owned,0,1,February,Monday,Greater Shepparton (C),70->74,70->74,70->74,Other,Shepparton SA4,Weekday,7,7
Y24H6056103,2,Separate House,Fully Owned,0,1,February,Wednesday,Greater Shepparton (C),70->74,70->74,75->79,Other,Shepparton SA4,Weekday,4,4
Y24H6056104,2,Separate House,Fully Owned,0,2,February,Thursday,Greater Shepparton (C),70->74,70->74,75->79,Other,Shepparton SA4,Weekday,8,8
Y24H6056105,4,Separate House,Being Purchased,3,3,March,Friday,Greater Shepparton (C),10->14,35->39,60->64,Other,Shepparton SA4,Weekday,13,13
Y24H6056107,2,Separate House,Fully Owned,0,2,March,Sunday,Greater Shepparton (C),80->84,80->84,80->84,Other,Shepparton SA4,Weekend,6,6
Y24H6056108,2,Separate House,Fully Owned,0,1,February,Monday,Greater Shepparton (C),70->74,70->74,75->79,Other,Shepparton SA4,Weekday,12,12
Y24H6056111,2,Separate House,Being Purchased,0,2,February,Thursday,Greater Shepparton (C),55->59,55->59,55->59,Other,Shepparton SA4,Weekday,12,12
Y24H6056112,4,Separate House,Being Rented,5,2,March,Friday,Greater Shepparton (C),10->14,25->29,40->44,Other,Shepparton SA4,Weekday,13,13
Y24H6056113,1,Separate House,Fully Owned,0,1,March,Saturday,Greater Shepparton (C),70->74,70->74,70->74,Other,Shepparton SA4,Weekend,2,2
Y24H6056114,2,Separate House,Fully Owned,0,2,March,Sunday,Greater Shepparton (C),75->79,75->79,75->79,Other,Shepparton SA4,Weekend,8,8
Y24H6056118,2,Separate House,Fully Owned,2,3,February,Thursday,Greater Shepparton (C),65->69,65->69,65->69,Other,Shepparton SA4,Weekday,3,3
Y24H6056121,4,Separate House,Being Purchased,6,1,March,Sunday,Greater Shepparton (C),5->9,25->29,45->49,Other,Shepparton SA4,Weekend,8,8
Y24H6056122,2,Separate House,Fully Owned,0,2,February,Monday,Greater Shepparton (C),60->64,60->64,65->69,Other,Shepparton SA4,Weekday,11,11
Y24H6056124,3,Separate House,Being Rented,0,3,February,Wednesday,Greater Shepparton (C),40->44,60->64,80->84,Other,Shepparton SA4,Weekday,9,9
Y24H6056125,2,Separate House,Fully Owned,3,2,February,Thursday,Greater Shepparton (C),50->54,50->54,50->54,Other,Shepparton SA4,Weekday,10,10
Y24H6056128,1,"Unit, Flat or Apartment",Being Rented,0,1,March,Sunday,Greater Shepparton (C),85->89,85->89,85->89,Other,Shepparton SA4,Weekend,7,7
Y24H6056137,1,Separate House,Fully Owned,1,1,February,Tuesday,Greater Shepparton (C),60->64,60->64,60->64,Other,Shepparton SA4,Weekday,9,9
Y24H6056142,2,Separate House,Being Rented,0,2,March,Sunday,Greater Shepparton (C),55->59,60->64,60->64,Other,Shepparton SA4,Weekend,9,9
Y24H6056201,3,Separate House,Fully Owned,3,4,February,Monday,Moira (S),20->24,45->49,60->64,Other,Shepparton SA4,Weekday,11,11
Y24H6056208,2,Separate House,Fully Owned,Missing/Refused,2,February,Monday,Moira (S),60->64,70->74,75->79,Other,Shepparton SA4,Weekday,10,10
Y24H6056211,2,Separate House,Fully Owned,2,2,February,Thursday,Moira (S),50->54,55->59,60->64,Other,Shepparton SA4,Weekday,10,10
Y24H6056213,2,Separate House,Being Purchased,4,2,March,Saturday,Moira (S),55->59,55->59,55->59,Other,Shepparton SA4,Weekend,15,15
Y24H6056214,1,Separate House,Fully Owned,4,2,March,Sunday,Moira (S),65->69,65->69,65->69,Other,Shepparton SA4,Weekend,6,6
Y24H6056217,2,Separate House,Fully Owned,0,1,February,Wednesday,Moira (S),60->64,65->69,65->69,Other,Shepparton SA4,Weekday,8,8
Y24H6056221,2,Separate House,Fully Owned,Missing/Refused,3,March,Sunday,Moira (S),60->64,60->64,65->69,Other,Shepparton SA4,Weekend,16,16
Y24H6056222,1,Separate House,Fully Owned,Missing/Refused,1,February,Monday,Moira (S),75->79,75->79,75->79,Other,Shepparton SA4,Weekday,2,2
Y24H6056224,2,Separate House,Fully Owned,0,1,February,Wednesday,Moira (S),85->89,85->89,85->89,Other,Shepparton SA4,Weekday,6,6
Y24H6056225,2,Separate House,Fully Owned,0,2,February,Thursday,Moira (S),70->74,75->79,75->79,Other,Shepparton SA4,Weekday,8,8
Y24H6056227,1,Separate House,Fully Owned,0,1,March,Saturday,Moira (S),75->79,75->79,75->79,Other,Shepparton SA4,Weekend,6,6
Y24H6056228,3,Separate House,Fully Owned,0,3,March,Sunday,Moira (S),20->24,45->49,60->64,Other,Shepparton SA4,Weekend,14,14
Y24H6056230,2,Separate House,Being Purchased,2,3,February,Tuesday,Moira (S),60->64,60->64,60->64,Other,Shepparton SA4,Weekday,12,12
Y24H6056232,2,Separate House,Fully Owned,0,1,February,Thursday,Moira (S),70->74,70->74,75->79,Other,Shepparton SA4,Weekday,6,6
Y24H6056237,4,Separate House,Being Purchased,4,2,February,Tuesday,Moira (S),10->14,30->34,50->54,Other,Shepparton SA4,Weekday,14,14
Y24H6056238,2,Separate House,Fully Owned,0,1,February,Wednesday,Moira (S),75->79,80->84,85->89,Other,Shepparton SA4,Weekday,7,7
Y24H6056242,2,Separate House,Fully Owned,2,3,March,Sunday,Moira (S),50->54,50->54,50->54,Other,Shepparton SA4,Weekend,15,15
Y24H6060103,1,Separate House,Fully Owned,2,2,March,Wednesday,Kingston (C),65->69,65->69,65->69,MELB - Middle,Greater Melbourne,Weekday,5,5
Y24H6060107,1,"Unit, Flat or Apartment",Being Rented,0,1,March,Sunday,Kingston (C),30->34,30->34,30->34,MELB - Middle,Greater Melbourne,Weekend,9,9
Y24H6060109,4,Separate House,Being Rented,2,2,March,Tuesday,Kingston (C),20->24,40->44,60->64,MELB - Middle,Greater Melbourne,Weekday,17,17
Y24H6060110,1,"Unit, Flat or Apartment",Being Rented,0,0,March,Wednesday,Kingston (C),25->29,25->29,25->29,MELB - Middle,Greater Melbourne,Weekday,7,7
Y24H6060111,1,Terrace or Townhouse,Being Purchased,1,1,March,Thursday,Kingston (C),45->49,45->49,45->49,MELB - Middle,Greater Melbourne,Weekday,12,12
Y24H6060112,2,Terrace or Townhouse,Fully Owned,0,2,March,Friday,Kingston (C),65->69,65->69,65->69,MELB - Middle,Greater Melbourne,Weekday,11,11
Y24H6060113,5,Terrace or Townhouse,Being Rented,3,2,March,Saturday,Kingston (C),0->4,15->19,35->39,MELB - Middle,Greater Melbourne,Weekend,17,17
Y24H6060115,1,Separate House,Fully Owned,0,1,March,Monday,Kingston (C),95->99,95->99,95->99,MELB - Middle,Greater Melbourne,Weekday,5,5
Y24H6060119,2,Separate House,Fully Owned,1,3,March,Friday,Kingston (C),75->79,75->79,75->79,MELB - Middle,Greater Melbourne,Weekday,5,5
Y24H6060120,2,Separate House,Fully Owned,5,3,March,Saturday,Kingston (C),60->64,65->69,65->69,MELB - Middle,Greater Melbourne,Weekend,12,12
Y24H6060124,2,Terrace or Townhouse,Fully Owned,4,2,March,Wednesday,Kingston (C),70->74,70->74,75->79,MELB - Middle,Greater Melbourne,Weekday,7,7
Y24H6060127,5,Separate House,Fully Owned,1,3,March,Saturday,Kingston (C),15->19,30->34,50->54,MELB - Middle,Greater Melbourne,Weekend,16,16
Y24H6060130,2,Separate House,Fully Owned,1,2,March,Tuesday,Kingston (C),75->79,75->79,75->79,MELB - Middle,Greater Melbourne,Weekday,11,11
Y24H6060133,2,Separate House,Fully Owned,0,1,March,Friday,Kingston (C),75->79,75->79,75->79,MELB - Middle,Greater Melbourne,Weekday,5,5
Y24H6060140,2,Terrace or Townhouse,Fully Owned,1,2,March,Friday,Kingston (C),80->84,80->84,80->84,MELB - Middle,Greater Melbourne,Weekday,8,8
Y24H6060201,3,"Unit, Flat or Apartment",Being Purchased,Missing/Refused,1,March,Monday,Whitehorse (C),0->4,30->34,55->59,MELB - Middle,Greater Melbourne,Weekday,5,5
Y24H6060203,2,"Unit, Flat or Apartment",Fully Owned,0,1,March,Wednesday,Whitehorse (C),30->34,30->34,30->34,MELB - Middle,Greater Melbourne,Weekday,9,9
Y24H6060204,1,"Unit, Flat or Apartment",Being Rented,0,0,March,Thursday,Whitehorse (C),30->34,30->34,30->34,MELB - Middle,Greater Melbourne,Weekday,9,9
Y24H6060205,2,"Unit, Flat or Apartment",Fully Owned,0,2,March,Friday,Whitehorse (C),40->44,50->54,65->69,MELB - Middle,Greater Melbourne,Weekday,11,11
Y24H6060210,1,Separate House,Being Purchased,0,0,March,Wednesday,Whitehorse (C),65->69,65->69,65->69,MELB - Middle,Greater Melbourne,Weekday,3,3
Y24H6060212,3,"Unit, Flat or Apartment",Fully Owned,1,2,March,Friday,Whitehorse (C),20->24,45->49,60->64,MELB - Middle,Greater Melbourne,Weekday,0,0
Y24H6060216,1,Separate House,Fully Owned,0,1,March,Tuesday,Whitehorse (C),80->84,80->84,80->84,MELB - Middle,Greater Melbourne,Weekday,2,2
Y24H6060226,1,"Unit, Flat or Apartment",Fully Owned,0,1,March,Friday,Whitehorse (C),65->69,65->69,65->69,MELB - Middle,Greater Melbourne,Weekday,7,7
Y24H6060233,1,"Unit, Flat or Apartment",Being Rented,0,1,March,Friday,Whitehorse (C),35->39,35->39,35->39,MELB - Middle,Greater Melbourne,Weekday,9,9
Y24H6060234,1,"Unit, Flat or Apartment",Fully Owned,Missing/Refused,1,March,Saturday,Whitehorse (C),75->79,75->79,75->79,MELB - Middle,Greater Melbourne,Weekend,4,4
Y24H6060236,2,"Unit, Flat or Apartment",Being Rented,0,0,March,Monday,Whitehorse (C),25->29,25->29,25->29,MELB - Middle,Greater Melbourne,Weekday,4,4
Y24H6060307,2,"Unit, Flat or Apartment",Being Rented,Missing/Refused,0,March,Sunday,Merri-bek (C),25->29,25->29,25->29,MELB - Inner,Greater Melbourne,Weekend,10,10
Y24H6060308,2,"Unit, Flat or Apartment",Occupied Rent-Free,1,0,March,Monday,Merri-bek (C),15->19,20->24,25->29,MELB - Inner,Greater Melbourne,Weekday,12,12
Y24H6060315,2,"Unit, Flat or Apartment",Being Rented,0,1,March,Monday,Merri-bek (C),25->29,25->29,25->29,MELB - Inner,Greater Melbourne,Weekday,17,17
Y24H6060321,2,"Unit, Flat or Apartment",Being Rented,2,1,March,Sunday,Merri-bek (C),25->29,25->29,30->34,MELB - Inner,Greater Melbourne,Weekend,17,17
Y24H6060322,1,"Unit, Flat or Apartment",Being Rented,0,1,March,Monday,Merri-bek (C),30->34,30->34,30->34,MELB - Inner,Greater Melbourne,Weekday,12,12
Y24H6060326,4,Separate House,Being Purchased,Missing/Refused,2,March,Friday,Merri-bek (C),15->19,30->34,50->54,MELB - Inner,Greater Melbourne,Weekday,14,14
Y24H6060328,1,Terrace or Townhouse,Fully Owned,1,1,March,Sunday,Merri-bek (C),45->49,45->49,45->49,MELB - Inner,Greater Melbourne,Weekend,12,12
Y24H6060331,1,"Unit, Flat or Apartment",Being Rented,0,1,March,Wednesday,Merri-bek (C),35->39,35->39,35->39,MELB - Inner,Greater Melbourne,Weekday,12,12
Y24H6060334,2,Separate House,Being Rented,2,2,March,Saturday,Merri-bek (C),30->34,30->34,30->34,MELB - Inner,Greater Melbourne,Weekend,10,10
Y24H6060335,2,"Unit, Flat or Apartment",Being Rented,0,2,March,Sunday,Merri-bek (C),35->39,35->39,35->39,MELB - Inner,Greater Melbourne,Weekend,12,12
Y24H6060336,1,Separate House,Fully Owned,1,1,March,Monday,Merri-bek (C),70->74,70->74,70->74,MELB - Inner,Greater Melbourne,Weekday,2,2
Y24H6060339,2,"Unit, Flat or Apartment",Being Rented,0,0,March,Thursday,Merri-bek (C),25->29,25->29,25->29,MELB - Inner,Greater Melbourne,Weekday,1,1
Y24H6060401,6,Separate House,Being Purchased,3,3,March,Monday,Hume (C),0->4,15->19,40->44,MELB - Outer,Greater Melbourne,Weekday,12,12
Y24H6060407,5,Separate House,Fully Owned,0,2,March,Sunday,Hume (C),5->9,20->24,45->49,MELB - Outer,Greater Melbourne,Weekend,11,11
Y24H6060411,2,Separate House,Fully Owned,0,1,March,Thursday,Hume (C),70->74,70->74,75->79,MELB - Outer,Greater Melbourne,Weekday,4,4
Y24H6060412,2,Separate House,Being Rented,0,1,March,Friday,Hume (C),30->34,30->34,30->34,MELB - Outer,Greater Melbourne,Weekday,5,5
Y24H6060416,4,Separate House,Fully Owned,0,3,March,Tuesday,Hume (C),50->54,65->69,80->84,MELB - Outer,Greater Melbourne,Weekday,0,0
Y24H6066102,2,Separate House,Being Rented,0,2,March,Tuesday,Greater Shepparton (C),50->54,55->59,60->64,Other,Shepparton SA4,Weekday,11,11
Y24H6066109,6,Separate House,Being Rented,2,1,March,Tuesday,Greater Shepparton (C),0->4,15->19,35->39,Other,Shepparton SA4,Weekday,7,7
Y24H6066110,2,Separate House,Being Purchased,0,1,March,Wednesday,Greater Shepparton (C),45->49,45->49,45->49,Other,Shepparton SA4,Weekday,14,14
Y24H6066112,2,Separate House,Fully Owned,3,2,March,Friday,Greater Shepparton (C),70->74,70->74,70->74,Other,Shepparton SA4,Weekday,6,6
Y24H6066119,4,Other,Being Rented,0,1,March,Friday,Greater Shepparton (C),10->14,15->19,35->39,Other,Shepparton SA4,Weekday,1,1
Y24H6066122,2,Separate House,Fully Owned,1,1,March,Monday,Greater Shepparton (C),55->59,60->64,60->64,Other,Shepparton SA4,Weekday,11,11
Y24H6066125,4,Separate House,Being Purchased,4,1,March,Thursday,Greater Shepparton (C),5->9,20->24,35->39,Other,Shepparton SA4,Weekday,12,12
Y24H6066131,2,Separate House,Being Purchased,0,2,March,Wednesday,Greater Shepparton (C),30->34,30->34,30->34,Other,Shepparton SA4,Weekday,12,12
Y24H6066132,1,Separate House,Fully Owned,0,1,March,Thursday,Greater Shepparton (C),55->59,55->59,55->59,Other,Shepparton SA4,Weekday,12,12
Y24H6066135,5,Separate House,Being Purchased,6,4,March,Sunday,Greater Shepparton (C),0->4,20->24,45->49,Other,Shepparton SA4,Weekend,13,13
Y24H6066137,3,Separate House,Being Purchased,2,2,March,Tuesday,Greater Shepparton (C),5->9,35->39,55->59,Other,Shepparton SA4,Weekday,6,6
Y24H6066138,1,Separate House,Fully Owned,Missing/Refused,1,March,Wednesday,Greater Shepparton (C),60->64,60->64,60->64,Other,Shepparton SA4,Weekday,6,6
Y24H6066139,2,Separate House,Fully Owned,3,2,March,Thursday,Greater Shepparton (C),35->39,40->44,45->49,Other,Shepparton SA4,Weekday,7,7
Y24H6066202,1,Separate House,Being Purchased,0,1,March,Tuesday,Greater Shepparton (C),30->34,30->34,30->34,Other,Shepparton SA4,Weekday,12,12
Y24H6066203,1,Separate House,Fully Owned,0,1,March,Wednesday,Greater Shepparton (C),60->64,60->64,60->64,Other,Shepparton SA4,Weekday,12,12
Y24H6066206,4,Separate House,Fully Owned,2,2,March,Saturday,Greater Shepparton (C),5->9,25->29,40->44,Other,Shepparton SA4,Weekend,18,18
Y24H6066207,2,Separate House,Fully Owned,0,2,March,Sunday,Greater Shepparton (C),65->69,65->69,65->69,Other,Shepparton SA4,Weekend,11,11
Y24H6066209,3,Separate House,Being Purchased,3,2,March,Tuesday,Greater Shepparton (C),5->9,25->29,35->39,Other,Shepparton SA4,Weekday,8,8
Y24H6066214,1,Separate House,Fully Owned,1,1,March,Sunday,Greater Shepparton (C),75->79,75->79,75->79,Other,Shepparton SA4,Weekend,4,4
Y24H6066218,4,Separate House,Fully Owned,4,3,March,Thursday,Greater Shepparton (C),15->19,30->34,50->54,Other,Shepparton SA4,Weekday,15,15
Y24H6066221,3,Separate House,Fully Owned,0,2,March,Sunday,Greater Shepparton (C),30->34,60->64,75->79,Other,Shepparton SA4,Weekend,13,13
Y24H6066223,2,Separate House,Being Purchased,3,2,March,Tuesday,Greater Shepparton (C),60->64,65->69,70->74,Other,Shepparton SA4,Weekday,15,15
Y24H6066231,2,Separate House,Fully Owned,2,1,March,Wednesday,Greater Shepparton (C),80->84,80->84,80->84,Other,Shepparton SA4,Weekday,6,6
Y24H6066232,3,Separate House,Fully Owned,3,4,March,Thursday,Greater Shepparton (C),20->24,45->49,60->64,Other,Shepparton SA4,Weekday,13,13
Y24H6066233,2,Separate House,Fully Owned,0,0,March,Friday,Greater Shepparton (C),65->69,65->69,65->69,Other,Shepparton SA4,Weekday,15,15
Y24H6070103,2,Separate House,Fully Owned,0,2,March,Wednesday,Casey (C),55->59,55->59,55->59,MELB - Outer,Greater Melbourne,Weekday,10,10
Y24H6070104,4,Separate House,Being Purchased,1,2,March,Thursday,Casey (C),15->19,30->34,50->54,MELB - Outer,Greater Melbourne,Weekday,15,15
Y24H6070106,4,Separate House,Being Purchased,2,4,March,Saturday,Casey (C),20->24,30->34,55->59,MELB - Outer,Greater Melbourne,Weekend,9,9
Y24H6070109,6,Separate House,Being Purchased,0,7,March,Tuesday,Casey (C),20->24,20->24,30->34,MELB - Outer,Greater Melbourne,Weekday,13,13
Y24H6070112,1,Separate House,Fully Owned,0,1,March,Friday,Casey (C),70->74,70->74,70->74,MELB - Outer,Greater Melbourne,Weekday,9,9
Y24H6070113,5,Separate House,Being Purchased,3,2,March,Saturday,Casey (C),0->4,20->24,40->44,MELB - Outer,Greater Melbourne,Weekend,5,5
Y24H6070115,2,Separate House,Fully Owned,1,3,March,Monday,Casey (C),55->59,55->59,60->64,MELB - Outer,Greater Melbourne,Weekday,3,3
Y24H6070119,2,Separate House,Being Purchased,1,2,March,Friday,Casey (C),55->59,55->59,60->64,MELB - Outer,Greater Melbourne,Weekday,8,8
Y24H6070122,2,Separate House,Fully Owned,0,2,March,Monday,Casey (C),55->59,55->59,55->59,MELB - Outer,Greater Melbourne,Weekday,10,10
Y24H6070128,1,Separate House,Being Purchased,Missing/Refused,1,March,Sunday,Casey (C),55->59,55->59,55->59,MELB - Outer,Greater Melbourne,Weekend,2,2
Y24H6070129,2,Separate House,Fully Owned,Missing/Refused,3,March,Monday,Casey (C),30->34,45->49,55->59,MELB - Outer,Greater Melbourne,Weekday,18,18
Y24H6070134,4,Separate House,Being Purchased,3,2,March,Saturday,Casey (C),5->9,25->29,45->49,MELB - Outer,Greater Melbourne,Weekend,12,12
Y24H6070139,2,Separate House,Fully Owned,1,2,March,Thursday,Casey (C),60->64,60->64,65->69,MELB - Outer,Greater Melbourne,Weekday,1,1
Y24H6070140,4,Separate House,Being Purchased,4,3,March,Friday,Casey (C),10->14,25->29,45->49,MELB - Outer,Greater Melbourne,Weekday,8,8
Y24H6070142,1,Separate House,Being Purchased,2,1,March,Sunday,Casey (C),40->44,40->44,40->44,MELB - Outer,Greater Melbourne,Weekend,7,7
Y24H6070204,3,Terrace or Townhouse,Being Purchased,1,1,March,Thursday,Maroondah (C),10->14,35->39,50->54,MELB - Outer,Greater Melbourne,Weekday,10,10
Y24H6070206,5,Terrace or Townhouse,Being Purchased,2,2,March,Saturday,Maroondah (C),0->4,20->24,55->59,MELB - Outer,Greater Melbourne,Weekend,9,9
Y24H6070207,3,Separate House,Being Purchased,3,3,March,Sunday,Maroondah (C),10->14,40->44,55->59,MELB - Outer,Greater Melbourne,Weekend,12,12
Y24H6070208,1,Separate House,Fully Owned,0,1,March,Monday,Maroondah (C),80->84,80->84,80->84,MELB - Outer,Greater Melbourne,Weekday,1,1
Y24H6070209,3,"Unit, Flat or Apartment",Being Rented,0,3,March,Tuesday,Maroondah (C),20->24,45->49,55->59,MELB - Outer,Greater Melbourne,Weekday,14,14
Y24H6070211,5,Separate House,Being Purchased,Missing/Refused,2,March,Thursday,Maroondah (C),5->9,40->44,80->84,MELB - Outer,Greater Melbourne,Weekday,13,13
Y24H6070213,2,"Unit, Flat or Apartment",Being Purchased,Missing/Refused,1,March,Saturday,Maroondah (C),45->49,55->59,60->64,MELB - Outer,Greater Melbourne,Weekend,14,14
Y24H6070219,3,"Unit, Flat or Apartment",Being Purchased,0,1,March,Friday,Maroondah (C),40->44,50->54,65->69,MELB - Outer,Greater Melbourne,Weekday,16,16
Y24H6070222,1,"Unit, Flat or Apartment",Being Purchased,0,0,March,Monday,Maroondah (C),30->34,30->34,30->34,MELB - Middle,Greater Melbourne,Weekday,9,9
Y24H6070224,2,Separate House,Fully Owned,1,2,March,Wednesday,Maroondah (C),75->79,75->79,75->79,MELB - Middle,Greater Melbourne,Weekday,15,15
Y24H6070228,3,Separate House,Being Purchased,2,2,March,Sunday,Maroondah (C),0->4,20->24,25->29,MELB - Middle,Greater Melbourne,Weekend,18,18
Y24H6070231,1,"Unit, Flat or Apartment",Being Rented,0,2,March,Wednesday,Maroondah (C),55->59,55->59,55->59,MELB - Middle,Greater Melbourne,Weekday,7,7
Y24H6070235,1,"Unit, Flat or Apartment",Fully Owned,0,1,March,Sunday,Maroondah (C),95->99,95->99,95->99,MELB - Middle,Greater Melbourne,Weekend,5,5
Y24H6070236,1,"Unit, Flat or Apartment",Fully Owned,0,1,March,Monday,Maroondah (C),70->74,70->74,70->74,MELB - Middle,Greater Melbourne,Weekday,4,4
Y24H6070238,3,"Unit, Flat or Apartment",Being Purchased,2,2,March,Wednesday,Maroondah (C),0->4,25->29,35->39,MELB - Middle,Greater Melbourne,Weekday,13,13
Y24H6070239,2,"Unit, Flat or Apartment",Being Rented,2,1,March,Thursday,Maroondah (C),0->4,20->24,40->44,MELB - Middle,Greater Melbourne,Weekday,12,12
Y24H6070303,1,"Unit, Flat or Apartment",Fully Owned,0,1,March,Wednesday,Port Phillip (C),45->49,45->49,45->49,MELB - Inner,Greater Melbourne,Weekday,1,1
Y24H6070304,1,"Unit, Flat or Apartment",Being Rented,0,0,March,Thursday,Port Phillip (C),20->24,20->24,20->24,MELB - Inner,Greater Melbourne,Weekday,5,5
Y24H6070306,1,"Unit, Flat or Apartment",Being Rented,Missing/Refused,0,March,Saturday,Port Phillip (C),80->84,80->84,80->84,MELB - Inner,Greater Melbourne,Weekend,4,4
Y24H6070314,2,"Unit, Flat or Apartment",Being Rented,2,1,March,Sunday,Port Phillip (C),30->34,30->34,30->34,MELB - Inner,Greater Melbourne,Weekend,17,17
Y24H6070315,1,"Unit, Flat or Apartment",Being Rented,0,1,March,Monday,Port Phillip (C),30->34,30->34,30->34,MELB - Inner,Greater Melbourne,Weekday,8,8
Y24H6070317,1,"Unit, Flat or Apartment",Being Rented,0,1,March,Wednesday,Port Phillip (C),30->34,30->34,30->34,MELB - Inner,Greater Melbourne,Weekday,9,9
Y24H6070320,3,"Unit, Flat or Apartment",Being Purchased,1,1,March,Saturday,Port Phillip (C),0->4,25->29,40->44,MELB - Inner,Greater Melbourne,Weekend,13,13
Y24H6070323,2,Terrace or Townhouse,Fully Owned,0,0,March,Tuesday,Stonnington (C),65->69,65->69,65->69,MELB - Inner,Greater Melbourne,Weekday,15,15
Y24H6070324,3,Terrace or Townhouse,Being Rented,0,3,March,Wednesday,Stonnington (C),25->29,50->54,65->69,MELB - Inner,Greater Melbourne,Weekday,17,17
Y24H6070326,1,"Unit, Flat or Apartment",Being Purchased,Missing/Refused,1,March,Friday,Stonnington (C),50->54,50->54,50->54,MELB - Inner,Greater Melbourne,Weekday,14,14
Y24H6070328,2,Separate House,Fully Owned,3,2,March,Sunday,Stonnington (C),60->64,60->64,60->64,MELB - Inner,Greater Melbourne,Weekend,8,8
Y24H6070331,1,Separate House,Being Rented,0,0,March,Wednesday,Stonnington (C),75->79,75->79,75->79,MELB - Inner,Greater Melbourne,Weekday,2,2
Y24H6070332,2,Terrace or Townhouse,Fully Owned,0,1,March,Thursday,Stonnington (C),50->54,65->69,75->79,MELB - Inner,Greater Melbourne,Weekday,11,11
Y24H6070333,2,Separate House,Fully Owned,0,2,March,Friday,Stonnington (C),70->74,75->79,80->84,MELB - Inner,Greater Melbourne,Weekday,16,16
Y24H6070334,1,Separate House,Fully Owned,0,1,March,Saturday,Stonnington (C),80->84,80->84,80->84,MELB - Inner,Greater Melbourne,Weekend,3,3
Y24H6070337,2,Separate House,Being Rented,0,2,March,Tuesday,Stonnington (C),70->74,70->74,75->79,MELB - Inner,Greater Melbourne,Weekday,8,8
Y24H6070338,3,Separate House,Fully Owned,0,1,March,Wednesday,Stonnington (C),0->4,20->24,35->39,MELB - Inner,Greater Melbourne,Weekday,16,16
Y24H6070341,2,Separate House,Fully Owned,0,2,March,Saturday,Stonnington (C),75->79,75->79,75->79,MELB - Inner,Greater Melbourne,Weekend,7,7
Y24H6070401,3,Separate House,Fully Owned,2,3,March,Monday,Banyule (C),30->34,60->64,75->79,MELB - Middle,Greater Melbourne,Weekday,9,9
Y24H6070402,1,Separate House,Fully Owned,Missing/Refused,1,March,Tuesday,Banyule (C),85->89,85->89,85->89,MELB - Middle,Greater Melbourne,Weekday,7,7
Y24H6070403,5,Separate House,Being Purchased,6,2,March,Wednesday,Banyule (C),5->9,20->24,40->44,MELB - Middle,Greater Melbourne,Weekday,16,16
Y24H6070405,2,Separate House,Occupied Rent-Free,2,2,March,Friday,Banyule (C),60->64,65->69,70->74,MELB - Middle,Greater Melbourne,Weekday,5,5
Y24H6070407,4,Separate House,Fully Owned,Missing/Refused,3,March,Sunday,Banyule (C),20->24,40->44,60->64,MELB - Middle,Greater Melbourne,Weekend,13,13
Y24H6070408,2,Separate House,Fully Owned,2,1,March,Monday,Banyule (C),65->69,65->69,70->74,MELB - Middle,Greater Melbourne,Weekday,4,4
Y24H6070409,1,Separate House,Being Rented,0,1,March,Tuesday,Banyule (C),65->69,65->69,65->69,MELB - Middle,Greater Melbourne,Weekday,14,14
Y24H6070410,3,Separate House,Being Purchased,3,1,March,Wednesday,Banyule (C),10->14,25->29,45->49,MELB - Middle,Greater Melbourne,Weekday,7,7
Y24H6070411,4,Separate House,Being Rented,1,1,March,Thursday,Banyule (C),0->4,15->19,35->39,MELB - Middle,Greater Melbourne,Weekday,14,14
Y24H6070417,2,Separate House,Being Purchased,6,2,March,Wednesday,Banyule (C),30->34,40->44,55->59,MELB - Middle,Greater Melbourne,Weekday,9,9
Y24H6070418,3,Separate House,Being Purchased,5,2,March,Thursday,Banyule (C),10->14,40->44,55->59,MELB - Middle,Greater Melbourne,Weekday,15,15
Y24H6070423,1,"Unit, Flat or Apartment",Being Rented,0,0,March,Tuesday,Banyule (C),40->44,40->44,40->44,MELB - Middle,Greater Melbourne,Weekday,12,12
Y24H6070428,1,"Unit, Flat or Apartment",Being Rented,0,1,March,Sunday,Banyule (C),45->49,45->49,45->49,MELB - Middle,Greater Melbourne,Weekend,7,7
Y24H6070432,2,"Unit, Flat or Apartment",Fully Owned,0,1,March,Thursday,Banyule (C),70->74,70->74,75->79,MELB - Middle,Greater Melbourne,Weekday,8,8
Y24H6070436,2,Separate House,Fully Owned,0,2,March,Monday,Banyule (C),40->44,45->49,45->49,MELB - Middle,Greater Melbourne,Weekday,18,18
Y24H6070439,2,"Unit, Flat or Apartment",Being Rented,1,1,March,Thursday,Banyule (C),25->29,30->34,30->34,MELB - Middle,Greater Melbourne,Weekday,17,17
Y24H6070442,3,"Unit, Flat or Apartment",Being Rented,1,1,March,Sunday,Banyule (C),15->19,30->34,50->54,MELB - Middle,Greater Melbourne,Weekend,11,11
Y24H6076118,5,Separate House,Being Rented,Missing/Refused,1,March,Thursday,Campaspe (S),5->9,15->19,35->39,Other,Shepparton SA4,Weekday,2,2
Y24H6076125,2,Separate House,Being Purchased,Missing/Refused,4,March,Thursday,Campaspe (S),50->54,50->54,55->59,Other,Shepparton SA4,Weekday,4,4
Y24H6076134,2,Separate House,Fully Owned,1,1,March,Saturday,Campaspe (S),75->79,75->79,75->79,Other,Shepparton SA4,Weekend,10,10
Y24H6076141,2,Separate House,Being Purchased,3,2,March,Saturday,Campaspe (S),25->29,35->39,50->54,Other,Shepparton SA4,Weekend,11,11
Y24H6076206,1,Separate House,Fully Owned,1,1,March,Saturday,Greater Shepparton (C),55->59,55->59,55->59,Other,Shepparton SA4,Weekend,4,4
Y24H6076208,1,Separate House,Being Rented,0,1,March,Monday,Greater Shepparton (C),70->74,70->74,70->74,Other,Shepparton SA4,Weekday,5,5
Y24H6076209,3,Separate House,Being Rented,4,1,March,Tuesday,Greater Shepparton (C),0->4,10->14,25->29,Other,Shepparton SA4,Weekday,4,4
Y24H6076210,1,Separate House,Fully Owned,1,2,March,Wednesday,Greater Shepparton (C),55->59,55->59,55->59,Other,Shepparton SA4,Weekday,6,6
Y24H6076223,2,Separate House,Fully Owned,0,2,March,Tuesday,Greater Shepparton (C),60->64,65->69,70->74,Other,Shepparton SA4,Weekday,5,5
Y24H6076225,1,Separate House,Fully Owned,Missing/Refused,1,March,Thursday,Greater Shepparton (C),70->74,70->74,70->74,Other,Shepparton SA4,Weekday,4,4
Y24H6076228,1,Separate House,Being Purchased,2,1,March,Sunday,Greater Shepparton (C),50->54,50->54,50->54,Other,Shepparton SA4,Weekend,3,3
Y24H6076230,3,Separate House,Being Purchased,0,2,March,Tuesday,Greater Shepparton (C),0->4,20->24,30->34,Other,Shepparton SA4,Weekday,8,8
Y24H6076242,2,Separate House,Being Purchased,Missing/Refused,2,March,Sunday,Greater Shepparton (C),25->29,40->44,55->59,Other,Shepparton SA4,Weekend,11,11
Y24H6080101,4,Separate House,Being Purchased,1,2,March,Monday,Mornington Peninsula (S),0->4,15->19,30->34,MELB - Outer,Greater Melbourne,Weekday,11,11
Y24H6080102,1,Separate House,Being Rented,2,2,March,Tuesday,Mornington Peninsula (S),60->64,60->64,60->64,MELB - Outer,Greater Melbourne,Weekday,9,9
Y24H6080108,1,Separate House,Being Purchased,0,2,March,Monday,Mornington Peninsula (S),45->49,45->49,45->49,MELB - Outer,Greater Melbourne,Weekday,12,12
Y24H6080110,2,Separate House,Being Purchased,Missing/Refused,2,March,Wednesday,Mornington Peninsula (S),60->64,60->64,60->64,MELB - Outer,Greater Melbourne,Weekday,12,12
Y24H6080111,1,Separate House,Fully Owned,0,1,March,Thursday,Mornington Peninsula (S),70->74,70->74,70->74,MELB - Outer,Greater Melbourne,Weekday,6,6
Y24H6080118,5,Separate House,Being Rented,4,2,March,Thursday,Mornington Peninsula (S),10->14,25->29,40->44,MELB - Outer,Greater Melbourne,Weekday,7,7
Y24H6080123,5,Separate House,Being Purchased,6,2,March,Tuesday,Mornington Peninsula (S),5->9,25->29,55->59,MELB - Outer,Greater Melbourne,Weekday,12,12
Y24H6080124,1,Separate House,Fully Owned,0,2,March,Wednesday,Mornington Peninsula (S),70->74,70->74,70->74,MELB - Outer,Greater Melbourne,Weekday,2,2
Y24H6080126,1,Separate House,Being Rented,0,0,March,Friday,Mornington Peninsula (S),70->74,70->74,70->74,MELB - Outer,Greater Melbourne,Weekday,7,7
Y24H6080131,3,Separate House,Being Purchased,0,3,March,Wednesday,Mornington Peninsula (S),60->64,70->74,90->94,MELB - Outer,Greater Melbourne,Weekday,13,13
Y24H6080132,2,Separate House,Being Purchased,1,2,March,Thursday,Mornington Peninsula (S),35->39,35->39,35->39,MELB - Outer,Greater Melbourne,Weekday,13,13
Y24H6080136,1,Separate House,Fully Owned,0,2,March,Monday,Mornington Peninsula (S),65->69,65->69,65->69,MELB - Outer,Greater Melbourne,Weekday,6,6
Y24H6080139,1,Separate House,Fully Owned,0,2,March,Thursday,Mornington Peninsula (S),70->74,70->74,70->74,MELB - Outer,Greater Melbourne,Weekday,7,7
Y24H6080141,1,Separate House,Fully Owned,0,0,March,Saturday,Mornington Peninsula (S),35->39,35->39,35->39,MELB - Outer,Greater Melbourne,Weekend,13,13
Y24H6080301,2,Separate House,Fully Owned,2,2,March,Monday,Hobsons Bay (C),60->64,60->64,60->64,MELB - Inner,Greater Melbourne,Weekday,15,15
Y24H6080303,4,Terrace or Townhouse,Being Rented,1,2,March,Wednesday,Hobsons Bay (C),0->4,15->19,35->39,MELB - Inner,Greater Melbourne,Weekday,18,18
Y24H6080304,3,Separate House,Fully Owned,3,2,March,Thursday,Hobsons Bay (C),15->19,45->49,60->64,MELB - Inner,Greater Melbourne,Weekday,12,12
Y24H6080305,3,Terrace or Townhouse,Being Rented,3,1,March,Friday,Hobsons Bay (C),5->9,20->24,45->49,MELB - Inner,Greater Melbourne,Weekday,14,14
Y24H6080307,2,Terrace or Townhouse,Being Purchased,0,1,March,Sunday,Hobsons Bay (C),30->34,40->44,50->54,MELB - Inner,Greater Melbourne,Weekend,14,14
Y24H6080308,3,Separate House,Being Purchased,Missing/Refused,2,March,Monday,Hobsons Bay (C),15->19,40->44,50->54,MELB - Inner,Greater Melbourne,Weekday,13,13
Y24H6080309,2,Separate House,Fully Owned,6,2,March,Tuesday,Hobsons Bay (C),55->59,55->59,55->59,MELB - Inner,Greater Melbourne,Weekday,16,16
Y24H6080311,4,Separate House,Being Purchased,3,1,March,Thursday,Hobsons Bay (C),10->14,30->34,50->54,MELB - Inner,Greater Melbourne,Weekday,18,18
Y24H6080313,4,Separate House,Being Purchased,6,2,March,Saturday,Hobsons Bay (C),0->4,20->24,40->44,MELB - Inner,Greater Melbourne,Weekend,17,17
Y24H6080314,2,Terrace or Townhouse,Being Purchased,3,3,March,Sunday,Hobsons Bay (C),30->34,30->34,35->39,MELB - Inner,Greater Melbourne,Weekend,18,18
Y24H6080315,1,Terrace or Townhouse,Fully Owned,0,1,March,Monday,Hobsons Bay (C),70->74,70->74,70->74,MELB - Inner,Greater Melbourne,Weekday,5,5
Y24H6080317,4,Terrace or Townhouse,Being Purchased,3,1,March,Wednesday,Hobsons Bay (C),0->4,20->24,40->44,MELB - Inner,Greater Melbourne,Weekday,17,17
Y24H6080321,4,Terrace or Townhouse,Being Purchased,0,1,March,Sunday,Hobsons Bay (C),5->9,15->19,40->44,MELB - Inner,Greater Melbourne,Weekend,14,14
Y24H6080322,2,Separate House,Fully Owned,0,1,March,Monday,Hobsons Bay (C),80->84,85->89,90->94,MELB - Inner,Greater Melbourne,Weekday,7,7
Y24H6080323,2,Separate House,Being Purchased,3,2,March,Tuesday,Hobsons Bay (C),60->64,60->64,60->64,MELB - Inner,Greater Melbourne,Weekday,17,17
Y24H6080325,1,"Unit, Flat or Apartment",Being Rented,0,0,March,Thursday,Hobsons Bay (C),25->29,25->29,25->29,MELB - Inner,Greater Melbourne,Weekday,8,8
Y24H6080327,4,Separate House,Being Purchased,1,2,March,Saturday,Hobsons Bay (C),20->24,40->44,60->64,MELB - Inner,Greater Melbourne,Weekend,19,19
Y24H6080329,1,Separate House,Being Rented,0,1,March,Monday,Hobsons Bay (C),40->44,40->44,40->44,MELB - Inner,Greater Melbourne,Weekday,12,12
Y24H6080330,1,Separate House,Fully Owned,0,0,March,Tuesday,Hobsons Bay (C),95->99,95->99,95->99,MELB - Inner,Greater Melbourne,Weekday,5,5
Y24H6080331,2,Separate House,Fully Owned,2,4,March,Wednesday,Hobsons Bay (C),65->69,65->69,65->69,MELB - Inner,Greater Melbourne,Weekday,10,10
Y24H6080336,3,"Unit, Flat or Apartment",Being Rented,3,1,March,Monday,Hobsons Bay (C),10->14,20->24,45->49,MELB - Inner,Greater Melbourne,Weekday,6,6
Y24H6080341,2,Separate House,Fully Owned,3,3,March,Saturday,Hobsons Bay (C),55->59,55->59,55->59,MELB - Inner,Greater Melbourne,Weekend,14,14
Y24H6080401,1,"Unit, Flat or Apartment",Being Rented,0,0,March,Monday,Whittlesea (C),65->69,65->69,65->69,MELB - Outer,Greater Melbourne,Weekday,6,6
Y24H6080403,3,"Unit, Flat or Apartment",Being Purchased,4,2,March,Wednesday,Whittlesea (C),10->14,30->34,40->44,MELB - Outer,Greater Melbourne,Weekday,13,13
Y24H6080409,2,Separate House,Fully Owned,0,1,March,Tuesday,Whittlesea (C),65->69,70->74,75->79,MELB - Outer,Greater Melbourne,Weekday,10,10
Y24H6080417,1,Separate House,Being Purchased,0,1,March,Wednesday,Whittlesea (C),45->49,45->49,45->49,MELB - Outer,Greater Melbourne,Weekday,12,12
Y24H6080418,1,Separate House,Being Purchased,Missing/Refused,1,March,Thursday,Whittlesea (C),65->69,65->69,65->69,MELB - Outer,Greater Melbourne,Weekday,0,0
Y24H6080424,2,Separate House,Occupied Rent-Free,0,1,March,Wednesday,Whittlesea (C),30->34,30->34,30->34,MELB - Outer,Greater Melbourne,Weekday,10,10
Y24H6080428,3,"Unit, Flat or Apartment",Being Rented,0,1,March,Sunday,Whittlesea (C),20->24,25->29,25->29,MELB - Outer,Greater Melbourne,Weekend,8,8
Y24H6080431,4,Separate House,Being Purchased,2,2,March,Wednesday,Whittlesea (C),40->44,65->69,90->94,MELB - Outer,Greater Melbourne,Weekday,16,16
Y24H6080437,3,Terrace or Townhouse,Being Purchased,6,3,March,Tuesday,Whittlesea (C),10->14,30->34,40->44,MELB - Outer,Greater Melbourne,Weekday,17,17
Y24H6080438,2,"Unit, Flat or Apartment",Being Rented,0,2,March,Wednesday,Whittlesea (C),35->39,35->39,40->44,MELB - Outer,Greater Melbourne,Weekday,14,14
Y24H6080439,4,Terrace or Townhouse,Being Purchased,0,1,March,Thursday,Whittlesea (C),5->9,25->29,45->49,MELB - Outer,Greater Melbourne,Weekday,14,14
Y24H6080442,5,Separate House,Being Purchased,1,4,March,Sunday,Whittlesea (C),20->24,50->54,95->99,MELB - Outer,Greater Melbourne,Weekend,10,10
Y24H6080502,2,Separate House,Fully Owned,0,1,March,Tuesday,Brimbank (C),25->29,40->44,50->54,MELB - Middle,Greater Melbourne,Weekday,0,0
Y24H6080505,2,Separate House,Being Purchased,2,1,March,Friday,Brimbank (C),30->34,35->39,45->49,MELB - Middle,Greater Melbourne,Weekday,12,12
Y24H6080507,5,Separate House,Being Purchased,3,1,March,Sunday,Brimbank (C),15->19,30->34,55->59,MELB - Middle,Greater Melbourne,Weekend,14,14
Y24H6080508,2,Separate House,Being Purchased,Missing/Refused,2,March,Monday,Brimbank (C),30->34,30->34,35->39,MELB - Middle,Greater Melbourne,Weekday,12,12
Y24H6080510,2,"Unit, Flat or Apartment",Being Purchased,1,2,March,Wednesday,Brimbank (C),25->29,45->49,60->64,MELB - Middle,Greater Melbourne,Weekday,10,10
Y24H6080513,4,Separate House,Being Purchased,4,2,March,Saturday,Brimbank (C),5->9,20->24,35->39,MELB - Middle,Greater Melbourne,Weekend,14,14
Y24H6080515,4,Terrace or Townhouse,Fully Owned,0,2,March,Monday,Brimbank (C),10->14,25->29,45->49,MELB - Middle,Greater Melbourne,Weekday,11,11
Y24H6080516,1,Separate House,Fully Owned,0,0,March,Tuesday,Brimbank (C),65->69,65->69,65->69,MELB - Middle,Greater Melbourne,Weekday,5,5
Y24H6080517,1,Separate House,Being Purchased,Missing/Refused,1,March,Wednesday,Brimbank (C),55->59,55->59,55->59,MELB - Middle,Greater Melbourne,Weekday,9,9
Y24H6080518,3,Separate House,Being Purchased,3,1,March,Thursday,Brimbank (C),0->4,30->34,45->49,MELB - Middle,Greater Melbourne,Weekday,15,15
Y24H6080520,2,Separate House,Being Purchased,2,1,March,Saturday,Brimbank (C),40->44,40->44,40->44,MELB - Middle,Greater Melbourne,Weekend,17,17
Y24H6080530,4,Separate House,Being Purchased,4,1,March,Tuesday,Maribyrnong (C),5->9,15->19,40->44,MELB - Inner,Greater Melbourne,Weekday,8,8
Y24H6080533,1,"Unit, Flat or Apartment",Being Rented,0,1,March,Friday,Maribyrnong (C),25->29,25->29,25->29,MELB - Inner,Greater Melbourne,Weekday,10,10
Y24H6080539,2,Separate House,Being Rented,3,1,March,Thursday,Maribyrnong (C),30->34,30->34,30->34,MELB - Inner,Greater Melbourne,Weekday,12,12
Y24H6080542,3,"Unit, Flat or Apartment",Being Purchased,0,1,March,Sunday,Maribyrnong (C),0->4,30->34,50->54,MELB - Inner,Greater Melbourne,Weekend,11,11
Y24H6086102,4,Separate House,Being Rented,Missing/Refused,2,March,Tuesday,Greater Shepparton (C),15->19,25->29,40->44,Other,Shepparton SA4,Weekday,6,6
Y24H6086105,4,Terrace or Townhouse,Being Rented,4,2,March,Friday,Greater Shepparton (C),5->9,20->24,40->44,Other,Shepparton SA4,Weekday,11,11
Y24H6086106,2,Separate House,Being Rented,2,1,March,Saturday,Greater Shepparton (C),25->29,30->34,35->39,Other,Shepparton SA4,Weekend,15,15
Y24H6086111,1,Separate House,Fully Owned,0,0,March,Thursday,Greater Shepparton (C),55->59,55->59,55->59,Other,Shepparton SA4,Weekday,4,4
Y24H6086112,2,Separate House,Being Rented,0,2,March,Friday,Greater Shepparton (C),25->29,25->29,30->34,Other,Shepparton SA4,Weekday,8,8
Y24H6086116,2,Separate House,Fully Owned,Missing/Refused,2,March,Tuesday,Greater Shepparton (C),65->69,70->74,70->74,Other,Shepparton SA4,Weekday,3,3
Y24H6086119,1,"Unit, Flat or Apartment",Being Rented,0,0,March,Friday,Greater Shepparton (C),60->64,60->64,60->64,Other,Shepparton SA4,Weekday,2,2
Y24H6086125,6,Separate House,Fully Owned,3,2,March,Thursday,Greater Shepparton (C),5->9,30->34,45->49,Other,Shepparton SA4,Weekday,18,18
Y24H6086130,1,Separate House,Being Purchased,Missing/Refused,1,March,Tuesday,Greater Shepparton (C),35->39,35->39,35->39,Other,Shepparton SA4,Weekday,14,14
Y24H6086133,2,Separate House,Being Rented,0,2,March,Friday,Greater Shepparton (C),30->34,35->39,35->39,Other,Shepparton SA4,Weekday,12,12
Y24H6086136,4,Terrace or Townhouse,Being Rented,0,2,March,Monday,Greater Shepparton (C),25->29,25->29,25->29,Other,Shepparton SA4,Weekday,13,13
Y24H6086139,5,Separate House,Being Purchased,2,1,March,Thursday,Greater Shepparton (C),10->14,25->29,45->49,Other,Shepparton SA4,Weekday,13,13
Y24H6086140,3,Separate House,Being Purchased,0,2,March,Friday,Greater Shepparton (C),30->34,30->34,35->39,Other,Shepparton SA4,Weekday,8,8
Y24H6086203,2,Separate House,Being Rented,0,1,March,Wednesday,Moira (S),75->79,75->79,75->79,Other,Shepparton SA4,Weekday,3,3
Y24H6086210,3,Separate House,Being Purchased,0,3,March,Wednesday,Moira (S),30->34,45->49,70->74,Other,Shepparton SA4,Weekday,3,3
Y24H6086211,3,Separate House,Being Purchased,1,3,March,Thursday,Moira (S),0->4,15->19,25->29,Other,Shepparton SA4,Weekday,10,10
Y24H6086212,2,Separate House,Fully Owned,0,2,March,Friday,Moira (S),65->69,70->74,80->84,Other,Shepparton SA4,Weekday,3,3
Y24H6086213,1,Separate House,Fully Owned,Missing/Refused,1,March,Saturday,Moira (S),70->74,70->74,70->74,Other,Shepparton SA4,Weekend,1,1
Y24H6086216,2,Separate House,Being Purchased,0,2,March,Tuesday,Moira (S),50->54,55->59,60->64,Other,Shepparton SA4,Weekday,9,9
Y24H6086219,1,Separate House,Being Rented,Missing/Refused,1,March,Friday,Moira (S),60->64,60->64,60->64,Other,Shepparton SA4,Weekday,9,9
Y24H6086221,2,Separate House,Being Purchased,1,1,March,Sunday,Moira (S),20->24,35->39,50->54,Other,Shepparton SA4,Weekend,7,7
Y24H6086225,1,Separate House,Being Purchased,0,2,March,Thursday,Moira (S),20->24,20->24,20->24,Other,Shepparton SA4,Weekday,8,8
Y24H6086226,4,Separate House,Being Purchased,1,2,March,Friday,Moira (S),0->4,15->19,30->34,Other,Shepparton SA4,Weekday,6,6
Y24H6086228,1,Separate House,Being Purchased,0,1,March,Sunday,Moira (S),70->74,70->74,70->74,Other,Shepparton SA4,Weekend,3,3
Y24H6086231,1,Separate House,Fully Owned,4,2,March,Wednesday,Moira (S),60->64,60->64,60->64,Other,Shepparton SA4,Weekday,9,9
Y24H6086234,4,Separate House,Fully Owned,1,3,March,Saturday,Moira (S),0->4,35->39,80->84,Other,Shepparton SA4,Weekend,17,17
Y24H6086238,1,Separate House,Fully Owned,0,1,March,Wednesday,Moira (S),65->69,65->69,65->69,Other,Shepparton SA4,Weekday,4,4
Y24H6090201,2,Separate House,Being Rented,0,1,March,Monday,Monash (C),35->39,35->39,35->39,MELB - Middle,Greater Melbourne,Weekday,15,15
Y24H6090202,2,Separate House,Fully Owned,2,2,March,Tuesday,Monash (C),70->74,70->74,75->79,MELB - Middle,Greater Melbourne,Weekday,10,10
Y24H6090203,2,Separate House,Fully Owned,0,1,March,Wednesday,Monash (C),70->74,85->89,100+,MELB - Middle,Greater Melbourne,Weekday,8,8
Y24H6090204,4,Separate House,Fully Owned,4,2,March,Thursday,Monash (C),10->14,30->34,50->54,MELB - Middle,Greater Melbourne,Weekday,13,13
Y24H6090205,6,Separate House,Being Rented,2,2,March,Friday,Monash (C),5->9,30->34,75->79,MELB - Middle,Greater Melbourne,Weekday,14,14
Y24H6090206,3,Separate House,Being Purchased,2,2,March,Saturday,Monash (C),20->24,40->44,50->54,MELB - Middle,Greater Melbourne,Weekend,8,8
Y24H6090208,2,Separate House,Fully Owned,0,2,March,Monday,Monash (C),35->39,35->39,35->39,MELB - Middle,Greater Melbourne,Weekday,17,17
Y24H6090209,3,Separate House,Being Purchased,3,2,March,Tuesday,Monash (C),5->9,25->29,40->44,MELB - Middle,Greater Melbourne,Weekday,15,15
Y24H6090214,3,Separate House,Being Purchased,1,1,March,Sunday,Monash (C),30->34,55->59,65->69,MELB - Middle,Greater Melbourne,Weekend,3,3
Y24H6090216,2,Separate House,Fully Owned,0,1,March,Tuesday,Monash (C),65->69,70->74,80->84,MELB - Middle,Greater Melbourne,Weekday,12,12
Y24H6090218,2,Separate House,Fully Owned,3,2,March,Thursday,Monash (C),75->79,75->79,80->84,MELB - Middle,Greater Melbourne,Weekday,12,12
Y24H6090219,2,Separate House,Being Rented,0,0,March,Friday,Monash (C),65->69,70->74,75->79,MELB - Middle,Greater Melbourne,Weekday,5,5
Y24H6090220,1,Separate House,Being Purchased,0,1,March,Saturday,Monash (C),60->64,60->64,60->64,MELB - Middle,Greater Melbourne,Weekend,9,9
Y24H6090224,3,Separate House,Fully Owned,0,2,March,Wednesday,Monash (C),20->24,45->49,55->59,MELB - Middle,Greater Melbourne,Weekday,12,12
Y24H6090225,4,Terrace or Townhouse,Being Rented,4,2,March,Thursday,Monash (C),10->14,25->29,45->49,MELB - Middle,Greater Melbourne,Weekday,18,18
Y24H6090229,1,Separate House,Fully Owned,0,1,March,Monday,Monash (C),55->59,55->59,55->59,MELB - Middle,Greater Melbourne,Weekday,10,10
Y24H6090232,4,Separate House,Being Rented,Missing/Refused,1,March,Thursday,Monash (C),5->9,30->34,55->59,MELB - Middle,Greater Melbourne,Weekday,11,11
Y24H6090234,3,"Unit, Flat or Apartment",Being Rented,1,2,March,Saturday,Monash (C),5->9,25->29,40->44,MELB - Middle,Greater Melbourne,Weekend,15,15
Y24H6090237,2,Separate House,Fully Owned,1,1,March,Tuesday,Monash (C),15->19,35->39,55->59,MELB - Middle,Greater Melbourne,Weekday,0,0
Y24H6090241,2,Terrace or Townhouse,Being Purchased,0,2,March,Saturday,Monash (C),40->44,40->44,40->44,MELB - Middle,Greater Melbourne,Weekend,14,14
Y24H6090301,3,Separate House,Being Purchased,3,1,March,Monday,Maribyrnong (C),10->14,35->39,50->54,MELB - Inner,Greater Melbourne,Weekday,14,14
Y24H6090302,1,"Unit, Flat or Apartment",Being Purchased,0,1,March,Tuesday,Maribyrnong (C),40->44,40->44,40->44,MELB - Inner,Greater Melbourne,Weekday,12,12
Y24H6090304,3,Separate House,Being Purchased,0,2,March,Thursday,Maribyrnong (C),0->4,25->29,40->44,MELB - Inner,Greater Melbourne,Weekday,14,14
Y24H6090307,4,Separate House,Being Purchased,5,1,March,Sunday,Maribyrnong (C),0->4,20->24,40->44,MELB - Inner,Greater Melbourne,Weekend,18,18
Y24H6090309,3,Separate House,Being Rented,2,1,March,Tuesday,Maribyrnong (C),25->29,25->29,25->29,MELB - Inner,Greater Melbourne,Weekday,6,6
Y24H6090312,2,Separate House,Being Rented,1,1,March,Friday,Maribyrnong (C),25->29,25->29,25->29,MELB - Inner,Greater Melbourne,Weekday,9,9
Y24H6090313,3,"Unit, Flat or Apartment",Fully Owned,1,1,March,Saturday,Maribyrnong (C),45->49,60->64,70->74,MELB - Inner,Greater Melbourne,Weekend,11,11
Y24H6090314,2,Separate House,Being Purchased,Missing/Refused,1,March,Sunday,Maribyrnong (C),30->34,30->34,30->34,MELB - Inner,Greater Melbourne,Weekend,18,18
Y24H6090317,2,"Unit, Flat or Apartment",Being Purchased,0,1,March,Wednesday,Maribyrnong (C),55->59,55->59,55->59,MELB - Inner,Greater Melbourne,Weekday,12,12
Y24H6090319,1,Separate House,Being Rented,0,0,March,Friday,Maribyrnong (C),65->69,65->69,65->69,MELB - Inner,Greater Melbourne,Weekday,3,3
Y24H6090320,4,Separate House,Being Rented,0,0,March,Saturday,Maribyrnong (C),0->4,20->24,35->39,MELB - Inner,Greater Melbourne,Weekend,14,14
Y24H6090323,1,Separate House,Fully Owned,0,1,March,Tuesday,Moonee Valley (C),70->74,70->74,70->74,MELB - Inner,Greater Melbourne,Weekday,4,4
Y24H6090324,4,Separate House,Being Purchased,6,2,March,Wednesday,Moonee Valley (C),5->9,25->29,45->49,MELB - Inner,Greater Melbourne,Weekday,18,18
Y24H6090327,4,Separate House,Being Purchased,5,1,March,Saturday,Moonee Valley (C),0->4,20->24,40->44,MELB - Inner,Greater Melbourne,Weekend,18,18
Y24H6090333,1,Terrace or Townhouse,Fully Owned,1,1,March,Friday,Moonee Valley (C),65->69,65->69,65->69,MELB - Inner,Greater Melbourne,Weekday,6,6
Y24H6090334,2,Separate House,Fully Owned,4,1,March,Saturday,Moonee Valley (C),60->64,60->64,60->64,MELB - Inner,Greater Melbourne,Weekend,17,17
Y24H6090335,4,Separate House,Fully Owned,2,1,March,Sunday,Moonee Valley (C),20->24,40->44,65->69,MELB - Inner,Greater Melbourne,Weekend,8,8
Y24H6090337,2,Terrace or Townhouse,Being Rented,0,2,March,Tuesday,Moonee Valley (C),40->44,40->44,40->44,MELB - Inner,Greater Melbourne,Weekday,14,14
Y24H6090339,2,"Unit, Flat or Apartment",Being Rented,0,0,March,Thursday,Moonee Valley (C),20->24,25->29,30->34,MELB - Inner,Greater Melbourne,Weekday,7,7
Y24H6090340,3,Separate House,Fully Owned,1,3,March,Friday,Moonee Valley (C),10->14,45->49,75->79,MELB - Inner,Greater Melbourne,Weekday,4,4
Y24H6090342,2,Terrace or Townhouse,Being Rented,0,1,March,Sunday,Moonee Valley (C),25->29,25->29,25->29,MELB - Inner,Greater Melbourne,Weekend,17,17
Y24H6090406,6,Terrace or Townhouse,Being Purchased,1,2,March,Saturday,Hume (C),5->9,30->34,65->69,MELB - Outer,Greater Melbourne,Weekend,17,17
Y24H6090409,3,Terrace or Townhouse,Being Purchased,0,1,March,Tuesday,Hume (C),5->9,25->29,35->39,MELB - Outer,Greater Melbourne,Weekday,12,12
Y24H6090411,4,Separate House,Being Purchased,0,1,March,Thursday,Hume (C),15->19,40->44,75->79,MELB - Outer,Greater Melbourne,Weekday,4,4
Y24H6090412,2,Terrace or Townhouse,Being Rented,0,1,March,Friday,Hume (C),25->29,25->29,30->34,MELB - Outer,Greater Melbourne,Weekday,17,17
Y24H6090414,4,Separate House,Fully Owned,6,4,March,Sunday,Hume (C),20->24,40->44,55->59,MELB - Outer,Greater Melbourne,Weekend,18,18
Y24H6090415,1,Separate House,Fully Owned,0,0,March,Monday,Hume (C),65->69,65->69,65->69,MELB - Outer,Greater Melbourne,Weekday,4,4
Y24H6090417,3,Separate House,Being Rented,Missing/Refused,1,March,Wednesday,Hume (C),20->24,25->29,30->34,MELB - Outer,Greater Melbourne,Weekday,12,12
Y24H6090421,1,Separate House,Being Rented,Missing/Refused,1,March,Sunday,Hume (C),40->44,40->44,40->44,MELB - Outer,Greater Melbourne,Weekend,8,8
Y24H6090425,1,"Unit, Flat or Apartment",Being Purchased,0,1,March,Thursday,Hume (C),50->54,50->54,50->54,MELB - Outer,Greater Melbourne,Weekday,4,4
Y24H6090431,3,Separate House,Being Purchased,0,1,March,Wednesday,Hume (C),0->4,20->24,40->44,MELB - Outer,Greater Melbourne,Weekday,12,12
Y24H6090440,4,Separate House,Being Rented,4,1,March,Friday,Hume (C),5->9,20->24,40->44,MELB - Outer,Greater Melbourne,Weekday,12,12
Y24H6090501,2,Separate House,Fully Owned,0,2,March,Monday,Brimbank (C),55->59,60->64,65->69,MELB - Outer,Greater Melbourne,Weekday,14,14
Y24H6090503,2,Separate House,Being Purchased,0,2,March,Wednesday,Brimbank (C),25->29,30->34,30->34,MELB - Outer,Greater Melbourne,Weekday,14,14
Y24H6090504,1,Separate House,Fully Owned,0,1,March,Thursday,Brimbank (C),55->59,55->59,55->59,MELB - Outer,Greater Melbourne,Weekday,5,5
Y24H6090505,2,Separate House,Being Purchased,2,2,March,Friday,Brimbank (C),60->64,60->64,60->64,MELB - Outer,Greater Melbourne,Weekday,14,14
Y24H6090511,1,Separate House,Being Rented,1,0,March,Thursday,Brimbank (C),25->29,25->29,25->29,MELB - Outer,Greater Melbourne,Weekday,7,7
Y24H6090512,2,"Unit, Flat or Apartment",Fully Owned,Missing/Refused,2,March,Friday,Brimbank (C),60->64,65->69,65->69,MELB - Outer,Greater Melbourne,Weekday,12,12
Y24H6090514,2,Separate House,Fully Owned,1,1,March,Sunday,Brimbank (C),60->64,65->69,70->74,MELB - Outer,Greater Melbourne,Weekend,6,6
Y24H6090515,2,Separate House,Being Rented,1,2,March,Monday,Brimbank (C),60->64,65->69,65->69,MELB - Outer,Greater Melbourne,Weekday,16,16
Y24H6090518,4,Separate House,Fully Owned,0,2,March,Thursday,Brimbank (C),45->49,65->69,80->84,MELB - Outer,Greater Melbourne,Weekday,6,6
Y24H6090522,1,"Unit, Flat or Apartment",Being Rented,0,0,March,Monday,Brimbank (C),80->84,80->84,80->84,MELB - Outer,Greater Melbourne,Weekday,3,3
Y24H6090523,2,"Unit, Flat or Apartment",Fully Owned,1,2,March,Tuesday,Brimbank (C),35->39,55->59,70->74,MELB - Outer,Greater Melbourne,Weekday,9,9
Y24H6090534,4,Terrace or Townhouse,Being Purchased,0,2,March,Saturday,Brimbank (C),0->4,20->24,35->39,MELB - Outer,Greater Melbourne,Weekend,12,12
Y24H6090541,1,"Unit, Flat or Apartment",Fully Owned,0,1,March,Saturday,Brimbank (C),70->74,70->74,70->74,MELB - Outer,Greater Melbourne,Weekend,3,3
Y24H6096104,4,Separate House,Fully Owned,Missing/Refused,4,March,Thursday,Campaspe (S),20->24,40->44,60->64,Other,Shepparton SA4,Weekday,16,16
Y24H6096105,4,Separate House,Fully Owned,1,4,March,Friday,Campaspe (S),25->29,40->44,60->64,Other,Shepparton SA4,Weekday,17,17
Y24H6096106,2,Separate House,Fully Owned,0,2,March,Saturday,Campaspe (S),70->74,75->79,75->79,Other,Shepparton SA4,Weekend,5,5
Y24H6096109,2,Separate House,Fully Owned,2,2,March,Tuesday,Campaspe (S),70->74,70->74,70->74,Other,Shepparton SA4,Weekday,2,2
Y24H6096110,4,Separate House,Being Purchased,7,2,March,Wednesday,Campaspe (S),0->4,10->14,30->34,Other,Shepparton SA4,Weekday,5,5
Y24H6096114,4,Separate House,Being Purchased,2,5,March,Sunday,Campaspe (S),15->19,35->39,55->59,Other,Shepparton SA4,Weekend,13,13
Y24H6096119,1,Separate House,Fully Owned,0,2,March,Friday,Campaspe (S),80->84,80->84,80->84,Other,Shepparton SA4,Weekday,3,3
Y24H6096122,3,Separate House,Being Purchased,5,4,March,Monday,Campaspe (S),0->4,20->24,30->34,Other,Shepparton SA4,Weekday,11,11
Y24H6096123,2,Separate House,Fully Owned,0,2,March,Tuesday,Campaspe (S),30->34,40->44,55->59,Other,Shepparton SA4,Weekday,4,4
Y24H6096129,2,Separate House,Fully Owned,2,5,March,Monday,Campaspe (S),55->59,55->59,55->59,Other,Shepparton SA4,Weekday,15,15
Y24H6096131,3,Separate House,Fully Owned,0,2,March,Wednesday,Campaspe (S),15->19,35->39,45->49,Other,Shepparton SA4,Weekday,13,13
Y24H6096132,1,Separate House,Fully Owned,1,0,March,Thursday,Campaspe (S),65->69,65->69,65->69,Other,Shepparton SA4,Weekday,6,6
Y24H6096133,1,"Unit, Flat or Apartment",Being Rented,0,1,March,Friday,Campaspe (S),65->69,65->69,65->69,Other,Shepparton SA4,Weekday,5,5
Y24H6096136,2,Separate House,Being Purchased,0,3,March,Monday,Campaspe (S),25->29,40->44,55->59,Other,Shepparton SA4,Weekday,13,13
Y24H6110107,2,Separate House,Being Purchased,2,1,April,Sunday,Cardinia (S),10->14,30->34,45->49,MELB - Outer,Greater Melbourne,Weekend,9,9
Y24H6110110,4,Separate House,Being Purchased,Missing/Refused,3,April,Wednesday,Cardinia (S),15->19,40->44,60->64,MELB - Outer,Greater Melbourne,Weekday,9,9
Y24H6110111,2,Separate House,Fully Owned,0,3,April,Thursday,Cardinia (S),55->59,60->64,60->64,MELB - Outer,Greater Melbourne,Weekday,12,12
Y24H6110112,3,Separate House,Being Purchased,2,6,April,Friday,Cardinia (S),30->34,45->49,55->59,MELB - Outer,Greater Melbourne,Weekday,17,17
Y24H6110113,4,Separate House,Being Purchased,4,2,April,Saturday,Cardinia (S),10->14,25->29,45->49,MELB - Outer,Greater Melbourne,Weekend,14,14
Y24H6110117,2,Separate House,Fully Owned,0,2,April,Wednesday,Cardinia (S),75->79,75->79,75->79,MELB - Outer,Greater Melbourne,Weekday,5,5
Y24H6110118,5,Separate House,Being Purchased,Missing/Refused,4,April,Thursday,Cardinia (S),15->19,30->34,55->59,MELB - Outer,Greater Melbourne,Weekday,18,18
Y24H6110123,2,Separate House,Fully Owned,0,1,April,Tuesday,Cardinia (S),70->74,80->84,90->94,MELB - Outer,Greater Melbourne,Weekday,6,6
Y24H6110124,1,Separate House,Fully Owned,1,1,April,Wednesday,Cardinia (S),70->74,70->74,70->74,MELB - Outer,Greater Melbourne,Weekday,2,2
Y24H6110125,4,Separate House,Being Purchased,1,1,April,Thursday,Cardinia (S),0->4,20->24,40->44,MELB - Outer,Greater Melbourne,Weekday,18,18
Y24H6110126,2,Separate House,Fully Owned,1,2,April,Friday,Cardinia (S),65->69,65->69,65->69,MELB - Outer,Greater Melbourne,Weekday,5,5
Y24H6110131,1,"Unit, Flat or Apartment",Fully Owned,0,1,April,Wednesday,Cardinia (S),80->84,80->84,80->84,MELB - Outer,Greater Melbourne,Weekday,3,3
Y24H6110132,2,Separate House,Fully Owned,1,1,April,Thursday,Cardinia (S),60->64,60->64,60->64,MELB - Outer,Greater Melbourne,Weekday,12,12
Y24H6110134,2,Separate House,Fully Owned,0,2,April,Saturday,Cardinia (S),70->74,70->74,70->74,MELB - Outer,Greater Melbourne,Weekend,4,4
Y24H6110136,3,Terrace or Townhouse,Being Purchased,3,2,April,Monday,Cardinia (S),0->4,25->29,35->39,MELB - Outer,Greater Melbourne,Weekday,15,15
Y24H6110139,4,Separate House,Being Purchased,Missing/Refused,2,April,Thursday,Cardinia (S),0->4,20->24,35->39,MELB - Outer,Greater Melbourne,Weekday,5,5
Y24H6110140,2,Terrace or Townhouse,Fully Owned,1,2,April,Friday,Cardinia (S),45->49,50->54,50->54,MELB - Outer,Greater Melbourne,Weekday,8,8
Y24H6110142,2,"Unit, Flat or Apartment",Being Purchased,0,2,April,Sunday,Cardinia (S),30->34,30->34,30->34,MELB - Outer,Greater Melbourne,Weekend,12,12
Y24H6110202,3,Separate House,Being Purchased,4,3,April,Tuesday,Maroondah (C),25->29,45->49,60->64,MELB - Outer,Greater Melbourne,Weekday,17,17
Y24H6110203,2,Separate House,Being Purchased,2,2,April,Wednesday,Maroondah (C),45->49,50->54,50->54,MELB - Outer,Greater Melbourne,Weekday,14,14
Y24H6110206,4,Separate House,Being Rented,4,1,April,Saturday,Maroondah (C),5->9,30->34,55->59,MELB - Outer,Greater Melbourne,Weekend,14,14
Y24H6110209,2,Separate House,Being Purchased,0,2,April,Tuesday,Maroondah (C),30->34,30->34,30->34,MELB - Outer,Greater Melbourne,Weekday,17,17
Y24H6110211,2,Separate House,Fully Owned,1,1,April,Thursday,Maroondah (C),65->69,65->69,65->69,MELB - Outer,Greater Melbourne,Weekday,8,8
Y24H6110215,3,Separate House,Fully Owned,Missing/Refused,2,April,Monday,Maroondah (C),5->9,35->39,55->59,MELB - Outer,Greater Melbourne,Weekday,17,17
Y24H6110221,2,Separate House,Fully Owned,2,1,April,Sunday,Maroondah (C),70->74,70->74,70->74,MELB - Outer,Greater Melbourne,Weekend,6,6
Y24H6110223,1,"Unit, Flat or Apartment",Being Rented,0,1,April,Tuesday,Yarra Ranges (S),45->49,45->49,45->49,MELB - Outer,Greater Melbourne,Weekday,9,9
Y24H6110226,2,Terrace or Townhouse,Being Rented,1,1,April,Friday,Yarra Ranges (S),5->9,25->29,40->44,MELB - Outer,Greater Melbourne,Weekday,5,5
Y24H6110227,3,Separate House,Being Rented,0,4,April,Saturday,Yarra Ranges (S),20->24,45->49,60->64,MELB - Outer,Greater Melbourne,Weekend,13,13
Y24H6110233,3,Separate House,Being Rented,5,2,April,Friday,Yarra Ranges (S),20->24,35->39,55->59,MELB - Outer,Greater Melbourne,Weekday,15,15
Y24H6110234,3,"Unit, Flat or Apartment",Being Rented,0,1,April,Saturday,Yarra Ranges (S),0->4,25->29,40->44,MELB - Outer,Greater Melbourne,Weekend,11,11
Y24H6110236,3,Terrace or Townhouse,Being Rented,2,4,April,Monday,Yarra Ranges (S),25->29,25->29,25->29,MELB - Outer,Greater Melbourne,Weekday,10,10
Y24H6110237,2,"Unit, Flat or Apartment",Being Purchased,0,2,April,Tuesday,Yarra Ranges (S),20->24,20->24,20->24,MELB - Outer,Greater Melbourne,Weekday,12,12
Y24H6110240,1,Separate House,Fully Owned,0,1,April,Friday,Yarra Ranges (S),75->79,75->79,75->79,MELB - Outer,Greater Melbourne,Weekday,5,5
Y24H6110301,3,Separate House,Fully Owned,2,3,April,Monday,Kingston (C),30->34,50->54,65->69,MELB - Middle,Greater Melbourne,Weekday,14,14
Y24H6110302,4,Separate House,Being Purchased,4,2,April,Tuesday,Kingston (C),0->4,20->24,40->44,MELB - Middle,Greater Melbourne,Weekday,18,18
Y24H6110303,2,Terrace or Townhouse,Being Purchased,2,1,April,Wednesday,Kingston (C),25->29,25->29,25->29,MELB - Middle,Greater Melbourne,Weekday,18,18
Y24H6110305,2,Separate House,Fully Owned,0,2,April,Friday,Kingston (C),70->74,70->74,70->74,MELB - Middle,Greater Melbourne,Weekday,8,8
Y24H6110309,4,Separate House,Fully Owned,3,0,April,Tuesday,Kingston (C),10->14,30->34,50->54,MELB - Middle,Greater Melbourne,Weekday,14,14
Y24H6110310,2,Separate House,Fully Owned,0,2,April,Wednesday,Kingston (C),80->84,85->89,85->89,MELB - Middle,Greater Melbourne,Weekday,4,4
Y24H6110315,4,Separate House,Being Purchased,7,3,April,Monday,Kingston (C),5->9,25->29,45->49,MELB - Middle,Greater Melbourne,Weekday,17,17
Y24H6110317,5,Separate House,Being Rented,Missing/Refused,1,April,Wednesday,Kingston (C),15->19,35->39,60->64,MELB - Middle,Greater Melbourne,Weekday,15,15
Y24H6110318,3,Separate House,Fully Owned,Missing/Refused,2,April,Thursday,Kingston (C),0->4,40->44,75->79,MELB - Middle,Greater Melbourne,Weekday,7,7
Y24H6110323,1,Separate House,Fully Owned,0,0,April,Tuesday,Kingston (C),80->84,80->84,80->84,MELB - Middle,Greater Melbourne,Weekday,4,4
Y24H6110324,4,Separate House,Fully Owned,2,3,April,Wednesday,Kingston (C),20->24,40->44,65->69,MELB - Middle,Greater Melbourne,Weekday,13,13
Y24H6110327,4,Separate House,Fully Owned,0,3,April,Saturday,Kingston (C),40->44,65->69,90->94,MELB - Middle,Greater Melbourne,Weekend,13,13
Y24H6110329,2,Separate House,Being Rented,1,1,April,Monday,Kingston (C),15->19,35->39,50->54,MELB - Middle,Greater Melbourne,Weekday,6,6
Y24H6110331,2,Separate House,Fully Owned,0,2,April,Wednesday,Kingston (C),60->64,60->64,60->64,MELB - Middle,Greater Melbourne,Weekday,7,7
Y24H6110332,4,Separate House,Being Purchased,4,2,April,Thursday,Kingston (C),5->9,25->29,45->49,MELB - Middle,Greater Melbourne,Weekday,16,16
Y24H6110335,2,"Unit, Flat or Apartment",Being Rented,0,1,April,Sunday,Kingston (C),20->24,25->29,25->29,MELB - Middle,Greater Melbourne,Weekend,8,8
Y24H6110336,2,Separate House,Fully Owned,0,1,April,Monday,Kingston (C),75->79,80->84,80->84,MELB - Middle,Greater Melbourne,Weekday,8,8
Y24H6110338,2,"Unit, Flat or Apartment",Being Rented,0,2,April,Wednesday,Kingston (C),25->29,25->29,30->34,MELB - Middle,Greater Melbourne,Weekday,8,8
Y24H6110341,3,Separate House,Being Rented,3,0,April,Saturday,Kingston (C),5->9,20->24,40->44,MELB - Middle,Greater Melbourne,Weekend,12,12
Y24H6110501,3,Separate House,Being Purchased,0,1,April,Monday,Melton (S),0->4,25->29,35->39,MELB - Outer,Greater Melbourne,Weekday,12,12
Y24H6110504,4,Separate House,Being Rented,0,2,April,Thursday,Melton (S),5->9,30->34,40->44,MELB - Outer,Greater Melbourne,Weekday,12,12
Y24H6110520,6,Separate House,Being Rented,3,2,April,Saturday,Melton (S),0->4,15->19,50->54,MELB - Outer,Greater Melbourne,Weekend,14,14
Y24H6110521,4,Separate House,Being Rented,2,2,April,Sunday,Melton (S),0->4,15->19,30->34,MELB - Outer,Greater Melbourne,Weekend,8,8
Y24H6110533,3,Separate House,Being Purchased,0,2,April,Friday,Melton (S),20->24,25->29,30->34,MELB - Outer,Greater Melbourne,Weekday,10,10
Y24H6110534,7,Separate House,Being Purchased,4,3,April,Saturday,Melton (S),0->4,20->24,45->49,MELB - Outer,Greater Melbourne,Weekend,11,11
Y24H6110541,2,Terrace or Townhouse,Being Purchased,Missing/Refused,2,April,Saturday,Melton (S),25->29,25->29,25->29,MELB - Outer,Greater Melbourne,Weekend,9,9
Y24H6116102,2,Separate House,Fully Owned,2,5,April,Tuesday,Moira (S),60->64,65->69,70->74,Other,Shepparton SA4,Weekday,10,10
Y24H6116103,2,Separate House,Fully Owned,Missing/Refused,3,April,Wednesday,Moira (S),55->59,60->64,60->64,Other,Shepparton SA4,Weekday,14,14
Y24H6116109,2,Separate House,Fully Owned,1,2,April,Tuesday,Moira (S),75->79,75->79,75->79,Other,Shepparton SA4,Weekday,11,11
Y24H6116113,2,Separate House,Being Rented,2,2,April,Saturday,Moira (S),5->9,25->29,40->44,Other,Shepparton SA4,Weekend,2,2
Y24H6116114,3,Separate House,Being Purchased,3,2,April,Sunday,Moira (S),10->14,15->19,30->34,Other,Shepparton SA4,Weekend,10,10
Y24H6116115,1,Separate House,Fully Owned,0,2,April,Monday,Moira (S),70->74,70->74,70->74,Other,Shepparton SA4,Weekday,10,10
Y24H6116117,2,Separate House,Fully Owned,0,3,April,Wednesday,Moira (S),80->84,85->89,85->89,Other,Shepparton SA4,Weekday,3,3
Y24H6116118,1,Separate House,Fully Owned,0,1,April,Thursday,Moira (S),75->79,75->79,75->79,Other,Shepparton SA4,Weekday,4,4
Y24H6116119,2,Separate House,Being Purchased,0,2,April,Friday,Moira (S),20->24,20->24,20->24,Other,Shepparton SA4,Weekday,1,1
Y24H6116122,1,Separate House,Being Rented,0,1,April,Monday,Moira (S),30->34,30->34,30->34,Other,Shepparton SA4,Weekday,12,12
Y24H6116124,2,Separate House,Being Purchased,3,1,April,Wednesday,Moira (S),5->9,25->29,45->49,Other,Shepparton SA4,Weekday,12,12
Y24H6116126,2,Separate House,Fully Owned,2,2,April,Friday,Moira (S),65->69,65->69,65->69,Other,Shepparton SA4,Weekday,7,7
Y24H6116127,1,Separate House,Fully Owned,1,1,April,Saturday,Moira (S),80->84,80->84,80->84,Other,Shepparton SA4,Weekend,5,5
Y24H6116128,1,"Unit, Flat or Apartment",Fully Owned,0,0,April,Sunday,Moira (S),85->89,85->89,85->89,Other,Shepparton SA4,Weekend,3,3
Y24H6116129,1,Separate House,Being Purchased,1,1,April,Monday,Moira (S),55->59,55->59,55->59,Other,Shepparton SA4,Weekday,14,14
Y24H6116131,2,Separate House,Being Rented,0,1,April,Wednesday,Moira (S),65->69,65->69,70->74,Other,Shepparton SA4,Weekday,6,6
Y24H6116132,1,Separate House,Fully Owned,1,1,April,Thursday,Moira (S),75->79,75->79,75->79,Other,Shepparton SA4,Weekday,4,4
Y24H6116133,1,Separate House,Fully Owned,0,1,April,Friday,Moira (S),85->89,85->89,85->89,Other,Shepparton SA4,Weekday,1,1
Y24H6116134,2,Separate House,Fully Owned,1,1,April,Saturday,Moira (S),70->74,70->74,75->79,Other,Shepparton SA4,Weekend,17,17
Y24H6116136,3,Separate House,Being Purchased,Missing/Refused,3,April,Monday,Moira (S),30->34,45->49,55->59,Other,Shepparton SA4,Weekday,17,17
Y24H6116139,2,Separate House,Fully Owned,0,2,April,Thursday,Moira (S),60->64,60->64,60->64,Other,Shepparton SA4,Weekday,11,11
Y24H6116142,1,Separate House,Fully Owned,0,1,April,Sunday,Moira (S),65->69,65->69,65->69,Other,Shepparton SA4,Weekend,7,7
Y24H6116205,2,"Unit, Flat or Apartment",Fully Owned,0,1,April,Friday,Moira (S),70->74,70->74,70->74,Other,Shepparton SA4,Weekday,7,7
Y24H6116212,1,"Unit, Flat or Apartment",Being Rented,2,1,April,Friday,Moira (S),55->59,55->59,55->59,Other,Shepparton SA4,Weekday,12,12
Y24H6116217,1,Separate House,Fully Owned,0,1,April,Wednesday,Moira (S),85->89,85->89,85->89,Other,Shepparton SA4,Weekday,5,5
Y24H6116218,2,Separate House,Fully Owned,0,2,April,Thursday,Moira (S),65->69,65->69,65->69,Other,Shepparton SA4,Weekday,5,5
Y24H6116219,1,Separate House,Being Rented,1,0,April,Friday,Moira (S),55->59,55->59,55->59,Other,Shepparton SA4,Weekday,5,5
Y24H6116226,2,Separate House,Being Rented,0,1,April,Friday,Moira (S),25->29,25->29,30->34,Other,Shepparton SA4,Weekday,13,13
Y24H6116227,2,Separate House,Being Rented,1,1,April,Saturday,Moira (S),30->34,30->34,30->34,Other,Shepparton SA4,Weekend,12,12
Y24H6116229,3,Separate House,Fully Owned,Missing/Refused,3,April,Monday,Moira (S),35->39,55->59,65->69,Other,Shepparton SA4,Weekday,13,13
Y24H6116234,2,Separate House,Being Purchased,0,2,April,Saturday,Moira (S),60->64,60->64,65->69,Other,Shepparton SA4,Weekend,11,11
Y24H6116239,2,Separate House,Fully Owned,2,2,April,Thursday,Moira (S),65->69,65->69,70->74,Other,Shepparton SA4,Weekday,6,6
Y24H6120108,2,Separate House,Fully Owned,0,1,April,Monday,Casey (C),55->59,70->74,85->89,MELB - Outer,Greater Melbourne,Weekday,7,7
Y24H6120110,1,Separate House,Being Rented,0,1,April,Wednesday,Casey (C),70->74,70->74,70->74,MELB - Outer,Greater Melbourne,Weekday,6,6
Y24H6120114,2,"Unit, Flat or Apartment",Being Rented,0,2,April,Sunday,Casey (C),25->29,25->29,25->29,MELB - Outer,Greater Melbourne,Weekend,10,10
Y24H6120115,2,"Unit, Flat or Apartment",Being Purchased,1,1,April,Monday,Casey (C),25->29,25->29,25->29,MELB - Outer,Greater Melbourne,Weekday,11,11
Y24H6120116,1,"Unit, Flat or Apartment",Being Rented,0,1,April,Tuesday,Casey (C),70->74,70->74,70->74,MELB - Outer,Greater Melbourne,Weekday,6,6
Y24H6120117,2,Separate House,Fully Owned,0,0,April,Wednesday,Casey (C),80->84,80->84,80->84,MELB - Outer,Greater Melbourne,Weekday,9,9
Y24H6120123,3,Separate House,Fully Owned,0,2,April,Tuesday,Casey (C),25->29,55->59,70->74,MELB - Outer,Greater Melbourne,Weekday,14,14
Y24H6120124,3,Separate House,Fully Owned,Missing/Refused,3,April,Wednesday,Casey (C),25->29,50->54,60->64,MELB - Outer,Greater Melbourne,Weekday,11,11
Y24H6120126,1,Separate House,Fully Owned,2,1,April,Friday,Casey (C),65->69,65->69,65->69,MELB - Outer,Greater Melbourne,Weekday,10,10
Y24H6120128,3,Separate House,Fully Owned,1,2,April,Sunday,Casey (C),0->4,20->24,30->34,MELB - Outer,Greater Melbourne,Weekend,8,8
Y24H6120135,2,Separate House,Being Purchased,0,2,April,Sunday,Casey (C),50->54,55->59,55->59,MELB - Outer,Greater Melbourne,Weekend,14,14
Y24H6120136,3,Separate House,Fully Owned,1,4,April,Monday,Casey (C),20->24,45->49,65->69,MELB - Outer,Greater Melbourne,Weekday,11,11
Y24H6120138,4,Separate House,Fully Owned,0,3,April,Wednesday,Casey (C),15->19,35->39,55->59,MELB - Outer,Greater Melbourne,Weekday,14,14
Y24H6120140,2,Separate House,Fully Owned,0,2,April,Friday,Casey (C),70->74,75->79,75->79,MELB - Outer,Greater Melbourne,Weekday,3,3
Y24H6120142,3,Separate House,Fully Owned,3,2,April,Sunday,Casey (C),15->19,30->34,40->44,MELB - Outer,Greater Melbourne,Weekend,13,13
Y24H6120201,3,"Unit, Flat or Apartment",Being Purchased,Missing/Refused,1,April,Monday,Whitehorse (C),15->19,25->29,45->49,MELB - Middle,Greater Melbourne,Weekday,0,0
Y24H6120202,4,Separate House,Being Purchased,1,2,April,Tuesday,Whitehorse (C),5->9,25->29,45->49,MELB - Middle,Greater Melbourne,Weekday,17,17
Y24H6120207,3,"Unit, Flat or Apartment",Being Purchased,1,2,April,Sunday,Whitehorse (C),5->9,30->34,40->44,MELB - Middle,Greater Melbourne,Weekend,14,14
Y24H6120208,3,Separate House,Being Purchased,0,2,April,Monday,Whitehorse (C),10->14,35->39,45->49,MELB - Middle,Greater Melbourne,Weekday,14,14
Y24H6120209,1,"Unit, Flat or Apartment",Being Rented,0,3,April,Tuesday,Whitehorse (C),60->64,60->64,60->64,MELB - Middle,Greater Melbourne,Weekday,8,8
Y24H6120211,4,"Unit, Flat or Apartment",Being Purchased,0,2,April,Thursday,Whitehorse (C),0->4,20->24,35->39,MELB - Middle,Greater Melbourne,Weekday,5,5
Y24H6120212,2,"Unit, Flat or Apartment",Being Rented,0,0,April,Friday,Whitehorse (C),30->34,45->49,65->69,MELB - Middle,Greater Melbourne,Weekday,8,8
Y24H6120219,4,"Unit, Flat or Apartment",Being Rented,2,1,April,Friday,Whitehorse (C),0->4,15->19,30->34,MELB - Middle,Greater Melbourne,Weekday,10,10
Y24H6120223,1,Separate House,Fully Owned,0,1,April,Tuesday,Whitehorse (C),80->84,80->84,80->84,MELB - Middle,Greater Melbourne,Weekday,1,1
Y24H6120225,2,"Unit, Flat or Apartment",Being Rented,Missing/Refused,2,April,Thursday,Whitehorse (C),25->29,30->34,30->34,MELB - Middle,Greater Melbourne,Weekday,14,14
Y24H6120229,1,Separate House,Fully Owned,0,0,April,Monday,Whitehorse (C),85->89,85->89,85->89,MELB - Middle,Greater Melbourne,Weekday,1,1
Y24H6120234,3,Separate House,Being Purchased,3,3,April,Saturday,Whitehorse (C),20->24,40->44,50->54,MELB - Middle,Greater Melbourne,Weekend,14,14
Y24H6120237,4,Separate House,Being Rented,2,1,April,Tuesday,Whitehorse (C),5->9,25->29,40->44,MELB - Middle,Greater Melbourne,Weekday,14,14
Y24H6120238,4,Terrace or Townhouse,Being Purchased,3,2,April,Wednesday,Whitehorse (C),5->9,20->24,40->44,MELB - Middle,Greater Melbourne,Weekday,17,17
Y24H6120240,2,Separate House,Fully Owned,2,1,April,Friday,Whitehorse (C),70->74,70->74,70->74,MELB - Middle,Greater Melbourne,Weekday,8,8
Y24H6120241,4,Separate House,Being Purchased,5,3,April,Saturday,Whitehorse (C),10->14,30->34,45->49,MELB - Middle,Greater Melbourne,Weekend,12,12
Y24H6120301,2,"Unit, Flat or Apartment",Fully Owned,0,0,April,Monday,Port Phillip (C),25->29,25->29,25->29,MELB - Inner,Greater Melbourne,Weekday,4,4
Y24H6120302,1,"Unit, Flat or Apartment",Being Rented,0,0,April,Tuesday,Port Phillip (C),95->99,95->99,95->99,MELB - Inner,Greater Melbourne,Weekday,4,4
Y24H6120303,3,Terrace or Townhouse,Being Purchased,4,2,April,Wednesday,Port Phillip (C),25->29,45->49,60->64,MELB - Inner,Greater Melbourne,Weekday,18,18
Y24H6120304,1,Terrace or Townhouse,Being Purchased,0,1,April,Thursday,Port Phillip (C),50->54,50->54,50->54,MELB - Inner,Greater Melbourne,Weekday,14,14
Y24H6120309,1,"Unit, Flat or Apartment",Being Rented,2,0,April,Tuesday,Port Phillip (C),50->54,50->54,50->54,MELB - Inner,Greater Melbourne,Weekday,6,6
Y24H6120311,2,"Unit, Flat or Apartment",Fully Owned,2,1,April,Thursday,Port Phillip (C),40->44,45->49,50->54,MELB - Inner,Greater Melbourne,Weekday,1,1
Y24H6120312,1,"Unit, Flat or Apartment",Fully Owned,0,0,April,Friday,Port Phillip (C),65->69,65->69,65->69,MELB - Inner,Greater Melbourne,Weekday,1,1
Y24H6120314,2,"Unit, Flat or Apartment",Being Purchased,0,1,April,Sunday,Port Phillip (C),45->49,45->49,45->49,MELB - Inner,Greater Melbourne,Weekend,18,18
Y24H6120317,4,Terrace or Townhouse,Being Purchased,4,1,April,Wednesday,Port Phillip (C),0->4,20->24,45->49,MELB - Inner,Greater Melbourne,Weekday,12,12
Y24H6120318,4,Terrace or Townhouse,Being Purchased,Missing/Refused,2,April,Thursday,Port Phillip (C),15->19,35->39,60->64,MELB - Inner,Greater Melbourne,Weekday,12,12
Y24H6120325,2,"Unit, Flat or Apartment",Fully Owned,1,1,April,Thursday,Port Phillip (C),60->64,65->69,75->79,MELB - Inner,Greater Melbourne,Weekday,13,13
Y24H6120329,2,"Unit, Flat or Apartment",Being Rented,0,1,April,Monday,Port Phillip (C),30->34,30->34,30->34,MELB - Inner,Greater Melbourne,Weekday,14,14
Y24H6120330,2,"Unit, Flat or Apartment",Being Purchased,1,2,April,Tuesday,Port Phillip (C),60->64,65->69,65->69,MELB - Inner,Greater Melbourne,Weekday,8,8
Y24H6120331,2,"Unit, Flat or Apartment",Fully Owned,0,1,April,Wednesday,Port Phillip (C),15->19,30->34,45->49,MELB - Inner,Greater Melbourne,Weekday,6,6
Y24H6120332,1,"Unit, Flat or Apartment",Fully Owned,0,1,April,Thursday,Port Phillip (C),65->69,65->69,65->69,MELB - Inner,Greater Melbourne,Weekday,4,4
Y24H6120334,1,"Unit, Flat or Apartment",Being Purchased,0,0,April,Saturday,Port Phillip (C),70->74,70->74,70->74,MELB - Inner,Greater Melbourne,Weekend,5,5
Y24H6120337,3,"Unit, Flat or Apartment",Being Purchased,0,3,April,Tuesday,Port Phillip (C),30->34,35->39,35->39,MELB - Inner,Greater Melbourne,Weekday,12,12
Y24H6120339,2,"Unit, Flat or Apartment",Being Purchased,2,1,April,Thursday,Port Phillip (C),40->44,40->44,45->49,MELB - Inner,Greater Melbourne,Weekday,12,12
Y24H6120406,2,Separate House,Fully Owned,0,2,April,Saturday,Hume (C),70->74,70->74,70->74,MELB - Outer,Greater Melbourne,Weekend,6,6
Y24H6120414,2,Separate House,Fully Owned,0,2,April,Sunday,Hume (C),60->64,60->64,65->69,MELB - Outer,Greater Melbourne,Weekend,14,14
Y24H6120416,7,Separate House,Being Purchased,0,2,April,Tuesday,Hume (C),0->4,20->24,35->39,MELB - Outer,Greater Melbourne,Weekday,11,11
Y24H6120424,5,Separate House,Being Rented,2,1,April,Wednesday,Hume (C),10->14,25->29,50->54,MELB - Outer,Greater Melbourne,Weekday,6,6
Y24H6120429,4,Separate House,Being Rented,4,2,April,Monday,Hume (C),15->19,25->29,40->44,MELB - Outer,Greater Melbourne,Weekday,17,17
Y24H6120430,3,Separate House,Being Rented,0,4,April,Tuesday,Hume (C),25->29,45->49,60->64,MELB - Outer,Greater Melbourne,Weekday,14,14
Y24H6120433,1,Separate House,Fully Owned,2,2,April,Friday,Hume (C),60->64,60->64,60->64,MELB - Outer,Greater Melbourne,Weekday,12,12
Y24H6126106,1,Separate House,Fully Owned,0,2,April,Saturday,Campaspe (S),65->69,65->69,65->69,Other,Shepparton SA4,Weekend,5,5
Y24H6126107,6,Separate House,Being Purchased,5,4,April,Sunday,Campaspe (S),5->9,30->34,55->59,Other,Shepparton SA4,Weekend,9,9
Y24H6126112,4,Separate House,Fully Owned,2,3,April,Friday,Campaspe (S),0->4,15->19,30->34,Other,Shepparton SA4,Weekday,7,7
Y24H6126116,5,Separate House,Being Purchased,0,2,April,Tuesday,Campaspe (S),10->14,30->34,50->54,Other,Shepparton SA4,Weekday,11,11
Y24H6126123,2,Separate House,Fully Owned,0,2,April,Tuesday,Campaspe (S),55->59,55->59,55->59,Other,Shepparton SA4,Weekday,8,8
Y24H6126132,2,Separate House,Being Purchased,0,2,April,Thursday,Campaspe (S),65->69,70->74,70->74,Other,Shepparton SA4,Weekday,1,1
Y24H6126133,4,Separate House,Being Purchased,4,2,April,Friday,Campaspe (S),0->4,15->19,30->34,Other,Shepparton SA4,Weekday,8,8
Y24H6126134,1,Separate House,Fully Owned,0,1,April,Saturday,Campaspe (S),80->84,80->84,80->84,Other,Shepparton SA4,Weekend,4,4
Y24H6126136,2,Separate House,Fully Owned,0,2,April,Monday,Campaspe (S),65->69,65->69,65->69,Other,Shepparton SA4,Weekday,6,6
Y24H6126206,2,Separate House,Fully Owned,Missing/Refused,1,April,Saturday,Moira (S),70->74,70->74,70->74,Other,Shepparton SA4,Weekend,5,5
Y24H6126210,2,Separate House,Fully Owned,1,1,April,Wednesday,Moira (S),65->69,70->74,70->74,Other,Shepparton SA4,Weekday,6,6
Y24H6126214,1,Separate House,Fully Owned,0,2,April,Sunday,Moira (S),50->54,50->54,50->54,Other,Shepparton SA4,Weekend,4,4
Y24H6126215,5,Terrace or Townhouse,Being Rented,0,1,April,Monday,Moira (S),20->24,30->34,35->39,Other,Shepparton SA4,Weekday,19,19
Y24H6126217,2,Separate House,Fully Owned,0,2,April,Wednesday,Moira (S),30->34,45->49,60->64,Other,Shepparton SA4,Weekday,7,7
Y24H6126219,2,Separate House,Being Purchased,1,1,April,Friday,Moira (S),25->29,25->29,25->29,Other,Shepparton SA4,Weekday,14,14
Y24H6126221,2,"Unit, Flat or Apartment",Being Rented,0,1,April,Sunday,Moira (S),65->69,70->74,70->74,Other,Shepparton SA4,Weekend,9,9
Y24H6126222,1,"Unit, Flat or Apartment",Being Rented,0,1,April,Monday,Moira (S),70->74,70->74,70->74,Other,Shepparton SA4,Weekday,0,0
Y24H6126223,1,Separate House,Fully Owned,0,1,April,Tuesday,Moira (S),65->69,65->69,65->69,Other,Shepparton SA4,Weekday,3,3
Y24H6126224,1,Terrace or Townhouse,Being Purchased,0,2,April,Wednesday,Moira (S),35->39,35->39,35->39,Other,Shepparton SA4,Weekday,12,12
Y24H6126227,3,Separate House,Being Purchased,2,2,April,Saturday,Moira (S),10->14,30->34,40->44,Other,Shepparton SA4,Weekend,13,13
Y24H6126231,1,Separate House,Fully Owned,0,1,April,Wednesday,Moira (S),85->89,85->89,85->89,Other,Shepparton SA4,Weekday,4,4
Y24H6126232,1,Separate House,Fully Owned,0,1,April,Thursday,Moira (S),80->84,80->84,80->84,Other,Shepparton SA4,Weekday,4,4
Y24H6126239,1,Separate House,Fully Owned,1,1,April,Thursday,Moira (S),70->74,70->74,70->74,Other,Shepparton SA4,Weekday,7,7
Y24H6126240,5,Terrace or Townhouse,Being Rented,3,2,April,Friday,Moira (S),0->4,20->24,40->44,Other,Shepparton SA4,Weekday,7,7
Y24H6126241,2,Separate House,Fully Owned,0,1,April,Saturday,Moira (S),80->84,85->89,85->89,Other,Shepparton SA4,Weekend,6,6
Y24H6130102,4,Separate House,Fully Owned,0,2,April,Tuesday,Greater Dandenong (C),10->14,35->39,90->94,MELB - Middle,Greater Melbourne,Weekday,3,3
Y24H6130108,3,"Unit, Flat or Apartment",Being Rented,0,0,April,Monday,Greater Dandenong (C),0->4,15->19,30->34,MELB - Middle,Greater Melbourne,Weekday,1,1
Y24H6130111,4,"Unit, Flat or Apartment",Being Purchased,2,2,April,Thursday,Greater Dandenong (C),0->4,20->24,35->39,MELB - Middle,Greater Melbourne,Weekday,13,13
Y24H6130118,4,Terrace or Townhouse,Fully Owned,1,2,April,Thursday,Greater Dandenong (C),10->14,30->34,50->54,MELB - Middle,Greater Melbourne,Weekday,8,8
Y24H6130119,6,"Unit, Flat or Apartment",Being Rented,2,2,April,Friday,Greater Dandenong (C),0->4,20->24,40->44,MELB - Middle,Greater Melbourne,Weekday,12,12
Y24H6130123,3,"Unit, Flat or Apartment",Being Rented,1,1,April,Tuesday,Greater Dandenong (C),0->4,25->29,35->39,MELB - Middle,Greater Melbourne,Weekday,9,9
Y24H6130125,1,"Unit, Flat or Apartment",Being Rented,0,1,April,Thursday,Greater Dandenong (C),45->49,45->49,45->49,MELB - Middle,Greater Melbourne,Weekday,4,4
Y24H6130127,2,"Unit, Flat or Apartment",Being Rented,0,1,April,Saturday,Greater Dandenong (C),20->24,40->44,60->64,MELB - Middle,Greater Melbourne,Weekend,4,4
Y24H6130129,1,"Unit, Flat or Apartment",Being Purchased,0,1,April,Monday,Greater Dandenong (C),25->29,25->29,25->29,MELB - Middle,Greater Melbourne,Weekday,12,12
Y24H6130136,1,"Unit, Flat or Apartment",Being Rented,0,1,April,Monday,Greater Dandenong (C),55->59,55->59,55->59,MELB - Middle,Greater Melbourne,Weekday,12,12
Y24H6130138,1,"Unit, Flat or Apartment",Being Rented,0,1,April,Wednesday,Greater Dandenong (C),30->34,30->34,30->34,MELB - Middle,Greater Melbourne,Weekday,13,13
Y24H6130140,1,"Unit, Flat or Apartment",Being Purchased,0,1,April,Friday,Greater Dandenong (C),75->79,75->79,75->79,MELB - Middle,Greater Melbourne,Weekday,3,3
Y24H6130202,2,Separate House,Being Purchased,0,2,April,Tuesday,Knox (C),50->54,50->54,50->54,MELB - Outer,Greater Melbourne,Weekday,7,7
Y24H6130204,5,Separate House,Being Purchased,4,2,April,Thursday,Knox (C),0->4,15->19,35->39,MELB - Outer,Greater Melbourne,Weekday,9,9
Y24H6130208,3,Separate House,Being Purchased,1,2,April,Monday,Knox (C),10->14,40->44,55->59,MELB - Outer,Greater Melbourne,Weekday,10,10
Y24H6130209,5,Separate House,Being Purchased,3,2,April,Tuesday,Knox (C),5->9,25->29,45->49,MELB - Outer,Greater Melbourne,Weekday,15,15
Y24H6130211,4,Separate House,Fully Owned,2,3,April,Thursday,Knox (C),0->4,20->24,35->39,MELB - Outer,Greater Melbourne,Weekday,17,17
Y24H6130212,2,Separate House,Fully Owned,0,2,April,Friday,Knox (C),65->69,70->74,70->74,MELB - Outer,Greater Melbourne,Weekday,8,8
Y24H6130213,3,Separate House,Fully Owned,4,2,April,Saturday,Knox (C),5->9,35->39,45->49,MELB - Outer,Greater Melbourne,Weekend,18,18
Y24H6130218,2,Separate House,Fully Owned,Missing/Refused,2,April,Thursday,Knox (C),70->74,70->74,70->74,MELB - Outer,Greater Melbourne,Weekday,8,8
Y24H6130220,2,Separate House,Fully Owned,1,2,April,Saturday,Knox (C),70->74,70->74,70->74,MELB - Outer,Greater Melbourne,Weekend,11,11
Y24H6130222,3,Separate House,Fully Owned,0,2,April,Monday,Knox (C),15->19,45->49,65->69,MELB - Outer,Greater Melbourne,Weekday,9,9
Y24H6130225,2,Separate House,Fully Owned,0,2,April,Thursday,Knox (C),60->64,65->69,65->69,MELB - Outer,Greater Melbourne,Weekday,8,8
Y24H6130226,4,Separate House,Being Purchased,5,2,April,Friday,Knox (C),15->19,30->34,50->54,MELB - Outer,Greater Melbourne,Weekday,12,12
Y24H6130227,2,Separate House,Fully Owned,0,0,April,Saturday,Knox (C),90->94,90->94,90->94,MELB - Outer,Greater Melbourne,Weekend,6,6
Y24H6130229,4,Separate House,Being Purchased,Missing/Refused,2,April,Monday,Knox (C),15->19,25->29,50->54,MELB - Outer,Greater Melbourne,Weekday,11,11
Y24H6130231,5,Separate House,Being Rented,0,3,April,Wednesday,Knox (C),15->19,35->39,70->74,MELB - Outer,Greater Melbourne,Weekday,15,15
Y24H6130232,5,Separate House,Fully Owned,3,3,April,Thursday,Knox (C),5->9,35->39,70->74,MELB - Outer,Greater Melbourne,Weekday,15,15
Y24H6130233,2,Separate House,Being Purchased,0,1,April,Friday,Knox (C),55->59,60->64,60->64,MELB - Outer,Greater Melbourne,Weekday,14,14
Y24H6130234,4,Separate House,Being Purchased,2,1,April,Saturday,Knox (C),5->9,20->24,35->39,MELB - Outer,Greater Melbourne,Weekend,18,18
Y24H6130236,4,Separate House,Being Purchased,3,1,April,Monday,Knox (C),5->9,30->34,50->54,MELB - Outer,Greater Melbourne,Weekday,16,16
Y24H6130237,3,Separate House,Fully Owned,Missing/Refused,3,April,Tuesday,Knox (C),30->34,50->54,65->69,MELB - Outer,Greater Melbourne,Weekday,13,13
Y24H6130238,4,Separate House,Fully Owned,2,2,April,Wednesday,Knox (C),0->4,25->29,45->49,MELB - Outer,Greater Melbourne,Weekday,11,11
Y24H6130240,2,Separate House,Being Purchased,0,1,April,Friday,Knox (C),15->19,35->39,55->59,MELB - Outer,Greater Melbourne,Weekday,13,13
Y24H6130241,1,Separate House,Fully Owned,0,1,April,Saturday,Knox (C),75->79,75->79,75->79,MELB - Outer,Greater Melbourne,Weekend,12,12
Y24H6130303,3,Separate House,Being Purchased,1,1,April,Wednesday,Yarra (C),0->4,25->29,40->44,MELB - Inner,Greater Melbourne,Weekday,18,18
Y24H6130305,2,"Unit, Flat or Apartment",Being Rented,2,1,April,Friday,Yarra (C),30->34,30->34,30->34,MELB - Inner,Greater Melbourne,Weekday,15,15
Y24H6130307,1,Terrace or Townhouse,Fully Owned,0,0,April,Sunday,Yarra (C),85->89,85->89,85->89,MELB - Inner,Greater Melbourne,Weekend,4,4
Y24H6130310,2,"Unit, Flat or Apartment",Being Rented,2,2,April,Wednesday,Yarra (C),30->34,30->34,30->34,MELB - Inner,Greater Melbourne,Weekday,15,15
Y24H6130311,1,"Unit, Flat or Apartment",Being Rented,0,1,April,Thursday,Yarra (C),40->44,40->44,40->44,MELB - Inner,Greater Melbourne,Weekday,12,12
Y24H6130313,2,"Unit, Flat or Apartment",Being Purchased,2,1,April,Saturday,Yarra (C),5->9,20->24,40->44,MELB - Inner,Greater Melbourne,Weekend,14,14
Y24H6130319,2,"Unit, Flat or Apartment",Fully Owned,Missing/Refused,1,April,Friday,Yarra (C),70->74,70->74,75->79,MELB - Inner,Greater Melbourne,Weekday,5,5
Y24H6130320,3,"Unit, Flat or Apartment",Being Rented,0,3,April,Saturday,Yarra (C),25->29,25->29,25->29,MELB - Inner,Greater Melbourne,Weekend,15,15
Y24H6130321,4,Separate House,Fully Owned,2,1,April,Sunday,Yarra (C),5->9,35->39,45->49,MELB - Inner,Greater Melbourne,Weekend,12,12
Y24H6130322,1,"Unit, Flat or Apartment",Being Rented,1,1,April,Monday,Yarra (C),50->54,50->54,50->54,MELB - Inner,Greater Melbourne,Weekday,4,4
Y24H6130327,1,"Unit, Flat or Apartment",Being Rented,0,1,April,Saturday,Yarra (C),25->29,25->29,25->29,MELB - Inner,Greater Melbourne,Weekend,12,12
Y24H6130331,1,"Unit, Flat or Apartment",Being Rented,0,1,April,Wednesday,Yarra (C),20->24,20->24,20->24,MELB - Inner,Greater Melbourne,Weekday,8,8
Y24H6130333,2,"Unit, Flat or Apartment",Being Purchased,0,1,April,Friday,Yarra (C),25->29,30->34,30->34,MELB - Inner,Greater Melbourne,Weekday,9,9
Y24H6130335,4,Separate House,Being Purchased,4,2,April,Sunday,Yarra (C),15->19,35->39,55->59,MELB - Inner,Greater Melbourne,Weekend,12,12
Y24H6130337,1,"Unit, Flat or Apartment",Fully Owned,0,0,April,Tuesday,Yarra (C),75->79,75->79,75->79,MELB - Inner,Greater Melbourne,Weekday,4,4
Y24H6130401,3,Terrace or Townhouse,Being Rented,1,2,April,Monday,Whittlesea (C),0->4,15->19,25->29,MELB - Outer,Greater Melbourne,Weekday,11,11
Y24H6130402,1,Separate House,Being Purchased,2,1,April,Tuesday,Whittlesea (C),60->64,60->64,60->64,MELB - Outer,Greater Melbourne,Weekday,12,12
Y24H6130408,5,Separate House,Being Rented,0,3,April,Monday,Whittlesea (C),15->19,25->29,40->44,MELB - Outer,Greater Melbourne,Weekday,16,16
Y24H6130415,3,Separate House,Fully Owned,0,2,April,Monday,Whittlesea (C),25->29,50->54,65->69,MELB - Outer,Greater Melbourne,Weekday,15,15
Y24H6130421,2,Separate House,Fully Owned,1,2,April,Sunday,Whittlesea (C),75->79,75->79,75->79,MELB - Outer,Greater Melbourne,Weekend,10,10
Y24H6130429,5,Separate House,Being Purchased,Missing/Refused,2,April,Monday,Whittlesea (C),10->14,25->29,45->49,MELB - Outer,Greater Melbourne,Weekday,18,18
Y24H6130432,2,Separate House,Fully Owned,0,2,April,Thursday,Whittlesea (C),75->79,75->79,80->84,MELB - Outer,Greater Melbourne,Weekday,6,6
Y24H6130436,4,Separate House,Being Rented,2,4,April,Monday,Whittlesea (C),15->19,25->29,40->44,MELB - Outer,Greater Melbourne,Weekday,13,13
Y24H6130438,5,Separate House,Being Purchased,3,1,April,Wednesday,Whittlesea (C),10->14,25->29,40->44,MELB - Outer,Greater Melbourne,Weekday,13,13
Y24H6136205,3,Separate House,Fully Owned,3,2,April,Friday,Greater Shepparton (C),0->4,20->24,35->39,Other,Shepparton SA4,Weekday,3,3
Y24H6136209,2,Separate House,Fully Owned,2,3,April,Tuesday,Greater Shepparton (C),65->69,70->74,70->74,Other,Shepparton SA4,Weekday,6,6
Y24H6136210,5,Separate House,Fully Owned,5,2,April,Wednesday,Greater Shepparton (C),5->9,20->24,35->39,Other,Shepparton SA4,Weekday,15,15
Y24H6136221,2,Separate House,Fully Owned,0,4,April,Sunday,Greater Shepparton (C),60->64,65->69,65->69,Other,Shepparton SA4,Weekend,3,3
Y24H6136225,4,Separate House,Being Purchased,Missing/Refused,4,April,Thursday,Greater Shepparton (C),15->19,35->39,55->59,Other,Shepparton SA4,Weekday,13,13
Y24H6136226,4,Separate House,Being Purchased,4,2,April,Friday,Greater Shepparton (C),5->9,25->29,45->49,Other,Shepparton SA4,Weekday,14,14
Y24H6136228,3,Separate House,Occupied Rent-Free,2,2,April,Sunday,Greater Shepparton (C),40->44,55->59,65->69,Other,Shepparton SA4,Weekend,15,15
Y24H6136231,3,Separate House,Being Purchased,0,3,April,Wednesday,Greater Shepparton (C),15->19,35->39,50->54,Other,Shepparton SA4,Weekday,15,15
Y24H6136232,5,Separate House,Being Purchased,7,2,April,Thursday,Greater Shepparton (C),5->9,20->24,40->44,Other,Shepparton SA4,Weekday,15,15
Y24H6136234,2,Separate House,Being Rented,0,2,April,Saturday,Greater Shepparton (C),60->64,65->69,70->74,Other,Shepparton SA4,Weekend,11,11
Y24H6136235,2,Separate House,Being Purchased,0,2,April,Sunday,Greater Shepparton (C),50->54,50->54,55->59,Other,Shepparton SA4,Weekend,13,13
Y24H6136236,6,Separate House,Being Purchased,6,2,April,Monday,Greater Shepparton (C),0->4,20->24,55->59,Other,Shepparton SA4,Weekday,12,12
Y24H6136237,4,Separate House,Being Purchased,0,4,April,Tuesday,Greater Shepparton (C),20->24,35->39,50->54,Other,Shepparton SA4,Weekday,15,15
Y24H6136242,4,Separate House,Being Purchased,7,2,April,Sunday,Greater Shepparton (C),5->9,25->29,50->54,Other,Shepparton SA4,Weekend,13,13
Y24H6140202,4,Terrace or Townhouse,Being Rented,2,1,April,Tuesday,Boroondara (C),10->14,30->34,50->54,MELB - Inner,Greater Melbourne,Weekday,18,18
Y24H6140203,2,Separate House,Fully Owned,0,1,May,Wednesday,Boroondara (C),65->69,65->69,70->74,MELB - Inner,Greater Melbourne,Weekday,4,4
Y24H6140204,6,Separate House,Fully Owned,1,6,May,Thursday,Boroondara (C),30->34,40->44,65->69,MELB - Inner,Greater Melbourne,Weekday,19,19
Y24H6140205,4,Terrace or Townhouse,Being Rented,4,2,May,Friday,Boroondara (C),10->14,30->34,45->49,MELB - Inner,Greater Melbourne,Weekday,13,13
Y24H6140206,3,"Unit, Flat or Apartment",Being Purchased,0,3,May,Saturday,Boroondara (C),25->29,45->49,55->59,MELB - Inner,Greater Melbourne,Weekend,15,15
Y24H6140207,4,Separate House,Fully Owned,0,1,May,Sunday,Boroondara (C),10->14,30->34,45->49,MELB - Inner,Greater Melbourne,Weekend,15,15
Y24H6140208,1,Separate House,Being Purchased,0,1,April,Monday,Boroondara (C),70->74,70->74,70->74,MELB - Inner,Greater Melbourne,Weekday,5,5
Y24H6140209,2,Separate House,Being Purchased,0,1,April,Tuesday,Boroondara (C),25->29,30->34,30->34,MELB - Inner,Greater Melbourne,Weekday,17,17
Y24H6140210,2,Separate House,Fully Owned,1,2,May,Wednesday,Boroondara (C),55->59,60->64,60->64,MELB - Inner,Greater Melbourne,Weekday,12,12
Y24H6140213,4,Separate House,Being Purchased,4,3,May,Saturday,Boroondara (C),15->19,35->39,50->54,MELB - Inner,Greater Melbourne,Weekend,17,17
Y24H6140215,4,Separate House,Fully Owned,8,3,April,Monday,Boroondara (C),20->24,45->49,65->69,MELB - Inner,Greater Melbourne,Weekday,12,12
Y24H6140217,2,"Unit, Flat or Apartment",Fully Owned,0,2,May,Wednesday,Boroondara (C),60->64,60->64,60->64,MELB - Inner,Greater Melbourne,Weekday,17,17
Y24H6140219,4,Terrace or Townhouse,Fully Owned,4,2,May,Friday,Boroondara (C),10->14,25->29,40->44,MELB - Inner,Greater Melbourne,Weekday,13,13
Y24H6140222,1,Separate House,Fully Owned,0,1,April,Monday,Stonnington (C),65->69,65->69,65->69,MELB - Inner,Greater Melbourne,Weekday,3,3
Y24H6140225,1,Separate House,Fully Owned,1,1,May,Thursday,Stonnington (C),65->69,65->69,65->69,MELB - Inner,Greater Melbourne,Weekday,7,7
Y24H6140229,2,Separate House,Being Rented,0,2,April,Monday,Stonnington (C),30->34,30->34,30->34,MELB - Inner,Greater Melbourne,Weekday,7,7
Y24H6140230,4,Separate House,Being Rented,3,3,April,Tuesday,Stonnington (C),30->34,35->39,35->39,MELB - Inner,Greater Melbourne,Weekday,14,14
Y24H6140231,1,"Unit, Flat or Apartment",Fully Owned,0,1,May,Wednesday,Stonnington (C),70->74,70->74,70->74,MELB - Inner,Greater Melbourne,Weekday,1,1
Y24H6140232,2,Separate House,Fully Owned,2,3,May,Thursday,Stonnington (C),60->64,65->69,70->74,MELB - Inner,Greater Melbourne,Weekday,14,14
Y24H6140237,4,Separate House,Being Rented,1,3,April,Tuesday,Stonnington (C),0->4,20->24,35->39,MELB - Inner,Greater Melbourne,Weekday,12,12
Y24H6140238,2,Separate House,Fully Owned,Missing/Refused,2,May,Wednesday,Stonnington (C),60->64,65->69,65->69,MELB - Inner,Greater Melbourne,Weekday,12,12
Y24H6140239,3,Separate House,Fully Owned,4,3,May,Thursday,Stonnington (C),15->19,25->29,50->54,MELB - Inner,Greater Melbourne,Weekday,15,15
Y24H6140242,5,Separate House,Fully Owned,6,3,May,Sunday,Stonnington (C),15->19,35->39,55->59,MELB - Inner,Greater Melbourne,Weekend,16,16
Y24H6140301,2,"Unit, Flat or Apartment",Being Rented,2,1,April,Monday,Port Phillip (C),25->29,25->29,25->29,MELB - Inner,Greater Melbourne,Weekday,5,5
Y24H6140302,6,Separate House,Being Purchased,5,2,April,Tuesday,Port Phillip (C),5->9,20->24,45->49,MELB - Inner,Greater Melbourne,Weekday,18,18
Y24H6140303,4,Terrace or Townhouse,Being Purchased,1,1,May,Wednesday,Port Phillip (C),15->19,30->34,45->49,MELB - Inner,Greater Melbourne,Weekday,17,17
Y24H6140308,3,Separate House,Being Purchased,0,1,April,Monday,Port Phillip (C),0->4,25->29,35->39,MELB - Inner,Greater Melbourne,Weekday,12,12
Y24H6140310,3,Separate House,Being Purchased,2,1,May,Wednesday,Port Phillip (C),10->14,30->34,55->59,MELB - Inner,Greater Melbourne,Weekday,8,8
Y24H6140313,2,Terrace or Townhouse,Fully Owned,1,1,May,Saturday,Port Phillip (C),40->44,50->54,55->59,MELB - Inner,Greater Melbourne,Weekend,12,12
Y24H6140315,1,Terrace or Townhouse,Fully Owned,1,1,April,Monday,Port Phillip (C),80->84,80->84,80->84,MELB - Inner,Greater Melbourne,Weekday,4,4
Y24H6140318,2,Terrace or Townhouse,Being Purchased,1,1,May,Thursday,Port Phillip (C),60->64,60->64,65->69,MELB - Inner,Greater Melbourne,Weekday,12,12
Y24H6140321,2,Separate House,Being Purchased,0,1,May,Sunday,Port Phillip (C),50->54,50->54,50->54,MELB - Inner,Greater Melbourne,Weekend,18,18
Y24H6140324,2,Separate House,Fully Owned,6,2,May,Wednesday,Port Phillip (C),70->74,70->74,75->79,MELB - Inner,Greater Melbourne,Weekday,8,8
Y24H6140325,3,Terrace or Townhouse,Fully Owned,Missing/Refused,2,May,Thursday,Port Phillip (C),0->4,25->29,40->44,MELB - Inner,Greater Melbourne,Weekday,18,18
Y24H6140329,4,Separate House,Fully Owned,4,2,April,Monday,Port Phillip (C),5->9,25->29,40->44,MELB - Inner,Greater Melbourne,Weekday,18,18
Y24H6140330,3,Separate House,Being Purchased,3,2,April,Tuesday,Port Phillip (C),5->9,30->34,45->49,MELB - Inner,Greater Melbourne,Weekday,18,18
Y24H6140331,1,Separate House,Fully Owned,1,1,May,Wednesday,Port Phillip (C),75->79,75->79,75->79,MELB - Inner,Greater Melbourne,Weekday,13,13
Y24H6140333,3,Terrace or Townhouse,Fully Owned,2,3,May,Friday,Port Phillip (C),25->29,50->54,65->69,MELB - Inner,Greater Melbourne,Weekday,16,16
Y24H6140335,1,Separate House,Fully Owned,Missing/Refused,1,May,Sunday,Port Phillip (C),75->79,75->79,75->79,MELB - Inner,Greater Melbourne,Weekend,4,4
Y24H6140339,2,Separate House,Fully Owned,0,2,May,Thursday,Port Phillip (C),75->79,75->79,75->79,MELB - Inner,Greater Melbourne,Weekday,14,14
Y24H6140342,2,Terrace or Townhouse,Being Purchased,2,2,May,Sunday,Port Phillip (C),55->59,55->59,60->64,MELB - Inner,Greater Melbourne,Weekend,16,16
Y24H6140401,1,Terrace or Townhouse,Fully Owned,1,1,April,Monday,Merri-bek (C),65->69,65->69,65->69,MELB - Inner,Greater Melbourne,Weekday,7,7
Y24H6140405,4,Separate House,Being Purchased,6,1,May,Friday,Merri-bek (C),0->4,20->24,40->44,MELB - Inner,Greater Melbourne,Weekday,14,14
Y24H6140407,2,Separate House,Fully Owned,0,1,May,Sunday,Merri-bek (C),60->64,65->69,65->69,MELB - Inner,Greater Melbourne,Weekend,14,14
Y24H6140413,3,"Unit, Flat or Apartment",Being Rented,1,1,May,Saturday,Merri-bek (C),15->19,30->34,40->44,MELB - Inner,Greater Melbourne,Weekend,11,11
Y24H6140414,2,Separate House,Being Purchased,Missing/Refused,2,May,Sunday,Merri-bek (C),50->54,50->54,50->54,MELB - Inner,Greater Melbourne,Weekend,18,18
Y24H6140415,3,Separate House,Being Rented,2,0,April,Monday,Merri-bek (C),10->14,35->39,45->49,MELB - Inner,Greater Melbourne,Weekday,12,12
Y24H6140418,2,Separate House,Fully Owned,0,2,May,Thursday,Merri-bek (C),50->54,55->59,60->64,MELB - Inner,Greater Melbourne,Weekday,7,7
Y24H6140419,3,"Unit, Flat or Apartment",Being Rented,1,2,May,Friday,Merri-bek (C),25->29,25->29,35->39,MELB - Inner,Greater Melbourne,Weekday,15,15
Y24H6140420,2,Separate House,Fully Owned,0,2,May,Saturday,Merri-bek (C),60->64,65->69,70->74,MELB - Inner,Greater Melbourne,Weekend,13,13
Y24H6140421,4,Separate House,Being Purchased,4,2,May,Sunday,Merri-bek (C),5->9,30->34,55->59,MELB - Inner,Greater Melbourne,Weekend,13,13
Y24H6140424,1,"Unit, Flat or Apartment",Being Purchased,2,1,May,Wednesday,Merri-bek (C),45->49,45->49,45->49,MELB - Inner,Greater Melbourne,Weekday,10,10
Y24H6140435,2,"Unit, Flat or Apartment",Being Purchased,2,1,May,Sunday,Merri-bek (C),45->49,50->54,50->54,MELB - Inner,Greater Melbourne,Weekend,9,9
Y24H6140438,1,"Unit, Flat or Apartment",Being Rented,0,0,May,Wednesday,Merri-bek (C),45->49,45->49,45->49,MELB - Inner,Greater Melbourne,Weekday,5,5
Y24H6140440,2,"Unit, Flat or Apartment",Being Purchased,1,1,May,Friday,Merri-bek (C),10->14,30->34,50->54,MELB - Inner,Greater Melbourne,Weekday,10,10
Y24H6140504,1,Separate House,Fully Owned,1,1,May,Thursday,Hobsons Bay (C),70->74,70->74,70->74,MELB - Outer,Greater Melbourne,Weekday,6,6
Y24H6140507,2,Terrace or Townhouse,Being Purchased,0,1,May,Sunday,Hobsons Bay (C),35->39,35->39,35->39,MELB - Outer,Greater Melbourne,Weekend,13,13
Y24H6140509,1,"Unit, Flat or Apartment",Being Rented,4,3,April,Tuesday,Hobsons Bay (C),35->39,35->39,35->39,MELB - Outer,Greater Melbourne,Weekday,10,10
Y24H6140510,1,"Unit, Flat or Apartment",Being Rented,1,0,May,Wednesday,Hobsons Bay (C),55->59,55->59,55->59,MELB - Outer,Greater Melbourne,Weekday,6,6
Y24H6140516,2,"Unit, Flat or Apartment",Being Purchased,2,2,April,Tuesday,Hobsons Bay (C),45->49,50->54,50->54,MELB - Outer,Greater Melbourne,Weekday,11,11
Y24H6140517,2,Terrace or Townhouse,Being Purchased,Missing/Refused,2,May,Wednesday,Hobsons Bay (C),35->39,40->44,40->44,MELB - Outer,Greater Melbourne,Weekday,12,12
Y24H6140522,3,Separate House,Being Rented,0,1,April,Monday,Hobsons Bay (C),20->24,25->29,30->34,MELB - Outer,Greater Melbourne,Weekday,10,10
Y24H6140525,1,Separate House,Being Rented,0,1,May,Thursday,Hobsons Bay (C),45->49,45->49,45->49,MELB - Outer,Greater Melbourne,Weekday,10,10
Y24H6140529,1,Separate House,Being Purchased,1,0,April,Monday,Hobsons Bay (C),35->39,35->39,35->39,MELB - Outer,Greater Melbourne,Weekday,12,12
Y24H6140531,4,Separate House,Being Rented,0,2,May,Wednesday,Hobsons Bay (C),20->24,25->29,30->34,MELB - Outer,Greater Melbourne,Weekday,11,11
Y24H6140536,2,Separate House,Being Rented,0,2,April,Monday,Hobsons Bay (C),30->34,30->34,30->34,MELB - Outer,Greater Melbourne,Weekday,13,13
Y24H6140540,2,Separate House,Fully Owned,0,1,May,Friday,Hobsons Bay (C),40->44,40->44,40->44,MELB - Outer,Greater Melbourne,Weekday,11,11
Y24H6146101,3,Separate House,Being Rented,0,2,April,Monday,Greater Shepparton (C),10->14,35->39,50->54,Other,Shepparton SA4,Weekday,11,11
Y24H6146104,2,Separate House,Fully Owned,2,2,May,Thursday,Greater Shepparton (C),65->69,70->74,75->79,Other,Shepparton SA4,Weekday,8,8
Y24H6146108,3,Separate House,Fully Owned,1,4,April,Monday,Greater Shepparton (C),25->29,45->49,60->64,Other,Shepparton SA4,Weekday,7,7
Y24H6146109,1,Separate House,Fully Owned,0,1,April,Tuesday,Greater Shepparton (C),60->64,60->64,60->64,Other,Shepparton SA4,Weekday,8,8
Y24H6146112,1,Separate House,Being Purchased,Missing/Refused,1,May,Friday,Greater Shepparton (C),60->64,60->64,60->64,Other,Shepparton SA4,Weekday,8,8
Y24H6146113,2,Separate House,Fully Owned,5,2,May,Saturday,Greater Shepparton (C),65->69,65->69,65->69,Other,Shepparton SA4,Weekend,9,9
Y24H6146115,2,Separate House,Fully Owned,0,2,April,Monday,Greater Shepparton (C),70->74,70->74,70->74,Other,Shepparton SA4,Weekday,12,12
Y24H6146116,2,Separate House,Fully Owned,0,2,April,Tuesday,Greater Shepparton (C),55->59,60->64,60->64,Other,Shepparton SA4,Weekday,17,17
Y24H6146120,2,Separate House,Fully Owned,0,2,May,Saturday,Greater Shepparton (C),65->69,70->74,70->74,Other,Shepparton SA4,Weekend,9,9
Y24H6146122,4,Separate House,Fully Owned,5,4,April,Monday,Greater Shepparton (C),15->19,40->44,85->89,Other,Shepparton SA4,Weekday,4,4
Y24H6146124,5,Separate House,Being Purchased,8,1,May,Wednesday,Greater Shepparton (C),5->9,20->24,45->49,Other,Shepparton SA4,Weekday,14,14
Y24H6146125,1,Separate House,Fully Owned,Missing/Refused,1,May,Thursday,Greater Shepparton (C),75->79,75->79,75->79,Other,Shepparton SA4,Weekday,4,4
Y24H6146126,3,Separate House,Fully Owned,0,3,May,Friday,Greater Shepparton (C),45->49,65->69,75->79,Other,Shepparton SA4,Weekday,9,9
Y24H6146130,1,"Unit, Flat or Apartment",Being Rented,0,1,April,Tuesday,Greater Shepparton (C),85->89,85->89,85->89,Other,Shepparton SA4,Weekday,1,1
Y24H6146131,2,Separate House,Fully Owned,0,4,May,Wednesday,Greater Shepparton (C),55->59,70->74,85->89,Other,Shepparton SA4,Weekday,12,12
Y24H6146132,2,Separate House,Fully Owned,Missing/Refused,2,May,Thursday,Greater Shepparton (C),60->64,60->64,65->69,Other,Shepparton SA4,Weekday,12,12
Y24H6146133,1,Separate House,Fully Owned,1,1,May,Friday,Greater Shepparton (C),75->79,75->79,75->79,Other,Shepparton SA4,Weekday,5,5
Y24H6146134,1,Separate House,Fully Owned,0,1,May,Saturday,Greater Shepparton (C),75->79,75->79,75->79,Other,Shepparton SA4,Weekend,0,0
Y24H6146135,1,"Unit, Flat or Apartment",Being Rented,0,1,May,Sunday,Greater Shepparton (C),75->79,75->79,75->79,Other,Shepparton SA4,Weekend,4,4
Y24H6146137,3,Separate House,Being Rented,0,2,April,Tuesday,Greater Shepparton (C),15->19,35->39,50->54,Other,Shepparton SA4,Weekday,12,12
Y24H6146139,2,"Unit, Flat or Apartment",Being Rented,0,0,May,Thursday,Greater Shepparton (C),60->64,65->69,70->74,Other,Shepparton SA4,Weekday,9,9
Y24H6146140,4,Separate House,Being Rented,0,1,May,Friday,Greater Shepparton (C),10->14,30->34,50->54,Other,Shepparton SA4,Weekday,10,10
Y24H6146141,1,Separate House,Fully Owned,0,1,May,Saturday,Greater Shepparton (C),80->84,80->84,80->84,Other,Shepparton SA4,Weekend,4,4
Y24H6146201,2,Separate House,Fully Owned,0,2,April,Monday,Greater Shepparton (C),70->74,70->74,70->74,Other,Shepparton SA4,Weekday,8,8
Y24H6146203,2,Separate House,Being Purchased,5,2,May,Wednesday,Greater Shepparton (C),35->39,35->39,35->39,Other,Shepparton SA4,Weekday,15,15
Y24H6146204,5,Separate House,Being Purchased,5,2,May,Thursday,Greater Shepparton (C),5->9,20->24,40->44,Other,Shepparton SA4,Weekday,15,15
Y24H6146206,3,Separate House,Being Purchased,0,2,May,Saturday,Greater Shepparton (C),15->19,25->29,50->54,Other,Shepparton SA4,Weekend,6,6
Y24H6146207,2,Separate House,Fully Owned,1,2,May,Sunday,Greater Shepparton (C),60->64,60->64,65->69,Other,Shepparton SA4,Weekend,7,7
Y24H6146209,3,Separate House,Fully Owned,Missing/Refused,3,April,Tuesday,Greater Shepparton (C),20->24,40->44,50->54,Other,Shepparton SA4,Weekday,17,17
Y24H6146210,3,Separate House,Fully Owned,3,2,May,Wednesday,Greater Shepparton (C),20->24,45->49,65->69,Other,Shepparton SA4,Weekday,7,7
Y24H6146211,1,Separate House,Fully Owned,Missing/Refused,1,May,Thursday,Greater Shepparton (C),55->59,55->59,55->59,Other,Shepparton SA4,Weekday,2,2
Y24H6146212,1,Separate House,Fully Owned,0,1,May,Friday,Greater Shepparton (C),75->79,75->79,75->79,Other,Shepparton SA4,Weekday,7,7
Y24H6146213,2,Separate House,Being Purchased,1,2,May,Saturday,Greater Shepparton (C),25->29,30->34,35->39,Other,Shepparton SA4,Weekend,13,13
Y24H6146215,4,Separate House,Being Purchased,3,1,April,Monday,Greater Shepparton (C),0->4,15->19,30->34,Other,Shepparton SA4,Weekday,13,13
Y24H6146217,1,Separate House,Fully Owned,2,1,May,Wednesday,Greater Shepparton (C),75->79,75->79,75->79,Other,Shepparton SA4,Weekday,4,4
Y24H6146218,1,"Unit, Flat or Apartment",Being Rented,0,1,May,Thursday,Greater Shepparton (C),85->89,85->89,85->89,Other,Shepparton SA4,Weekday,3,3
Y24H6146220,2,"Unit, Flat or Apartment",Being Rented,Missing/Refused,2,May,Saturday,Greater Shepparton (C),20->24,20->24,20->24,Other,Shepparton SA4,Weekend,11,11
Y24H6146223,2,"Unit, Flat or Apartment",Being Rented,0,1,April,Tuesday,Greater Shepparton (C),20->24,35->39,50->54,Other,Shepparton SA4,Weekday,13,13
Y24H6146225,2,Separate House,Fully Owned,4,2,May,Thursday,Greater Shepparton (C),20->24,35->39,55->59,Other,Shepparton SA4,Weekday,16,16
Y24H6146229,2,"Unit, Flat or Apartment",Fully Owned,1,2,April,Monday,Greater Shepparton (C),30->34,55->59,80->84,Other,Shepparton SA4,Weekday,10,10
Y24H6146234,2,Terrace or Townhouse,Fully Owned,0,2,May,Saturday,Greater Shepparton (C),80->84,80->84,80->84,Other,Shepparton SA4,Weekend,4,4
Y24H6146235,1,Terrace or Townhouse,Fully Owned,0,1,May,Sunday,Greater Shepparton (C),65->69,65->69,65->69,Other,Shepparton SA4,Weekend,5,5
Y24H6150104,5,Separate House,Being Purchased,5,2,May,Thursday,Casey (C),0->4,15->19,30->34,MELB - Outer,Greater Melbourne,Weekday,12,12
Y24H6150108,2,Separate House,Fully Owned,2,2,May,Monday,Casey (C),10->14,30->34,45->49,MELB - Outer,Greater Melbourne,Weekday,8,8
Y24H6150115,2,Separate House,Being Purchased,0,2,May,Monday,Casey (C),50->54,50->54,50->54,MELB - Outer,Greater Melbourne,Weekday,11,11
Y24H6150119,4,Separate House,Being Rented,1,2,May,Friday,Casey (C),0->4,15->19,25->29,MELB - Outer,Greater Melbourne,Weekday,8,8
Y24H6150123,2,Separate House,Being Purchased,0,1,May,Tuesday,Casey (C),60->64,60->64,60->64,MELB - Outer,Greater Melbourne,Weekday,8,8
Y24H6150124,2,Separate House,Fully Owned,0,2,May,Wednesday,Casey (C),60->64,65->69,65->69,MELB - Outer,Greater Melbourne,Weekday,14,14
Y24H6150125,3,Separate House,Being Purchased,3,2,May,Thursday,Casey (C),10->14,35->39,45->49,MELB - Outer,Greater Melbourne,Weekday,14,14
Y24H6150129,1,"Unit, Flat or Apartment",Being Rented,0,1,May,Monday,Casey (C),25->29,25->29,25->29,MELB - Outer,Greater Melbourne,Weekday,8,8
Y24H6150130,1,Separate House,Fully Owned,0,1,May,Tuesday,Casey (C),80->84,80->84,80->84,MELB - Outer,Greater Melbourne,Weekday,6,6
Y24H6150132,2,Separate House,Being Purchased,1,3,May,Thursday,Casey (C),25->29,25->29,25->29,MELB - Outer,Greater Melbourne,Weekday,17,17
Y24H6150134,5,Separate House,Fully Owned,0,4,May,Saturday,Casey (C),0->4,35->39,60->64,MELB - Outer,Greater Melbourne,Weekend,13,13
Y24H6150139,2,Separate House,Fully Owned,Missing/Refused,2,May,Thursday,Casey (C),70->74,70->74,75->79,MELB - Outer,Greater Melbourne,Weekday,6,6
Y24H6150140,2,"Unit, Flat or Apartment",Being Purchased,1,2,May,Friday,Casey (C),25->29,25->29,30->34,MELB - Outer,Greater Melbourne,Weekday,11,11
Y24H6150141,3,Separate House,Fully Owned,0,3,May,Saturday,Casey (C),50->54,60->64,70->74,MELB - Outer,Greater Melbourne,Weekend,7,7
Y24H6150142,5,Separate House,Being Rented,Missing/Refused,1,May,Sunday,Casey (C),10->14,15->19,35->39,MELB - Outer,Greater Melbourne,Weekend,3,3
Y24H6150302,1,"Unit, Flat or Apartment",Being Rented,2,0,May,Tuesday,Moonee Valley (C),40->44,40->44,40->44,MELB - Inner,Greater Melbourne,Weekday,12,12
Y24H6150303,4,Separate House,Fully Owned,0,6,May,Wednesday,Moonee Valley (C),20->24,35->39,55->59,MELB - Inner,Greater Melbourne,Weekday,17,17
Y24H6150305,4,Separate House,Being Purchased,3,3,May,Friday,Moonee Valley (C),15->19,30->34,50->54,MELB - Inner,Greater Melbourne,Weekday,14,14
Y24H6150307,4,Separate House,Being Purchased,5,2,May,Sunday,Moonee Valley (C),5->9,20->24,40->44,MELB - Inner,Greater Melbourne,Weekend,18,18
Y24H6150308,2,Separate House,Fully Owned,1,2,May,Monday,Moonee Valley (C),65->69,65->69,65->69,MELB - Inner,Greater Melbourne,Weekday,9,9
Y24H6150316,2,Separate House,Being Purchased,0,2,May,Tuesday,Moonee Valley (C),70->74,70->74,70->74,MELB - Inner,Greater Melbourne,Weekday,17,17
Y24H6150322,3,"Unit, Flat or Apartment",Being Rented,0,1,May,Monday,Moonee Valley (C),0->4,20->24,30->34,MELB - Inner,Greater Melbourne,Weekday,14,14
Y24H6150328,5,Terrace or Townhouse,Being Purchased,6,2,May,Sunday,Moonee Valley (C),5->9,25->29,50->54,MELB - Inner,Greater Melbourne,Weekend,17,17
Y24H6150334,1,"Unit, Flat or Apartment",Being Purchased,0,1,May,Saturday,Moonee Valley (C),55->59,55->59,55->59,MELB - Inner,Greater Melbourne,Weekend,12,12
Y24H6150336,4,Terrace or Townhouse,Being Rented,Missing/Refused,1,May,Monday,Moonee Valley (C),20->24,25->29,30->34,MELB - Inner,Greater Melbourne,Weekday,17,17
Y24H6150340,1,"Unit, Flat or Apartment",Being Purchased,0,1,May,Friday,Moonee Valley (C),35->39,35->39,35->39,MELB - Inner,Greater Melbourne,Weekday,12,12
Y24H6150503,4,Separate House,Being Purchased,0,3,May,Wednesday,Wyndham (C),10->14,30->34,50->54,MELB - Outer,Greater Melbourne,Weekday,10,10
Y24H6150507,1,Separate House,Being Purchased,0,1,May,Sunday,Wyndham (C),60->64,60->64,60->64,MELB - Outer,Greater Melbourne,Weekend,5,5
Y24H6150509,1,Separate House,Fully Owned,Missing/Refused,1,May,Tuesday,Wyndham (C),55->59,55->59,55->59,MELB - Outer,Greater Melbourne,Weekday,1,1
Y24H6150511,2,Separate House,Being Rented,0,1,May,Thursday,Wyndham (C),30->34,30->34,30->34,MELB - Outer,Greater Melbourne,Weekday,8,8
Y24H6150514,3,Separate House,Fully Owned,Missing/Refused,0,May,Sunday,Wyndham (C),20->24,35->39,55->59,MELB - Outer,Greater Melbourne,Weekend,7,7
Y24H6150515,1,Separate House,Fully Owned,1,1,May,Monday,Wyndham (C),65->69,65->69,65->69,MELB - Outer,Greater Melbourne,Weekday,10,10
Y24H6150519,3,Separate House,Being Rented,4,3,May,Friday,Wyndham (C),15->19,40->44,55->59,MELB - Outer,Greater Melbourne,Weekday,5,5
Y24H6150522,2,Separate House,Fully Owned,0,2,May,Monday,Wyndham (C),60->64,60->64,65->69,MELB - Outer,Greater Melbourne,Weekday,9,9
Y24H6150523,1,Separate House,Fully Owned,0,3,May,Tuesday,Wyndham (C),70->74,70->74,70->74,MELB - Outer,Greater Melbourne,Weekday,7,7
Y24H6150524,3,Separate House,Fully Owned,1,2,May,Wednesday,Wyndham (C),25->29,40->44,60->64,MELB - Outer,Greater Melbourne,Weekday,8,8
Y24H6150525,1,Separate House,Being Purchased,Missing/Refused,1,May,Thursday,Wyndham (C),50->54,50->54,50->54,MELB - Outer,Greater Melbourne,Weekday,12,12
Y24H6150528,1,Separate House,Fully Owned,0,2,May,Sunday,Wyndham (C),40->44,40->44,40->44,MELB - Outer,Greater Melbourne,Weekend,12,12
Y24H6150530,1,Separate House,Being Purchased,Missing/Refused,1,May,Tuesday,Wyndham (C),25->29,25->29,25->29,MELB - Outer,Greater Melbourne,Weekday,8,8
Y24H6150539,4,Separate House,Being Purchased,1,1,May,Thursday,Wyndham (C),0->4,20->24,40->44,MELB - Outer,Greater Melbourne,Weekday,11,11
Y24H6156101,1,Terrace or Townhouse,Fully Owned,0,1,May,Monday,Campaspe (S),85->89,85->89,85->89,Other,Shepparton SA4,Weekday,4,4
Y24H6156106,1,"Unit, Flat or Apartment",Being Rented,Missing/Refused,0,May,Saturday,Campaspe (S),30->34,30->34,30->34,Other,Shepparton SA4,Weekend,12,12
Y24H6156107,1,"Unit, Flat or Apartment",Fully Owned,0,1,May,Sunday,Campaspe (S),85->89,85->89,85->89,Other,Shepparton SA4,Weekend,5,5
Y24H6156109,1,"Unit, Flat or Apartment",Being Rented,0,1,May,Tuesday,Campaspe (S),90->94,90->94,90->94,Other,Shepparton SA4,Weekday,6,6
Y24H6156115,1,"Unit, Flat or Apartment",Fully Owned,0,1,May,Monday,Campaspe (S),65->69,65->69,65->69,Other,Shepparton SA4,Weekday,3,3
Y24H6156119,1,Separate House,Fully Owned,0,1,May,Friday,Campaspe (S),85->89,85->89,85->89,Other,Shepparton SA4,Weekday,2,2
Y24H6156123,2,"Unit, Flat or Apartment",Being Purchased,0,1,May,Tuesday,Campaspe (S),25->29,25->29,25->29,Other,Shepparton SA4,Weekday,8,8
Y24H6156124,2,"Unit, Flat or Apartment",Being Rented,2,1,May,Wednesday,Campaspe (S),25->29,30->34,30->34,Other,Shepparton SA4,Weekday,5,5
Y24H6156127,2,"Unit, Flat or Apartment",Being Rented,1,1,May,Saturday,Campaspe (S),25->29,25->29,25->29,Other,Shepparton SA4,Weekend,15,15
Y24H6156131,1,"Unit, Flat or Apartment",Being Rented,0,1,May,Wednesday,Campaspe (S),65->69,65->69,65->69,Other,Shepparton SA4,Weekday,9,9
Y24H6156135,1,"Unit, Flat or Apartment",Fully Owned,Missing/Refused,1,May,Sunday,Campaspe (S),75->79,75->79,75->79,Other,Shepparton SA4,Weekend,4,4
Y24H6156136,6,Separate House,Being Rented,7,2,May,Monday,Campaspe (S),10->14,20->24,40->44,Other,Shepparton SA4,Weekday,4,4
Y24H6156201,2,Separate House,Being Rented,0,1,May,Monday,Greater Shepparton (C),10->14,30->34,45->49,Other,Shepparton SA4,Weekday,6,6
Y24H6156204,1,Separate House,Fully Owned,0,0,May,Thursday,Greater Shepparton (C),20->24,20->24,20->24,Other,Shepparton SA4,Weekday,5,5
Y24H6156205,1,Terrace or Townhouse,Being Purchased,1,1,May,Friday,Greater Shepparton (C),25->29,25->29,25->29,Other,Shepparton SA4,Weekday,8,8
Y24H6156210,4,Separate House,Being Rented,Missing/Refused,1,May,Wednesday,Greater Shepparton (C),5->9,20->24,35->39,Other,Shepparton SA4,Weekday,8,8
Y24H6156211,1,Separate House,Fully Owned,0,1,May,Thursday,Greater Shepparton (C),90->94,90->94,90->94,Other,Shepparton SA4,Weekday,9,9
Y24H6156215,1,Separate House,Fully Owned,1,0,May,Monday,Greater Shepparton (C),75->79,75->79,75->79,Other,Shepparton SA4,Weekday,5,5
Y24H6156223,3,Separate House,Fully Owned,1,2,May,Tuesday,Greater Shepparton (C),15->19,30->34,55->59,Other,Shepparton SA4,Weekday,11,11
Y24H6156224,2,Separate House,Fully Owned,4,2,May,Wednesday,Greater Shepparton (C),70->74,80->84,90->94,Other,Shepparton SA4,Weekday,10,10
Y24H6156228,2,Separate House,Fully Owned,0,2,May,Sunday,Greater Shepparton (C),75->79,75->79,75->79,Other,Shepparton SA4,Weekend,8,8
Y24H6156229,3,Separate House,Being Rented,Missing/Refused,1,May,Monday,Greater Shepparton (C),10->14,25->29,45->49,Other,Shepparton SA4,Weekday,6,6
Y24H6156231,4,Separate House,Being Rented,0,3,May,Wednesday,Greater Shepparton (C),10->14,35->39,60->64,Other,Shepparton SA4,Weekday,12,12
Y24H6156234,1,Separate House,Being Purchased,0,1,May,Saturday,Greater Shepparton (C),25->29,25->29,25->29,Other,Shepparton SA4,Weekend,10,10
Y24H6156236,2,Separate House,Being Purchased,Missing/Refused,2,May,Monday,Greater Shepparton (C),25->29,25->29,30->34,Other,Shepparton SA4,Weekday,14,14
Y24H6156237,2,Separate House,Being Purchased,Missing/Refused,2,May,Tuesday,Greater Shepparton (C),25->29,40->44,55->59,Other,Shepparton SA4,Weekday,13,13
Y24H6156242,3,Separate House,Being Rented,0,2,May,Sunday,Greater Shepparton (C),25->29,50->54,70->74,Other,Shepparton SA4,Weekend,11,11
Y24H6160107,2,Separate House,Being Purchased,1,2,May,Sunday,Mornington Peninsula (S),55->59,60->64,60->64,MELB - Outer,Greater Melbourne,Weekend,12,12
Y24H6160108,4,Separate House,Being Purchased,6,2,May,Monday,Mornington Peninsula (S),10->14,30->34,45->49,MELB - Outer,Greater Melbourne,Weekday,18,18
Y24H6160109,2,Separate House,Fully Owned,1,2,May,Tuesday,Mornington Peninsula (S),65->69,65->69,70->74,MELB - Outer,Greater Melbourne,Weekday,8,8
Y24H6160110,2,Separate House,Being Purchased,2,0,May,Wednesday,Mornington Peninsula (S),25->29,40->44,55->59,MELB - Outer,Greater Melbourne,Weekday,6,6
Y24H6160118,2,Separate House,Fully Owned,0,3,May,Thursday,Mornington Peninsula (S),70->74,70->74,70->74,MELB - Outer,Greater Melbourne,Weekday,4,4
Y24H6160122,1,Separate House,Fully Owned,0,0,May,Monday,Mornington Peninsula (S),70->74,70->74,70->74,MELB - Outer,Greater Melbourne,Weekday,7,7
Y24H6160123,2,Separate House,Fully Owned,4,1,May,Tuesday,Mornington Peninsula (S),65->69,65->69,70->74,MELB - Outer,Greater Melbourne,Weekday,12,12
Y24H6160132,1,Separate House,Fully Owned,0,1,May,Thursday,Mornington Peninsula (S),70->74,70->74,70->74,MELB - Outer,Greater Melbourne,Weekday,4,4
Y24H6160133,2,Separate House,Fully Owned,1,6,May,Friday,Mornington Peninsula (S),75->79,75->79,75->79,MELB - Outer,Greater Melbourne,Weekday,12,12
Y24H6160139,3,Separate House,Being Rented,2,2,May,Thursday,Mornington Peninsula (S),0->4,25->29,35->39,MELB - Outer,Greater Melbourne,Weekday,12,12
Y24H6160202,2,Separate House,Being Rented,0,1,May,Tuesday,Monash (C),40->44,45->49,45->49,MELB - Middle,Greater Melbourne,Weekday,12,12
Y24H6160208,5,"Unit, Flat or Apartment",Fully Owned,2,3,May,Monday,Monash (C),0->4,25->29,55->59,MELB - Middle,Greater Melbourne,Weekday,15,15
Y24H6160209,4,"Unit, Flat or Apartment",Being Purchased,3,2,May,Tuesday,Monash (C),10->14,30->34,50->54,MELB - Middle,Greater Melbourne,Weekday,12,12
Y24H6160211,3,Separate House,Being Purchased,Missing/Refused,2,May,Thursday,Monash (C),5->9,30->34,40->44,MELB - Middle,Greater Melbourne,Weekday,17,17
Y24H6160214,5,Separate House,Being Purchased,1,1,May,Sunday,Monash (C),0->4,25->29,65->69,MELB - Middle,Greater Melbourne,Weekend,18,18
Y24H6160215,4,Separate House,Fully Owned,2,2,May,Monday,Monash (C),15->19,40->44,60->64,MELB - Middle,Greater Melbourne,Weekday,15,15
Y24H6160216,2,Separate House,Being Purchased,0,2,May,Tuesday,Monash (C),55->59,65->69,75->79,MELB - Middle,Greater Melbourne,Weekday,14,14
Y24H6160217,3,"Unit, Flat or Apartment",Fully Owned,3,4,May,Wednesday,Monash (C),25->29,50->54,70->74,MELB - Middle,Greater Melbourne,Weekday,13,13
Y24H6160222,1,Separate House,Being Purchased,0,2,May,Monday,Monash (C),50->54,50->54,50->54,MELB - Middle,Greater Melbourne,Weekday,9,9
Y24H6160224,1,Separate House,Being Purchased,0,1,May,Wednesday,Monash (C),55->59,55->59,55->59,MELB - Middle,Greater Melbourne,Weekday,12,12
Y24H6160229,1,Separate House,Fully Owned,0,1,May,Monday,Monash (C),75->79,75->79,75->79,MELB - Middle,Greater Melbourne,Weekday,7,7
Y24H6160231,2,Separate House,Fully Owned,Missing/Refused,1,May,Wednesday,Monash (C),65->69,65->69,65->69,MELB - Middle,Greater Melbourne,Weekday,7,7
Y24H6160233,4,Terrace or Townhouse,Being Purchased,0,2,May,Friday,Monash (C),35->39,50->54,65->69,MELB - Middle,Greater Melbourne,Weekday,18,18
Y24H6160239,4,Separate House,Being Purchased,2,1,May,Thursday,Monash (C),0->4,20->24,45->49,MELB - Middle,Greater Melbourne,Weekday,18,18
Y24H6160240,1,Separate House,Fully Owned,0,0,May,Friday,Monash (C),85->89,85->89,85->89,MELB - Middle,Greater Melbourne,Weekday,1,1
Y24H6160304,2,Terrace or Townhouse,Being Purchased,3,1,May,Thursday,Melbourne (C),50->54,50->54,50->54,MELB - Inner,Greater Melbourne,Weekday,13,13
Y24H6160305,1,Separate House,Fully Owned,1,1,May,Friday,Melbourne (C),70->74,70->74,70->74,MELB - Inner,Greater Melbourne,Weekday,8,8
Y24H6160308,2,Separate House,Fully Owned,0,2,May,Monday,Melbourne (C),80->84,80->84,85->89,MELB - Inner,Greater Melbourne,Weekday,10,10
Y24H6160310,1,Terrace or Townhouse,Being Rented,1,0,May,Wednesday,Melbourne (C),60->64,60->64,60->64,MELB - Inner,Greater Melbourne,Weekday,12,12
Y24H6160311,1,Separate House,Fully Owned,0,1,May,Thursday,Melbourne (C),70->74,70->74,70->74,MELB - Inner,Greater Melbourne,Weekday,6,6
Y24H6160312,1,Separate House,Fully Owned,0,1,May,Friday,Melbourne (C),80->84,80->84,80->84,MELB - Inner,Greater Melbourne,Weekday,5,5
Y24H6160313,2,"Unit, Flat or Apartment",Fully Owned,0,1,May,Saturday,Melbourne (C),60->64,60->64,60->64,MELB - Inner,Greater Melbourne,Weekend,16,16
Y24H6160319,1,Terrace or Townhouse,Fully Owned,0,3,May,Friday,Melbourne (C),70->74,70->74,70->74,MELB - Inner,Greater Melbourne,Weekday,3,3
Y24H6160327,4,Separate House,Being Purchased,4,1,May,Saturday,Yarra (C),10->14,25->29,45->49,MELB - Inner,Greater Melbourne,Weekend,16,16
Y24H6160328,2,Separate House,Fully Owned,0,1,May,Sunday,Yarra (C),60->64,60->64,60->64,MELB - Inner,Greater Melbourne,Weekend,13,13
Y24H6160332,1,"Unit, Flat or Apartment",Fully Owned,0,1,May,Thursday,Yarra (C),40->44,40->44,40->44,MELB - Inner,Greater Melbourne,Weekday,4,4
Y24H6160333,1,Separate House,Fully Owned,0,0,May,Friday,Yarra (C),85->89,85->89,85->89,MELB - Inner,Greater Melbourne,Weekday,10,10
Y24H6160334,3,Terrace or Townhouse,Being Purchased,1,1,May,Saturday,Yarra (C),5->9,30->34,50->54,MELB - Inner,Greater Melbourne,Weekend,17,17
Y24H6160335,3,Terrace or Townhouse,Being Purchased,0,2,May,Sunday,Yarra (C),0->4,25->29,35->39,MELB - Inner,Greater Melbourne,Weekend,18,18
Y24H6160337,1,"Unit, Flat or Apartment",Fully Owned,0,1,May,Tuesday,Yarra (C),35->39,35->39,35->39,MELB - Inner,Greater Melbourne,Weekday,0,0
Y24H6160342,3,Terrace or Townhouse,Being Rented,0,3,May,Sunday,Yarra (C),25->29,25->29,30->34,MELB - Inner,Greater Melbourne,Weekend,15,15
Y24H6160401,1,"Unit, Flat or Apartment",Occupied Rent-Free,0,1,May,Monday,Banyule (C),60->64,60->64,60->64,MELB - Outer,Greater Melbourne,Weekday,6,6
Y24H6160402,2,Separate House,Fully Owned,Missing/Refused,2,May,Tuesday,Banyule (C),65->69,65->69,65->69,MELB - Outer,Greater Melbourne,Weekday,14,14
Y24H6160403,1,"Unit, Flat or Apartment",Fully Owned,0,1,May,Wednesday,Banyule (C),75->79,75->79,75->79,MELB - Outer,Greater Melbourne,Weekday,4,4
Y24H6160404,2,"Unit, Flat or Apartment",Fully Owned,0,2,May,Thursday,Banyule (C),60->64,65->69,70->74,MELB - Outer,Greater Melbourne,Weekday,6,6
Y24H6160416,3,"Unit, Flat or Apartment",Being Purchased,2,2,May,Tuesday,Banyule (C),0->4,20->24,30->34,MELB - Outer,Greater Melbourne,Weekday,13,13
Y24H6160417,2,"Unit, Flat or Apartment",Being Purchased,0,2,May,Wednesday,Banyule (C),20->24,35->39,50->54,MELB - Outer,Greater Melbourne,Weekday,7,7
Y24H6160421,1,"Unit, Flat or Apartment",Fully Owned,0,1,May,Sunday,Banyule (C),70->74,70->74,70->74,MELB - Outer,Greater Melbourne,Weekend,4,4
Y24H6160422,3,Separate House,Being Rented,2,1,May,Monday,Banyule (C),0->4,10->14,30->34,MELB - Outer,Greater Melbourne,Weekday,9,9
Y24H6160423,2,Separate House,Fully Owned,0,3,May,Tuesday,Banyule (C),85->89,85->89,85->89,MELB - Outer,Greater Melbourne,Weekday,7,7
Y24H6160427,3,Separate House,Being Purchased,3,2,May,Saturday,Banyule (C),0->4,30->34,45->49,MELB - Outer,Greater Melbourne,Weekend,17,17
Y24H6160428,1,"Unit, Flat or Apartment",Fully Owned,0,1,May,Sunday,Banyule (C),55->59,55->59,55->59,MELB - Outer,Greater Melbourne,Weekend,9,9
Y24H6160430,1,"Unit, Flat or Apartment",Fully Owned,0,1,May,Tuesday,Banyule (C),65->69,65->69,65->69,MELB - Outer,Greater Melbourne,Weekday,6,6
Y24H6160432,4,Separate House,Being Purchased,3,4,May,Thursday,Banyule (C),0->4,20->24,40->44,MELB - Outer,Greater Melbourne,Weekday,12,12
Y24H6160434,3,Separate House,Being Rented,0,1,May,Saturday,Banyule (C),5->9,15->19,40->44,MELB - Outer,Greater Melbourne,Weekend,9,9
Y24H6160436,5,Separate House,Being Purchased,3,2,May,Monday,Banyule (C),0->4,25->29,65->69,MELB - Outer,Greater Melbourne,Weekday,15,15
Y24H6160440,1,"Unit, Flat or Apartment",Being Rented,1,1,May,Friday,Banyule (C),75->79,75->79,75->79,MELB - Outer,Greater Melbourne,Weekday,5,5
Y24H6160442,2,Separate House,Fully Owned,4,3,May,Sunday,Banyule (C),65->69,65->69,65->69,MELB - Outer,Greater Melbourne,Weekend,6,6
Y24H6170101,1,Separate House,Being Rented,0,1,May,Monday,Casey (C),25->29,25->29,25->29,MELB - Outer,Greater Melbourne,Weekday,7,7
Y24H6170105,6,Separate House,Fully Owned,3,2,May,Friday,Casey (C),5->9,35->39,90->94,MELB - Outer,Greater Melbourne,Weekday,6,6
Y24H6170107,2,Separate House,Fully Owned,Missing/Refused,2,May,Sunday,Casey (C),55->59,55->59,55->59,MELB - Outer,Greater Melbourne,Weekend,12,12
Y24H6170108,3,Separate House,Being Rented,0,2,May,Monday,Casey (C),5->9,40->44,70->74,MELB - Outer,Greater Melbourne,Weekday,2,2
Y24H6170111,3,Separate House,Fully Owned,0,1,May,Thursday,Casey (C),40->44,60->64,75->79,MELB - Outer,Greater Melbourne,Weekday,8,8
Y24H6170117,3,Separate House,Fully Owned,0,3,May,Wednesday,Casey (C),45->49,60->64,70->74,MELB - Outer,Greater Melbourne,Weekday,11,11
Y24H6170121,4,Separate House,Fully Owned,2,2,May,Sunday,Casey (C),25->29,45->49,70->74,MELB - Outer,Greater Melbourne,Weekend,3,3
Y24H6170123,3,Separate House,Being Purchased,0,3,May,Tuesday,Casey (C),15->19,25->29,45->49,MELB - Outer,Greater Melbourne,Weekday,12,12
Y24H6170124,4,Separate House,Being Purchased,3,1,May,Wednesday,Casey (C),5->9,20->24,35->39,MELB - Outer,Greater Melbourne,Weekday,12,12
Y24H6170127,1,Separate House,Fully Owned,1,2,May,Saturday,Casey (C),75->79,75->79,75->79,MELB - Outer,Greater Melbourne,Weekend,3,3
Y24H6170129,2,Separate House,Fully Owned,4,3,May,Monday,Casey (C),60->64,60->64,65->69,MELB - Outer,Greater Melbourne,Weekday,9,9
Y24H6170131,4,Separate House,Being Purchased,0,2,May,Wednesday,Casey (C),15->19,35->39,50->54,MELB - Outer,Greater Melbourne,Weekday,3,3
Y24H6170138,1,Separate House,Fully Owned,0,1,May,Wednesday,Casey (C),85->89,85->89,85->89,MELB - Outer,Greater Melbourne,Weekday,1,1
Y24H6170140,1,Separate House,Fully Owned,0,1,May,Friday,Casey (C),70->74,70->74,70->74,MELB - Outer,Greater Melbourne,Weekday,1,1
Y24H6170142,4,Separate House,Being Purchased,7,1,May,Sunday,Casey (C),0->4,25->29,40->44,MELB - Outer,Greater Melbourne,Weekend,14,14
Y24H6170301,3,Terrace or Townhouse,Being Rented,0,1,May,Monday,Boroondara (C),5->9,25->29,40->44,MELB - Inner,Greater Melbourne,Weekday,18,18
Y24H6170303,2,Separate House,Being Purchased,0,2,May,Wednesday,Boroondara (C),25->29,30->34,30->34,MELB - Inner,Greater Melbourne,Weekday,11,11
Y24H6170304,2,"Unit, Flat or Apartment",Being Rented,0,1,May,Thursday,Boroondara (C),20->24,30->34,40->44,MELB - Inner,Greater Melbourne,Weekday,7,7
Y24H6170305,1,"Unit, Flat or Apartment",Being Rented,0,1,May,Friday,Boroondara (C),20->24,20->24,20->24,MELB - Inner,Greater Melbourne,Weekday,9,9
Y24H6170306,2,Terrace or Townhouse,Being Rented,0,1,May,Saturday,Boroondara (C),30->34,30->34,35->39,MELB - Inner,Greater Melbourne,Weekend,13,13
Y24H6170308,5,Separate House,Being Purchased,5,2,May,Monday,Boroondara (C),10->14,25->29,45->49,MELB - Inner,Greater Melbourne,Weekday,17,17
Y24H6170309,2,"Unit, Flat or Apartment",Being Rented,0,2,May,Tuesday,Boroondara (C),25->29,30->34,30->34,MELB - Inner,Greater Melbourne,Weekday,13,13
Y24H6170310,4,Terrace or Townhouse,Fully Owned,2,1,May,Wednesday,Boroondara (C),0->4,15->19,35->39,MELB - Inner,Greater Melbourne,Weekday,18,18
Y24H6170311,2,Terrace or Townhouse,Being Rented,0,1,May,Thursday,Boroondara (C),25->29,25->29,25->29,MELB - Inner,Greater Melbourne,Weekday,6,6
Y24H6170312,3,Terrace or Townhouse,Being Purchased,0,1,May,Friday,Boroondara (C),30->34,30->34,35->39,MELB - Inner,Greater Melbourne,Weekday,19,19
Y24H6170313,2,Separate House,Being Purchased,0,1,May,Saturday,Boroondara (C),40->44,50->54,65->69,MELB - Inner,Greater Melbourne,Weekend,9,9
Y24H6170314,4,Separate House,Being Purchased,0,1,May,Sunday,Boroondara (C),0->4,20->24,35->39,MELB - Inner,Greater Melbourne,Weekend,18,18
Y24H6170315,3,Separate House,Being Purchased,4,2,May,Monday,Boroondara (C),30->34,50->54,60->64,MELB - Inner,Greater Melbourne,Weekday,7,7
Y24H6170317,2,"Unit, Flat or Apartment",Being Rented,0,1,May,Wednesday,Boroondara (C),20->24,35->39,55->59,MELB - Inner,Greater Melbourne,Weekday,8,8
Y24H6170318,2,"Unit, Flat or Apartment",Being Rented,0,1,May,Thursday,Boroondara (C),20->24,20->24,25->29,MELB - Inner,Greater Melbourne,Weekday,8,8
Y24H6170319,4,Separate House,Being Purchased,4,2,May,Friday,Boroondara (C),10->14,25->29,40->44,MELB - Inner,Greater Melbourne,Weekday,15,15
Y24H6170321,2,Separate House,Being Rented,0,1,May,Sunday,Boroondara (C),45->49,50->54,50->54,MELB - Inner,Greater Melbourne,Weekend,15,15
Y24H6170322,1,"Unit, Flat or Apartment",Being Rented,0,2,May,Monday,Glen Eira (C),40->44,40->44,40->44,MELB - Inner,Greater Melbourne,Weekday,4,4
Y24H6170323,1,"Unit, Flat or Apartment",Being Rented,0,1,May,Tuesday,Glen Eira (C),30->34,30->34,30->34,MELB - Inner,Greater Melbourne,Weekday,9,9
Y24H6170324,2,"Unit, Flat or Apartment",Being Purchased,Missing/Refused,2,May,Wednesday,Glen Eira (C),35->39,35->39,35->39,MELB - Inner,Greater Melbourne,Weekday,13,13
Y24H6170329,1,"Unit, Flat or Apartment",Fully Owned,0,1,May,Monday,Glen Eira (C),50->54,50->54,50->54,MELB - Inner,Greater Melbourne,Weekday,8,8
Y24H6170332,1,"Unit, Flat or Apartment",Being Rented,0,1,May,Thursday,Glen Eira (C),25->29,25->29,25->29,MELB - Inner,Greater Melbourne,Weekday,10,10
Y24H6170337,1,"Unit, Flat or Apartment",Being Rented,0,0,May,Tuesday,Glen Eira (C),25->29,25->29,25->29,MELB - Inner,Greater Melbourne,Weekday,10,10
Y24H6170341,1,"Unit, Flat or Apartment",Being Rented,5,0,May,Saturday,Glen Eira (C),60->64,60->64,60->64,MELB - Inner,Greater Melbourne,Weekend,7,7
Y24H6170404,2,"Unit, Flat or Apartment",Being Rented,1,0,May,Thursday,Darebin (C),30->34,30->34,35->39,MELB - Inner,Greater Melbourne,Weekday,12,12
Y24H6170405,1,"Unit, Flat or Apartment",Being Rented,0,1,May,Friday,Darebin (C),35->39,35->39,35->39,MELB - Inner,Greater Melbourne,Weekday,4,4
Y24H6170407,2,Separate House,Fully Owned,6,2,May,Sunday,Darebin (C),70->74,70->74,70->74,MELB - Inner,Greater Melbourne,Weekend,12,12
Y24H6170409,1,Terrace or Townhouse,Fully Owned,1,1,May,Tuesday,Darebin (C),45->49,45->49,45->49,MELB - Inner,Greater Melbourne,Weekday,14,14
Y24H6170410,2,"Unit, Flat or Apartment",Being Rented,1,1,May,Wednesday,Darebin (C),25->29,25->29,25->29,MELB - Inner,Greater Melbourne,Weekday,14,14
Y24H6170411,1,Terrace or Townhouse,Being Purchased,0,0,May,Thursday,Darebin (C),65->69,65->69,65->69,MELB - Inner,Greater Melbourne,Weekday,7,7
Y24H6170413,2,"Unit, Flat or Apartment",Being Rented,1,0,May,Saturday,Darebin (C),25->29,25->29,25->29,MELB - Inner,Greater Melbourne,Weekend,13,13
Y24H6170414,4,Separate House,Being Rented,5,2,May,Sunday,Darebin (C),15->19,30->34,45->49,MELB - Inner,Greater Melbourne,Weekend,18,18
Y24H6170415,4,Separate House,Being Purchased,4,3,May,Monday,Darebin (C),0->4,20->24,35->39,MELB - Inner,Greater Melbourne,Weekday,15,15
Y24H6170418,1,Terrace or Townhouse,Being Rented,0,0,May,Thursday,Darebin (C),55->59,55->59,55->59,MELB - Inner,Greater Melbourne,Weekday,2,2
Y24H6170420,2,"Unit, Flat or Apartment",Being Rented,Missing/Refused,1,May,Saturday,Darebin (C),35->39,35->39,40->44,MELB - Inner,Greater Melbourne,Weekend,13,13
Y24H6170424,2,"Unit, Flat or Apartment",Being Rented,0,2,May,Wednesday,Darebin (C),20->24,20->24,25->29,MELB - Inner,Greater Melbourne,Weekday,13,13
Y24H6170426,1,"Unit, Flat or Apartment",Fully Owned,0,1,May,Friday,Darebin (C),35->39,35->39,35->39,MELB - Inner,Greater Melbourne,Weekday,12,12
Y24H6170427,1,"Unit, Flat or Apartment",Being Purchased,0,1,May,Saturday,Darebin (C),55->59,55->59,55->59,MELB - Inner,Greater Melbourne,Weekend,14,14
Y24H6170430,1,"Unit, Flat or Apartment",Being Purchased,1,1,May,Tuesday,Darebin (C),35->39,35->39,35->39,MELB - Inner,Greater Melbourne,Weekday,9,9
Y24H6170432,3,Separate House,Fully Owned,3,1,May,Thursday,Darebin (C),10->14,25->29,50->54,MELB - Inner,Greater Melbourne,Weekday,7,7
Y24H6170433,1,Separate House,Fully Owned,0,0,May,Friday,Darebin (C),90->94,90->94,90->94,MELB - Inner,Greater Melbourne,Weekday,2,2
Y24H6170434,2,"Unit, Flat or Apartment",Being Rented,2,0,May,Saturday,Darebin (C),15->19,30->34,40->44,MELB - Inner,Greater Melbourne,Weekend,7,7
Y24H6170436,1,"Unit, Flat or Apartment",Being Purchased,1,1,May,Monday,Darebin (C),45->49,45->49,45->49,MELB - Inner,Greater Melbourne,Weekday,10,10
Y24H6170438,2,Separate House,Fully Owned,4,2,May,Wednesday,Darebin (C),30->34,30->34,35->39,MELB - Inner,Greater Melbourne,Weekday,8,8
Y24H6170440,4,Terrace or Townhouse,Being Purchased,3,1,May,Friday,Darebin (C),5->9,20->24,35->39,MELB - Inner,Greater Melbourne,Weekday,14,14
Y24H6180101,4,Separate House,Fully Owned,0,2,May,Monday,Casey (C),0->4,20->24,40->44,MELB - Outer,Greater Melbourne,Weekday,10,10
Y24H6180103,5,Separate House,Being Purchased,0,3,May,Wednesday,Casey (C),15->19,40->44,80->84,MELB - Outer,Greater Melbourne,Weekday,16,16
Y24H6180104,4,Terrace or Townhouse,Fully Owned,0,4,May,Thursday,Casey (C),20->24,35->39,60->64,MELB - Outer,Greater Melbourne,Weekday,13,13
Y24H6180109,6,Separate House,Being Rented,0,4,May,Tuesday,Casey (C),20->24,35->39,65->69,MELB - Outer,Greater Melbourne,Weekday,15,15
Y24H6180116,2,Separate House,Fully Owned,0,1,May,Tuesday,Casey (C),65->69,70->74,75->79,MELB - Outer,Greater Melbourne,Weekday,7,7
Y24H6180118,2,Separate House,Fully Owned,0,2,May,Thursday,Casey (C),20->24,35->39,55->59,MELB - Outer,Greater Melbourne,Weekday,10,10
Y24H6180121,2,Separate House,Being Rented,Missing/Refused,0,June,Sunday,Casey (C),80->84,80->84,85->89,MELB - Outer,Greater Melbourne,Weekend,5,5
Y24H6180123,2,"Unit, Flat or Apartment",Being Rented,0,1,May,Tuesday,Greater Dandenong (C),25->29,25->29,25->29,MELB - Outer,Greater Melbourne,Weekday,13,13
Y24H6180126,2,"Unit, Flat or Apartment",Being Rented,0,1,May,Friday,Greater Dandenong (C),35->39,40->44,40->44,MELB - Outer,Greater Melbourne,Weekday,16,16
Y24H6180133,1,"Unit, Flat or Apartment",Being Rented,0,1,May,Friday,Greater Dandenong (C),85->89,85->89,85->89,MELB - Outer,Greater Melbourne,Weekday,5,5
Y24H6180136,2,"Unit, Flat or Apartment",Being Rented,0,0,May,Monday,Greater Dandenong (C),15->19,35->39,50->54,MELB - Outer,Greater Melbourne,Weekday,7,7
Y24H6180138,2,"Unit, Flat or Apartment",Being Rented,0,1,May,Wednesday,Greater Dandenong (C),25->29,30->34,30->34,MELB - Outer,Greater Melbourne,Weekday,8,8
Y24H6180142,3,"Unit, Flat or Apartment",Being Rented,0,1,June,Sunday,Greater Dandenong (C),0->4,20->24,30->34,MELB - Outer,Greater Melbourne,Weekend,8,8
Y24H6180202,2,Separate House,Fully Owned,0,2,May,Tuesday,Knox (C),55->59,55->59,55->59,MELB - Outer,Greater Melbourne,Weekday,14,14
Y24H6180203,4,Separate House,Being Purchased,4,2,May,Wednesday,Knox (C),10->14,25->29,45->49,MELB - Outer,Greater Melbourne,Weekday,15,15
Y24H6180205,1,Separate House,Being Purchased,3,1,May,Friday,Knox (C),50->54,50->54,50->54,MELB - Outer,Greater Melbourne,Weekday,12,12
Y24H6180206,1,Separate House,Fully Owned,1,1,June,Saturday,Knox (C),75->79,75->79,75->79,MELB - Outer,Greater Melbourne,Weekend,3,3
Y24H6180208,1,Separate House,Fully Owned,0,1,May,Monday,Knox (C),80->84,80->84,80->84,MELB - Outer,Greater Melbourne,Weekday,4,4
Y24H6180209,2,Separate House,Fully Owned,Missing/Refused,2,May,Tuesday,Knox (C),60->64,60->64,60->64,MELB - Outer,Greater Melbourne,Weekday,10,10
Y24H6180210,2,Separate House,Being Rented,4,2,May,Wednesday,Knox (C),30->34,30->34,30->34,MELB - Outer,Greater Melbourne,Weekday,8,8
Y24H6180212,2,Separate House,Fully Owned,0,3,May,Friday,Knox (C),45->49,45->49,45->49,MELB - Outer,Greater Melbourne,Weekday,14,14
Y24H6180214,3,Separate House,Being Rented,0,0,June,Sunday,Knox (C),25->29,35->39,55->59,MELB - Outer,Greater Melbourne,Weekend,3,3
Y24H6180217,4,Separate House,Being Purchased,4,3,May,Wednesday,Knox (C),10->14,35->39,55->59,MELB - Outer,Greater Melbourne,Weekday,15,15
Y24H6180218,2,Separate House,Being Purchased,2,3,May,Thursday,Knox (C),35->39,35->39,35->39,MELB - Outer,Greater Melbourne,Weekday,17,17
Y24H6180219,2,Separate House,Fully Owned,0,2,May,Friday,Knox (C),50->54,50->54,55->59,MELB - Outer,Greater Melbourne,Weekday,11,11
Y24H6180220,2,Separate House,Being Purchased,0,3,June,Saturday,Knox (C),50->54,50->54,50->54,MELB - Outer,Greater Melbourne,Weekend,13,13
Y24H6180221,2,Separate House,Being Purchased,0,3,June,Sunday,Knox (C),40->44,40->44,45->49,MELB - Outer,Greater Melbourne,Weekend,18,18
Y24H6180224,2,Separate House,Fully Owned,0,2,May,Wednesday,Yarra Ranges (S),65->69,65->69,65->69,MELB - Outer,Greater Melbourne,Weekday,6,6
Y24H6180225,2,Separate House,Being Purchased,4,2,May,Thursday,Yarra Ranges (S),30->34,30->34,30->34,MELB - Outer,Greater Melbourne,Weekday,13,13
Y24H6180226,1,Separate House,Fully Owned,0,2,May,Friday,Yarra Ranges (S),85->89,85->89,85->89,MELB - Outer,Greater Melbourne,Weekday,3,3
Y24H6180227,4,Separate House,Being Purchased,2,3,June,Saturday,Yarra Ranges (S),10->14,30->34,45->49,MELB - Outer,Greater Melbourne,Weekend,14,14
Y24H6180233,1,Separate House,Fully Owned,0,1,May,Friday,Yarra Ranges (S),85->89,85->89,85->89,MELB - Outer,Greater Melbourne,Weekday,4,4
Y24H6180234,1,Separate House,Fully Owned,0,3,June,Saturday,Yarra Ranges (S),65->69,65->69,65->69,MELB - Outer,Greater Melbourne,Weekend,12,12
Y24H6180235,2,Separate House,Being Purchased,1,2,June,Sunday,Yarra Ranges (S),45->49,50->54,50->54,MELB - Outer,Greater Melbourne,Weekend,15,15
Y24H6180237,3,Separate House,Being Purchased,3,3,May,Tuesday,Yarra Ranges (S),15->19,35->39,50->54,MELB - Outer,Greater Melbourne,Weekday,13,13
Y24H6180240,4,Separate House,Being Purchased,2,2,May,Friday,Yarra Ranges (S),5->9,20->24,40->44,MELB - Outer,Greater Melbourne,Weekday,13,13
Y24H6180402,2,Separate House,Being Rented,1,1,May,Tuesday,Merri-bek (C),20->24,20->24,25->29,MELB - Inner,Greater Melbourne,Weekday,5,5
Y24H6180406,2,"Unit, Flat or Apartment",Being Rented,3,0,June,Saturday,Merri-bek (C),30->34,30->34,35->39,MELB - Inner,Greater Melbourne,Weekend,8,8
Y24H6180407,2,"Unit, Flat or Apartment",Being Rented,1,2,June,Sunday,Merri-bek (C),20->24,25->29,25->29,MELB - Inner,Greater Melbourne,Weekend,5,5
Y24H6180409,2,"Unit, Flat or Apartment",Being Rented,1,1,May,Tuesday,Merri-bek (C),25->29,30->34,30->34,MELB - Inner,Greater Melbourne,Weekday,10,10
Y24H6180410,4,Separate House,Fully Owned,4,4,May,Wednesday,Merri-bek (C),15->19,35->39,50->54,MELB - Inner,Greater Melbourne,Weekday,6,6
Y24H6180415,1,Separate House,Fully Owned,0,1,May,Monday,Merri-bek (C),60->64,60->64,60->64,MELB - Inner,Greater Melbourne,Weekday,7,7
Y24H6180417,1,"Unit, Flat or Apartment",Fully Owned,1,1,May,Wednesday,Merri-bek (C),65->69,65->69,65->69,MELB - Inner,Greater Melbourne,Weekday,14,14
Y24H6180421,3,Separate House,Being Purchased,3,2,June,Sunday,Merri-bek (C),10->14,25->29,50->54,MELB - Inner,Greater Melbourne,Weekend,8,8
Y24H6180424,1,Terrace or Townhouse,Being Purchased,0,1,May,Wednesday,Merri-bek (C),30->34,30->34,30->34,MELB - Middle,Greater Melbourne,Weekday,14,14
Y24H6180428,1,Terrace or Townhouse,Being Purchased,0,1,June,Sunday,Merri-bek (C),35->39,35->39,35->39,MELB - Middle,Greater Melbourne,Weekend,12,12
Y24H6180430,2,"Unit, Flat or Apartment",Being Rented,1,1,May,Tuesday,Merri-bek (C),30->34,30->34,30->34,MELB - Middle,Greater Melbourne,Weekday,13,13
Y24H6180441,2,Separate House,Being Purchased,2,1,June,Saturday,Merri-bek (C),45->49,45->49,45->49,MELB - Middle,Greater Melbourne,Weekend,11,11
Y24H6180501,2,Terrace or Townhouse,Fully Owned,Missing/Refused,2,May,Monday,Maribyrnong (C),30->34,35->39,35->39,MELB - Middle,Greater Melbourne,Weekday,13,13
Y24H6180507,2,Terrace or Townhouse,Being Purchased,4,2,June,Sunday,Maribyrnong (C),45->49,45->49,45->49,MELB - Middle,Greater Melbourne,Weekend,13,13
Y24H6180509,5,Separate House,Being Purchased,2,4,May,Tuesday,Maribyrnong (C),0->4,30->34,55->59,MELB - Middle,Greater Melbourne,Weekday,1,1
Y24H6180510,3,Terrace or Townhouse,Being Purchased,1,4,May,Wednesday,Maribyrnong (C),20->24,30->34,50->54,MELB - Middle,Greater Melbourne,Weekday,9,9
Y24H6180513,4,Separate House,Fully Owned,2,4,June,Saturday,Maribyrnong (C),20->24,40->44,60->64,MELB - Middle,Greater Melbourne,Weekend,16,16
Y24H6180515,4,Terrace or Townhouse,Fully Owned,3,3,May,Monday,Maribyrnong (C),15->19,35->39,60->64,MELB - Middle,Greater Melbourne,Weekday,15,15
Y24H6180516,3,Separate House,Fully Owned,3,3,May,Tuesday,Maribyrnong (C),40->44,60->64,75->79,MELB - Middle,Greater Melbourne,Weekday,10,10
Y24H6180518,1,Separate House,Being Purchased,Missing/Refused,1,May,Thursday,Maribyrnong (C),65->69,65->69,65->69,MELB - Middle,Greater Melbourne,Weekday,7,7
Y24H6180520,2,Separate House,Fully Owned,0,1,June,Saturday,Maribyrnong (C),75->79,75->79,80->84,MELB - Middle,Greater Melbourne,Weekend,2,2
Y24H6180523,2,Separate House,Being Purchased,0,2,May,Tuesday,Moonee Valley (C),35->39,35->39,35->39,MELB - Middle,Greater Melbourne,Weekday,17,17
Y24H6180524,2,Terrace or Townhouse,Fully Owned,0,2,May,Wednesday,Moonee Valley (C),55->59,55->59,60->64,MELB - Middle,Greater Melbourne,Weekday,13,13
Y24H6180525,1,Separate House,Fully Owned,0,1,May,Thursday,Moonee Valley (C),80->84,80->84,80->84,MELB - Middle,Greater Melbourne,Weekday,4,4
Y24H6180529,3,Terrace or Townhouse,Being Purchased,2,3,May,Monday,Moonee Valley (C),15->19,30->34,55->59,MELB - Middle,Greater Melbourne,Weekday,17,17
Y24H6180531,2,Separate House,Fully Owned,0,2,May,Wednesday,Moonee Valley (C),80->84,80->84,80->84,MELB - Middle,Greater Melbourne,Weekday,7,7
Y24H6180534,2,Terrace or Townhouse,Fully Owned,1,2,June,Saturday,Moonee Valley (C),70->74,70->74,70->74,MELB - Middle,Greater Melbourne,Weekend,12,12
Y24H6180536,5,Terrace or Townhouse,Fully Owned,Missing/Refused,2,May,Monday,Moonee Valley (C),0->4,15->19,35->39,MELB - Middle,Greater Melbourne,Weekday,14,14
Y24H6180539,2,Separate House,Fully Owned,2,2,May,Thursday,Moonee Valley (C),55->59,55->59,55->59,MELB - Middle,Greater Melbourne,Weekday,13,13
Y24H6180542,3,Separate House,Fully Owned,3,3,June,Sunday,Moonee Valley (C),15->19,45->49,60->64,MELB - Middle,Greater Melbourne,Weekend,13,13
Y24H6190104,2,"Unit, Flat or Apartment",Fully Owned,2,2,June,Thursday,Mornington Peninsula (S),75->79,75->79,75->79,MELB - Outer,Greater Melbourne,Weekday,3,3
Y24H6190106,2,Separate House,Fully Owned,2,2,June,Saturday,Mornington Peninsula (S),60->64,65->69,70->74,MELB - Outer,Greater Melbourne,Weekend,5,5
Y24H6190107,2,Separate House,Being Purchased,Missing/Refused,2,June,Sunday,Mornington Peninsula (S),25->29,40->44,50->54,MELB - Outer,Greater Melbourne,Weekend,10,10
Y24H6190108,1,Separate House,Fully Owned,Missing/Refused,1,June,Monday,Mornington Peninsula (S),50->54,50->54,50->54,MELB - Outer,Greater Melbourne,Weekday,6,6
Y24H6190110,2,Separate House,Being Purchased,1,2,June,Wednesday,Mornington Peninsula (S),50->54,50->54,50->54,MELB - Outer,Greater Melbourne,Weekday,14,14
Y24H6190115,1,"Unit, Flat or Apartment",Being Rented,3,2,June,Monday,Mornington Peninsula (S),45->49,45->49,45->49,MELB - Outer,Greater Melbourne,Weekday,10,10
Y24H6190117,3,Separate House,Being Rented,2,1,June,Wednesday,Mornington Peninsula (S),5->9,20->24,45->49,MELB - Outer,Greater Melbourne,Weekday,8,8
Y24H6190118,3,Separate House,Being Purchased,3,2,June,Thursday,Mornington Peninsula (S),10->14,40->44,50->54,MELB - Outer,Greater Melbourne,Weekday,13,13
Y24H6190120,4,Separate House,Being Purchased,4,3,June,Saturday,Mornington Peninsula (S),5->9,20->24,40->44,MELB - Outer,Greater Melbourne,Weekend,14,14
Y24H6190121,2,Separate House,Being Purchased,0,2,June,Sunday,Mornington Peninsula (S),40->44,45->49,45->49,MELB - Outer,Greater Melbourne,Weekend,14,14
Y24H6190122,4,Separate House,Being Purchased,5,7,June,Monday,Mornington Peninsula (S),10->14,30->34,50->54,MELB - Outer,Greater Melbourne,Weekday,11,11
Y24H6190124,2,Separate House,Fully Owned,2,2,June,Wednesday,Mornington Peninsula (S),65->69,65->69,65->69,MELB - Outer,Greater Melbourne,Weekday,11,11
Y24H6190125,2,Separate House,Being Purchased,Missing/Refused,2,June,Thursday,Mornington Peninsula (S),60->64,65->69,65->69,MELB - Outer,Greater Melbourne,Weekday,11,11
Y24H6190130,3,Separate House,Being Purchased,0,3,June,Tuesday,Mornington Peninsula (S),25->29,45->49,60->64,MELB - Outer,Greater Melbourne,Weekday,13,13
Y24H6190132,4,Separate House,Being Purchased,4,2,June,Thursday,Mornington Peninsula (S),0->4,20->24,40->44,MELB - Outer,Greater Melbourne,Weekday,17,17
Y24H6190133,1,Separate House,Being Purchased,Missing/Refused,1,June,Friday,Mornington Peninsula (S),50->54,50->54,50->54,MELB - Outer,Greater Melbourne,Weekday,12,12
Y24H6190136,2,Separate House,Being Purchased,2,3,June,Monday,Mornington Peninsula (S),55->59,55->59,55->59,MELB - Outer,Greater Melbourne,Weekday,11,11
Y24H6190137,2,Separate House,Fully Owned,0,3,June,Tuesday,Mornington Peninsula (S),70->74,75->79,75->79,MELB - Outer,Greater Melbourne,Weekday,12,12
Y24H6190138,2,Separate House,Fully Owned,2,2,June,Wednesday,Mornington Peninsula (S),35->39,50->54,65->69,MELB - Outer,Greater Melbourne,Weekday,12,12
Y24H6190139,3,Separate House,Being Purchased,Missing/Refused,3,June,Thursday,Mornington Peninsula (S),20->24,40->44,50->54,MELB - Outer,Greater Melbourne,Weekday,14,14
Y24H6190142,2,Separate House,Fully Owned,0,2,June,Sunday,Mornington Peninsula (S),70->74,70->74,75->79,MELB - Outer,Greater Melbourne,Weekend,6,6
Y24H6190201,2,Separate House,Fully Owned,0,2,June,Monday,Boroondara (C),65->69,65->69,65->69,MELB - Middle,Greater Melbourne,Weekday,7,7
Y24H6190202,2,Separate House,Being Purchased,1,1,June,Tuesday,Boroondara (C),30->34,30->34,35->39,MELB - Middle,Greater Melbourne,Weekday,17,17
Y24H6190204,1,Terrace or Townhouse,Being Purchased,0,0,June,Thursday,Boroondara (C),30->34,30->34,30->34,MELB - Middle,Greater Melbourne,Weekday,12,12
Y24H6190205,5,Separate House,Being Rented,0,4,June,Friday,Boroondara (C),25->29,25->29,25->29,MELB - Middle,Greater Melbourne,Weekday,12,12
Y24H6190212,2,Separate House,Fully Owned,0,2,June,Friday,Boroondara (C),60->64,65->69,65->69,MELB - Middle,Greater Melbourne,Weekday,16,16
Y24H6190214,4,Separate House,Fully Owned,3,3,June,Sunday,Boroondara (C),15->19,35->39,55->59,MELB - Middle,Greater Melbourne,Weekend,13,13
Y24H6190219,4,Separate House,Fully Owned,Missing/Refused,2,June,Friday,Boroondara (C),15->19,40->44,60->64,MELB - Middle,Greater Melbourne,Weekday,7,7
Y24H6190222,2,Separate House,Fully Owned,2,2,June,Monday,Boroondara (C),65->69,70->74,75->79,MELB - Middle,Greater Melbourne,Weekday,7,7
Y24H6190226,4,Separate House,Fully Owned,2,3,June,Friday,Boroondara (C),0->4,20->24,35->39,MELB - Middle,Greater Melbourne,Weekday,8,8
Y24H6190229,3,Separate House,Being Rented,2,2,June,Monday,Boroondara (C),5->9,25->29,35->39,MELB - Middle,Greater Melbourne,Weekday,12,12
Y24H6190232,2,Separate House,Being Purchased,4,4,June,Thursday,Boroondara (C),45->49,45->49,50->54,MELB - Middle,Greater Melbourne,Weekday,17,17
Y24H6190233,3,Separate House,Being Purchased,1,2,June,Friday,Boroondara (C),0->4,20->24,35->39,MELB - Middle,Greater Melbourne,Weekday,12,12
Y24H6190235,1,"Unit, Flat or Apartment",Fully Owned,0,1,June,Sunday,Boroondara (C),80->84,80->84,80->84,MELB - Middle,Greater Melbourne,Weekend,4,4
Y24H6190238,1,"Unit, Flat or Apartment",Being Rented,2,1,June,Wednesday,Boroondara (C),60->64,60->64,60->64,MELB - Middle,Greater Melbourne,Weekday,12,12
Y24H6190239,4,Separate House,Fully Owned,2,1,June,Thursday,Boroondara (C),10->14,30->34,55->59,MELB - Middle,Greater Melbourne,Weekday,14,14
Y24H6190241,2,Separate House,Fully Owned,2,1,June,Saturday,Boroondara (C),25->29,45->49,60->64,MELB - Middle,Greater Melbourne,Weekend,9,9
Y24H6190242,4,Separate House,Fully Owned,0,2,June,Sunday,Boroondara (C),10->14,20->24,35->39,MELB - Middle,Greater Melbourne,Weekend,3,3
Y24H6190302,2,Separate House,Being Purchased,Missing/Refused,4,June,Tuesday,Glen Eira (C),50->54,50->54,50->54,MELB - Middle,Greater Melbourne,Weekday,14,14
Y24H6190304,5,Separate House,Being Purchased,Missing/Refused,2,June,Thursday,Glen Eira (C),10->14,25->29,45->49,MELB - Middle,Greater Melbourne,Weekday,14,14
Y24H6190306,1,Separate House,Being Rented,0,1,June,Saturday,Glen Eira (C),55->59,55->59,55->59,MELB - Middle,Greater Melbourne,Weekend,7,7
Y24H6190307,1,Separate House,Fully Owned,0,1,June,Sunday,Glen Eira (C),75->79,75->79,75->79,MELB - Middle,Greater Melbourne,Weekend,2,2
Y24H6190308,5,Separate House,Being Rented,0,1,June,Monday,Glen Eira (C),25->29,55->59,85->89,MELB - Middle,Greater Melbourne,Weekday,9,9
Y24H6190313,2,Separate House,Being Rented,0,1,June,Saturday,Glen Eira (C),30->34,35->39,35->39,MELB - Middle,Greater Melbourne,Weekend,17,17
Y24H6190314,2,Terrace or Townhouse,Being Purchased,0,1,June,Sunday,Glen Eira (C),25->29,30->34,30->34,MELB - Middle,Greater Melbourne,Weekend,17,17
Y24H6190315,4,Separate House,Being Purchased,3,2,June,Monday,Glen Eira (C),10->14,30->34,55->59,MELB - Middle,Greater Melbourne,Weekday,15,15
Y24H6190319,3,Terrace or Townhouse,Being Purchased,0,2,June,Friday,Glen Eira (C),0->4,20->24,30->34,MELB - Middle,Greater Melbourne,Weekday,16,16
Y24H6190321,1,Separate House,Fully Owned,0,0,June,Sunday,Glen Eira (C),55->59,55->59,55->59,MELB - Middle,Greater Melbourne,Weekend,12,12
Y24H6190322,1,"Unit, Flat or Apartment",Being Purchased,0,1,June,Monday,Glen Eira (C),35->39,35->39,35->39,MELB - Middle,Greater Melbourne,Weekday,5,5
Y24H6190324,2,"Unit, Flat or Apartment",Fully Owned,0,2,June,Wednesday,Glen Eira (C),55->59,55->59,60->64,MELB - Middle,Greater Melbourne,Weekday,1,1
Y24H6190325,2,Separate House,Fully Owned,1,1,June,Thursday,Glen Eira (C),75->79,75->79,75->79,MELB - Middle,Greater Melbourne,Weekday,10,10
Y24H6190327,1,Terrace or Townhouse,Fully Owned,0,1,June,Saturday,Glen Eira (C),75->79,75->79,75->79,MELB - Middle,Greater Melbourne,Weekend,4,4
Y24H6190330,2,Separate House,Being Purchased,1,3,June,Tuesday,Glen Eira (C),60->64,60->64,65->69,MELB - Middle,Greater Melbourne,Weekday,17,17
Y24H6190331,4,Terrace or Townhouse,Being Purchased,2,1,June,Wednesday,Glen Eira (C),0->4,20->24,40->44,MELB - Middle,Greater Melbourne,Weekday,18,18
Y24H6190332,1,"Unit, Flat or Apartment",Fully Owned,0,1,June,Thursday,Glen Eira (C),85->89,85->89,85->89,MELB - Middle,Greater Melbourne,Weekday,4,4
Y24H6190335,2,Separate House,Being Rented,Missing/Refused,1,June,Sunday,Glen Eira (C),15->19,40->44,65->69,MELB - Middle,Greater Melbourne,Weekend,0,0
Y24H6190404,1,"Unit, Flat or Apartment",Fully Owned,0,1,June,Thursday,Darebin (C),60->64,60->64,60->64,MELB - Middle,Greater Melbourne,Weekday,8,8
Y24H6190406,1,"Unit, Flat or Apartment",Being Rented,0,1,June,Saturday,Darebin (C),70->74,70->74,70->74,MELB - Middle,Greater Melbourne,Weekend,7,7
Y24H6190408,2,Separate House,Being Purchased,0,2,June,Monday,Darebin (C),30->34,30->34,30->34,MELB - Middle,Greater Melbourne,Weekday,17,17
Y24H6190409,1,Terrace or Townhouse,Fully Owned,0,1,June,Tuesday,Darebin (C),80->84,80->84,80->84,MELB - Middle,Greater Melbourne,Weekday,4,4
Y24H6190423,1,"Unit, Flat or Apartment",Fully Owned,0,0,June,Tuesday,Darebin (C),80->84,80->84,80->84,MELB - Middle,Greater Melbourne,Weekday,4,4
Y24H6190429,1,"Unit, Flat or Apartment",Fully Owned,0,0,June,Monday,Darebin (C),85->89,85->89,85->89,MELB - Middle,Greater Melbourne,Weekday,4,4
Y24H6190432,1,"Unit, Flat or Apartment",Fully Owned,0,1,June,Thursday,Darebin (C),70->74,70->74,70->74,MELB - Middle,Greater Melbourne,Weekday,3,3
Y24H6190435,1,"Unit, Flat or Apartment",Fully Owned,0,1,June,Sunday,Darebin (C),80->84,80->84,80->84,MELB - Middle,Greater Melbourne,Weekend,5,5
Y24H6190437,1,"Unit, Flat or Apartment",Being Rented,0,1,June,Tuesday,Darebin (C),75->79,75->79,75->79,MELB - Middle,Greater Melbourne,Weekday,4,4
Y24H6190440,1,Other,Fully Owned,0,1,June,Friday,Darebin (C),75->79,75->79,75->79,MELB - Middle,Greater Melbourne,Weekday,7,7
Y24H6200102,2,Separate House,Fully Owned,0,1,June,Tuesday,Mornington Peninsula (S),55->59,60->64,70->74,MELB - Outer,Greater Melbourne,Weekday,13,13
Y24H6200103,2,Separate House,Fully Owned,5,2,June,Wednesday,Mornington Peninsula (S),60->64,60->64,60->64,MELB - Outer,Greater Melbourne,Weekday,12,12
Y24H6200105,2,Separate House,Being Rented,0,3,June,Friday,Mornington Peninsula (S),45->49,50->54,55->59,MELB - Outer,Greater Melbourne,Weekday,16,16
Y24H6200107,2,Separate House,Fully Owned,Missing/Refused,2,June,Sunday,Mornington Peninsula (S),70->74,70->74,70->74,MELB - Outer,Greater Melbourne,Weekend,4,4
Y24H6200109,2,Separate House,Fully Owned,0,1,June,Tuesday,Mornington Peninsula (S),65->69,65->69,65->69,MELB - Outer,Greater Melbourne,Weekday,7,7
Y24H6200110,2,Separate House,Being Purchased,0,2,June,Wednesday,Mornington Peninsula (S),50->54,55->59,65->69,MELB - Outer,Greater Melbourne,Weekday,9,9
Y24H6200112,2,Separate House,Fully Owned,0,2,June,Friday,Mornington Peninsula (S),70->74,70->74,75->79,MELB - Outer,Greater Melbourne,Weekday,10,10
Y24H6200113,2,Separate House,Fully Owned,0,2,June,Saturday,Mornington Peninsula (S),75->79,75->79,80->84,MELB - Outer,Greater Melbourne,Weekend,9,9
Y24H6200114,4,Separate House,Fully Owned,3,2,June,Sunday,Mornington Peninsula (S),10->14,25->29,45->49,MELB - Outer,Greater Melbourne,Weekend,5,5
Y24H6200116,2,Separate House,Being Purchased,2,1,June,Tuesday,Mornington Peninsula (S),15->19,30->34,50->54,MELB - Outer,Greater Melbourne,Weekday,3,3
Y24H6200122,1,Separate House,Fully Owned,0,1,June,Monday,Mornington Peninsula (S),75->79,75->79,75->79,MELB - Outer,Greater Melbourne,Weekday,12,12
Y24H6200124,2,Separate House,Fully Owned,0,1,June,Wednesday,Mornington Peninsula (S),75->79,75->79,75->79,MELB - Outer,Greater Melbourne,Weekday,8,8
Y24H6200126,2,Separate House,Being Purchased,0,1,June,Friday,Mornington Peninsula (S),55->59,55->59,55->59,MELB - Outer,Greater Melbourne,Weekday,11,11
Y24H6200136,2,Separate House,Being Purchased,3,2,June,Monday,Mornington Peninsula (S),55->59,60->64,60->64,MELB - Outer,Greater Melbourne,Weekday,11,11
Y24H6200137,3,Separate House,Being Rented,0,0,June,Tuesday,Mornington Peninsula (S),20->24,35->39,55->59,MELB - Outer,Greater Melbourne,Weekday,2,2
Y24H6200139,1,Separate House,Being Rented,Missing/Refused,1,June,Thursday,Mornington Peninsula (S),25->29,25->29,25->29,MELB - Outer,Greater Melbourne,Weekday,7,7
Y24H6200304,3,Separate House,Fully Owned,2,1,June,Thursday,Bayside (C),10->14,20->24,40->44,MELB - Middle,Greater Melbourne,Weekday,2,2
Y24H6200307,3,Separate House,Fully Owned,4,1,June,Sunday,Bayside (C),20->24,45->49,60->64,MELB - Middle,Greater Melbourne,Weekend,14,14
Y24H6200308,3,Separate House,Being Purchased,0,2,June,Monday,Bayside (C),20->24,45->49,55->59,MELB - Middle,Greater Melbourne,Weekday,14,14
Y24H6200309,4,Separate House,Fully Owned,0,2,June,Tuesday,Bayside (C),15->19,30->34,45->49,MELB - Middle,Greater Melbourne,Weekday,14,14
Y24H6200310,2,Separate House,Fully Owned,2,2,June,Wednesday,Bayside (C),10->14,30->34,50->54,MELB - Middle,Greater Melbourne,Weekday,14,14
Y24H6200311,5,Separate House,Fully Owned,4,3,June,Thursday,Bayside (C),15->19,30->34,50->54,MELB - Middle,Greater Melbourne,Weekday,13,13
Y24H6200313,2,Separate House,Being Rented,1,2,June,Saturday,Bayside (C),20->24,20->24,25->29,MELB - Middle,Greater Melbourne,Weekend,2,2
Y24H6200314,2,Separate House,Fully Owned,0,4,June,Sunday,Bayside (C),50->54,55->59,55->59,MELB - Middle,Greater Melbourne,Weekend,18,18
Y24H6200316,2,Terrace or Townhouse,Fully Owned,Missing/Refused,2,June,Tuesday,Bayside (C),50->54,55->59,55->59,MELB - Middle,Greater Melbourne,Weekday,12,12
Y24H6200318,4,Separate House,Being Purchased,7,2,June,Thursday,Bayside (C),15->19,30->34,45->49,MELB - Middle,Greater Melbourne,Weekday,18,18
Y24H6200321,2,Terrace or Townhouse,Fully Owned,0,1,June,Sunday,Bayside (C),75->79,75->79,75->79,MELB - Middle,Greater Melbourne,Weekend,11,11
Y24H6200323,3,Separate House,Being Purchased,6,2,June,Tuesday,Glen Eira (C),0->4,25->29,40->44,MELB - Middle,Greater Melbourne,Weekday,18,18
Y24H6200324,2,Separate House,Being Purchased,0,2,June,Wednesday,Glen Eira (C),60->64,60->64,60->64,MELB - Middle,Greater Melbourne,Weekday,17,17
Y24H6200326,1,Separate House,Fully Owned,0,3,June,Friday,Glen Eira (C),65->69,65->69,65->69,MELB - Middle,Greater Melbourne,Weekday,14,14
Y24H6200327,3,Terrace or Townhouse,Being Rented,0,1,June,Saturday,Glen Eira (C),15->19,40->44,55->59,MELB - Middle,Greater Melbourne,Weekend,15,15
Y24H6200328,2,Separate House,Fully Owned,Missing/Refused,2,June,Sunday,Glen Eira (C),55->59,60->64,60->64,MELB - Middle,Greater Melbourne,Weekend,10,10
Y24H6200329,3,Separate House,Being Rented,5,1,June,Monday,Glen Eira (C),10->14,35->39,50->54,MELB - Middle,Greater Melbourne,Weekday,15,15
Y24H6200330,2,Separate House,Being Purchased,Missing/Refused,1,June,Tuesday,Glen Eira (C),30->34,30->34,30->34,MELB - Middle,Greater Melbourne,Weekday,10,10
Y24H6200331,4,Terrace or Townhouse,Being Purchased,2,3,June,Wednesday,Glen Eira (C),15->19,35->39,50->54,MELB - Middle,Greater Melbourne,Weekday,14,14
Y24H6200333,4,Separate House,Fully Owned,2,3,June,Friday,Glen Eira (C),15->19,35->39,55->59,MELB - Middle,Greater Melbourne,Weekday,2,2
Y24H6200336,5,Terrace or Townhouse,Fully Owned,4,2,June,Monday,Glen Eira (C),10->14,25->29,45->49,MELB - Middle,Greater Melbourne,Weekday,1,1
Y24H6200339,2,Separate House,Fully Owned,2,3,June,Thursday,Glen Eira (C),50->54,50->54,50->54,MELB - Middle,Greater Melbourne,Weekday,17,17
Y24H6200340,2,Separate House,Fully Owned,Missing/Refused,4,June,Friday,Glen Eira (C),30->34,45->49,60->64,MELB - Middle,Greater Melbourne,Weekday,12,12
Y24H6200341,4,Terrace or Townhouse,Fully Owned,2,1,June,Saturday,Glen Eira (C),10->14,30->34,50->54,MELB - Middle,Greater Melbourne,Weekend,16,16
Y24H6200405,6,Separate House,Being Purchased,6,4,June,Friday,Murrindindi (S),0->4,10->14,30->34,MELB - Outer,Greater Melbourne,Weekday,15,15
Y24H6200406,4,Separate House,Being Purchased,4,2,June,Saturday,Murrindindi (S),5->9,20->24,40->44,MELB - Outer,Greater Melbourne,Weekend,13,13
Y24H6200410,2,Separate House,Being Purchased,0,2,June,Wednesday,Murrindindi (S),65->69,65->69,65->69,MELB - Outer,Greater Melbourne,Weekday,9,9
Y24H6200415,5,Separate House,Being Purchased,4,2,June,Monday,Murrindindi (S),5->9,15->19,35->39,MELB - Outer,Greater Melbourne,Weekday,14,14
Y24H6200416,2,Separate House,Fully Owned,0,2,June,Tuesday,Murrindindi (S),70->74,70->74,75->79,MELB - Outer,Greater Melbourne,Weekday,3,3
Y24H6200420,4,Separate House,Being Purchased,2,3,June,Saturday,Murrindindi (S),10->14,30->34,50->54,MELB - Outer,Greater Melbourne,Weekend,13,13
Y24H6200421,1,Separate House,Fully Owned,0,1,June,Sunday,Murrindindi (S),65->69,65->69,65->69,MELB - Outer,Greater Melbourne,Weekend,13,13
Y24H6200427,2,Separate House,Being Purchased,2,4,June,Saturday,Whittlesea (C),55->59,55->59,55->59,MELB - Outer,Greater Melbourne,Weekend,12,12
Y24H6200429,6,Separate House,Being Purchased,6,2,June,Monday,Whittlesea (C),5->9,20->24,40->44,MELB - Outer,Greater Melbourne,Weekday,8,8
Y24H6200430,5,Separate House,Being Rented,5,2,June,Tuesday,Whittlesea (C),5->9,25->29,45->49,MELB - Outer,Greater Melbourne,Weekday,16,16
Y24H6200431,6,Separate House,Being Rented,3,2,June,Wednesday,Whittlesea (C),5->9,15->19,35->39,MELB - Outer,Greater Melbourne,Weekday,14,14
Y24H6200440,4,Separate House,Being Purchased,4,2,June,Friday,Whittlesea (C),0->4,20->24,40->44,MELB - Outer,Greater Melbourne,Weekday,15,15
Y24H6210201,1,Separate House,Fully Owned,0,3,June,Monday,Knox (C),55->59,55->59,55->59,MELB - Outer,Greater Melbourne,Weekday,13,13
Y24H6210205,3,Separate House,Fully Owned,2,3,June,Friday,Knox (C),0->4,25->29,35->39,MELB - Outer,Greater Melbourne,Weekday,16,16
Y24H6210206,4,Separate House,Being Purchased,2,2,June,Saturday,Knox (C),0->4,15->19,30->34,MELB - Outer,Greater Melbourne,Weekend,4,4
Y24H6210208,2,Separate House,Being Purchased,0,2,June,Monday,Knox (C),50->54,50->54,50->54,MELB - Outer,Greater Melbourne,Weekday,14,14
Y24H6210211,4,Separate House,Being Purchased,Missing/Refused,2,June,Thursday,Knox (C),0->4,15->19,30->34,MELB - Outer,Greater Melbourne,Weekday,15,15
Y24H6210212,2,Separate House,Being Purchased,0,2,June,Friday,Knox (C),30->34,30->34,30->34,MELB - Outer,Greater Melbourne,Weekday,17,17
Y24H6210214,2,Separate House,Fully Owned,0,2,June,Sunday,Knox (C),70->74,70->74,70->74,MELB - Outer,Greater Melbourne,Weekend,9,9
Y24H6210217,2,Separate House,Fully Owned,1,1,June,Wednesday,Knox (C),75->79,75->79,75->79,MELB - Outer,Greater Melbourne,Weekday,6,6
Y24H6210218,2,Separate House,Being Purchased,2,2,June,Thursday,Knox (C),35->39,35->39,35->39,MELB - Outer,Greater Melbourne,Weekday,18,18
Y24H6210223,2,Separate House,Fully Owned,0,1,June,Tuesday,Knox (C),30->34,30->34,30->34,MELB - Outer,Greater Melbourne,Weekday,15,15
Y24H6210227,2,Separate House,Fully Owned,3,4,June,Saturday,Knox (C),80->84,80->84,85->89,MELB - Outer,Greater Melbourne,Weekend,2,2
Y24H6210228,3,Separate House,Fully Owned,Missing/Refused,2,June,Sunday,Knox (C),20->24,35->39,45->49,MELB - Outer,Greater Melbourne,Weekend,9,9
Y24H6210229,2,Separate House,Fully Owned,0,2,June,Monday,Knox (C),25->29,25->29,25->29,MELB - Outer,Greater Melbourne,Weekday,17,17
Y24H6210230,4,Separate House,Being Purchased,6,2,June,Tuesday,Knox (C),5->9,25->29,40->44,MELB - Outer,Greater Melbourne,Weekday,13,13
Y24H6210231,2,Separate House,Being Purchased,0,2,June,Wednesday,Knox (C),30->34,30->34,30->34,MELB - Outer,Greater Melbourne,Weekday,17,17
Y24H6210234,2,Separate House,Fully Owned,0,2,June,Saturday,Knox (C),65->69,75->79,85->89,MELB - Outer,Greater Melbourne,Weekend,6,6
Y24H6210235,3,Separate House,Being Purchased,3,3,June,Sunday,Knox (C),10->14,35->39,55->59,MELB - Outer,Greater Melbourne,Weekend,15,15
Y24H6210236,4,Separate House,Fully Owned,0,2,June,Monday,Knox (C),25->29,60->64,80->84,MELB - Outer,Greater Melbourne,Weekday,12,12
Y24H6210237,1,Separate House,Fully Owned,0,1,June,Tuesday,Knox (C),55->59,55->59,55->59,MELB - Outer,Greater Melbourne,Weekday,13,13
Y24H6210238,4,Separate House,Being Rented,2,2,June,Wednesday,Knox (C),0->4,15->19,30->34,MELB - Outer,Greater Melbourne,Weekday,13,13
Y24H6210239,1,Separate House,Fully Owned,0,1,June,Thursday,Knox (C),75->79,75->79,75->79,MELB - Outer,Greater Melbourne,Weekday,1,1
Y24H6210241,1,Separate House,Fully Owned,2,1,June,Saturday,Knox (C),70->74,70->74,70->74,MELB - Outer,Greater Melbourne,Weekend,6,6
Y24H6210402,1,Separate House,Being Purchased,2,0,June,Tuesday,Darebin (C),65->69,65->69,65->69,MELB - Middle,Greater Melbourne,Weekday,9,9
Y24H6210404,2,Separate House,Fully Owned,0,0,June,Thursday,Darebin (C),55->59,70->74,85->89,MELB - Middle,Greater Melbourne,Weekday,7,7
Y24H6210406,1,Separate House,Fully Owned,0,1,June,Saturday,Darebin (C),80->84,80->84,80->84,MELB - Middle,Greater Melbourne,Weekend,1,1
Y24H6210407,2,Separate House,Fully Owned,0,1,June,Sunday,Darebin (C),75->79,75->79,80->84,MELB - Middle,Greater Melbourne,Weekend,3,3
Y24H6210408,2,Separate House,Being Rented,2,2,June,Monday,Darebin (C),30->34,35->39,35->39,MELB - Middle,Greater Melbourne,Weekday,13,13
Y24H6210409,2,Separate House,Fully Owned,2,2,June,Tuesday,Darebin (C),65->69,65->69,65->69,MELB - Middle,Greater Melbourne,Weekday,7,7
Y24H6210422,2,Separate House,Fully Owned,2,2,June,Monday,Darebin (C),50->54,55->59,55->59,MELB - Middle,Greater Melbourne,Weekday,15,15
Y24H6210425,5,Separate House,Being Purchased,5,2,June,Thursday,Darebin (C),10->14,25->29,50->54,MELB - Middle,Greater Melbourne,Weekday,10,10
Y24H6210427,2,Separate House,Fully Owned,0,1,June,Saturday,Darebin (C),55->59,70->74,90->94,MELB - Middle,Greater Melbourne,Weekend,10,10
Y24H6210428,2,Separate House,Being Purchased,2,5,June,Sunday,Darebin (C),45->49,55->59,60->64,MELB - Middle,Greater Melbourne,Weekend,17,17
Y24H6210430,2,Separate House,Being Purchased,2,2,June,Tuesday,Darebin (C),45->49,45->49,45->49,MELB - Middle,Greater Melbourne,Weekday,12,12
Y24H6210434,2,Separate House,Being Purchased,2,2,June,Saturday,Darebin (C),40->44,45->49,45->49,MELB - Middle,Greater Melbourne,Weekend,7,7
Y24H6210435,5,Separate House,Fully Owned,2,5,June,Sunday,Darebin (C),30->34,45->49,65->69,MELB - Middle,Greater Melbourne,Weekend,19,19
Y24H6210438,2,Separate House,Fully Owned,0,3,June,Wednesday,Darebin (C),70->74,70->74,70->74,MELB - Middle,Greater Melbourne,Weekday,8,8
Y24H6210501,3,Separate House,Being Rented,0,1,June,Monday,Melton (S),5->9,15->19,30->34,MELB - Outer,Greater Melbourne,Weekday,12,12
Y24H6210506,2,Separate House,Being Rented,0,1,June,Saturday,Melton (S),10->14,25->29,40->44,MELB - Outer,Greater Melbourne,Weekend,12,12
Y24H6210508,2,Separate House,Fully Owned,0,2,June,Monday,Melton (S),75->79,75->79,75->79,MELB - Outer,Greater Melbourne,Weekday,12,12
Y24H6210509,2,Separate House,Being Rented,0,1,June,Tuesday,Melton (S),40->44,45->49,55->59,MELB - Outer,Greater Melbourne,Weekday,15,15
Y24H6210511,2,Separate House,Being Rented,0,2,June,Thursday,Melton (S),15->19,20->24,20->24,MELB - Outer,Greater Melbourne,Weekday,8,8
Y24H6210515,1,Separate House,Fully Owned,0,1,June,Monday,Melton (S),70->74,70->74,70->74,MELB - Outer,Greater Melbourne,Weekday,5,5
Y24H6210516,3,Separate House,Being Rented,2,2,June,Tuesday,Melton (S),5->9,15->19,40->44,MELB - Outer,Greater Melbourne,Weekday,4,4
Y24H6210523,2,Separate House,Being Purchased,Missing/Refused,2,June,Tuesday,Melton (S),35->39,35->39,35->39,MELB - Outer,Greater Melbourne,Weekday,18,18
Y24H6210525,2,Separate House,Fully Owned,0,2,June,Thursday,Melton (S),55->59,55->59,55->59,MELB - Outer,Greater Melbourne,Weekday,14,14
Y24H6210527,3,Separate House,Being Purchased,0,2,June,Saturday,Melton (S),10->14,30->34,40->44,MELB - Outer,Greater Melbourne,Weekend,6,6
Y24H6210528,1,Separate House,Being Purchased,1,2,June,Sunday,Melton (S),50->54,50->54,50->54,MELB - Outer,Greater Melbourne,Weekend,14,14
Y24H6210533,4,Separate House,Being Purchased,2,2,June,Friday,Melton (S),0->4,20->24,35->39,MELB - Outer,Greater Melbourne,Weekday,12,12
Y24H6210539,2,Separate House,Fully Owned,0,1,June,Thursday,Melton (S),70->74,75->79,80->84,MELB - Outer,Greater Melbourne,Weekday,4,4
Y24H6210540,2,Separate House,Being Purchased,0,1,June,Friday,Melton (S),30->34,30->34,30->34,MELB - Outer,Greater Melbourne,Weekday,17,17
Y24H6220101,5,Separate House,Being Purchased,5,2,June,Monday,Frankston (C),5->9,20->24,40->44,MELB - Outer,Greater Melbourne,Weekday,15,15
Y24H6220108,1,"Unit, Flat or Apartment",Being Rented,2,0,June,Monday,Frankston (C),60->64,60->64,60->64,MELB - Outer,Greater Melbourne,Weekday,10,10
Y24H6220111,3,Separate House,Being Purchased,0,2,June,Thursday,Frankston (C),0->4,20->24,30->34,MELB - Outer,Greater Melbourne,Weekday,10,10
Y24H6220114,5,Separate House,Fully Owned,0,3,June,Sunday,Frankston (C),5->9,35->39,70->74,MELB - Outer,Greater Melbourne,Weekend,6,6
Y24H6220119,1,"Unit, Flat or Apartment",Being Rented,0,0,June,Friday,Frankston (C),30->34,30->34,30->34,MELB - Outer,Greater Melbourne,Weekday,2,2
Y24H6220121,2,"Unit, Flat or Apartment",Being Rented,0,1,June,Sunday,Frankston (C),15->19,30->34,50->54,MELB - Outer,Greater Melbourne,Weekend,6,6
Y24H6220130,1,"Unit, Flat or Apartment",Being Rented,1,0,June,Tuesday,Frankston (C),45->49,45->49,45->49,MELB - Outer,Greater Melbourne,Weekday,1,1
Y24H6220131,1,Separate House,Fully Owned,15,0,June,Wednesday,Frankston (C),50->54,50->54,50->54,MELB - Outer,Greater Melbourne,Weekday,12,12
Y24H6220133,1,"Unit, Flat or Apartment",Being Rented,0,1,June,Friday,Frankston (C),70->74,70->74,70->74,MELB - Outer,Greater Melbourne,Weekday,9,9
Y24H6220142,1,"Unit, Flat or Apartment",Being Rented,0,1,June,Sunday,Frankston (C),30->34,30->34,30->34,MELB - Outer,Greater Melbourne,Weekend,6,6
Y24H6220402,3,Separate House,Fully Owned,0,1,June,Tuesday,Whittlesea (C),55->59,70->74,80->84,MELB - Outer,Greater Melbourne,Weekday,14,14
Y24H6220406,2,Separate House,Fully Owned,0,1,June,Saturday,Whittlesea (C),80->84,80->84,80->84,MELB - Outer,Greater Melbourne,Weekend,3,3
Y24H6220408,2,Terrace or Townhouse,Being Purchased,Missing/Refused,3,June,Monday,Whittlesea (C),30->34,30->34,30->34,MELB - Outer,Greater Melbourne,Weekday,13,13
Y24H6220409,4,Separate House,Being Purchased,0,2,June,Tuesday,Whittlesea (C),5->9,20->24,40->44,MELB - Outer,Greater Melbourne,Weekday,13,13
Y24H6220411,4,Separate House,Being Purchased,4,2,June,Thursday,Whittlesea (C),5->9,25->29,45->49,MELB - Outer,Greater Melbourne,Weekday,13,13
Y24H6220412,2,Separate House,Being Purchased,2,1,June,Friday,Whittlesea (C),0->4,20->24,35->39,MELB - Outer,Greater Melbourne,Weekday,9,9
Y24H6220417,4,Separate House,Being Purchased,4,2,June,Wednesday,Whittlesea (C),0->4,20->24,40->44,MELB - Outer,Greater Melbourne,Weekday,13,13
Y24H6220419,1,Terrace or Townhouse,Being Purchased,0,2,June,Friday,Whittlesea (C),35->39,35->39,35->39,MELB - Outer,Greater Melbourne,Weekday,12,12
Y24H6220420,3,Separate House,Fully Owned,1,2,June,Saturday,Whittlesea (C),30->34,50->54,65->69,MELB - Outer,Greater Melbourne,Weekend,17,17
Y24H6220429,3,Separate House,Being Purchased,3,2,June,Monday,Whittlesea (C),10->14,30->34,40->44,MELB - Outer,Greater Melbourne,Weekday,17,17
Y24H6220436,2,Separate House,Being Purchased,1,1,June,Monday,Whittlesea (C),60->64,60->64,60->64,MELB - Outer,Greater Melbourne,Weekday,10,10
Y24H6220442,4,Separate House,Being Purchased,4,2,June,Sunday,Whittlesea (C),0->4,15->19,35->39,MELB - Outer,Greater Melbourne,Weekend,9,9
Y24H6220501,4,Separate House,Being Purchased,0,2,June,Monday,Wyndham (C),0->4,20->24,35->39,MELB - Outer,Greater Melbourne,Weekday,10,10
Y24H6220503,3,Separate House,Being Rented,0,1,June,Wednesday,Wyndham (C),5->9,25->29,35->39,MELB - Outer,Greater Melbourne,Weekday,14,14
Y24H6220505,4,"Unit, Flat or Apartment",Being Rented,1,3,June,Friday,Wyndham (C),0->4,20->24,30->34,MELB - Outer,Greater Melbourne,Weekday,12,12
Y24H6220506,6,Separate House,Fully Owned,2,2,June,Saturday,Wyndham (C),0->4,25->29,40->44,MELB - Outer,Greater Melbourne,Weekend,8,8
Y24H6220507,2,Separate House,Being Purchased,Missing/Refused,2,June,Sunday,Wyndham (C),45->49,45->49,45->49,MELB - Outer,Greater Melbourne,Weekend,15,15
Y24H6220511,2,Separate House,Being Rented,0,1,June,Thursday,Wyndham (C),25->29,25->29,25->29,MELB - Outer,Greater Melbourne,Weekday,2,2
Y24H6220515,3,Separate House,Fully Owned,1,2,June,Monday,Wyndham (C),5->9,25->29,35->39,MELB - Outer,Greater Melbourne,Weekday,10,10
Y24H6220516,5,"Unit, Flat or Apartment",Fully Owned,1,2,June,Tuesday,Wyndham (C),5->9,20->24,35->39,MELB - Outer,Greater Melbourne,Weekday,9,9
Y24H6220524,5,Separate House,Being Rented,1,2,June,Wednesday,Wyndham (C),0->4,15->19,35->39,MELB - Outer,Greater Melbourne,Weekday,12,12
Y24H6220531,4,Separate House,Being Rented,1,1,June,Wednesday,Wyndham (C),25->29,25->29,30->34,MELB - Outer,Greater Melbourne,Weekday,8,8
Y24H6220532,3,Separate House,Being Rented,2,1,June,Thursday,Wyndham (C),0->4,20->24,35->39,MELB - Outer,Greater Melbourne,Weekday,17,17
Y24H6220533,4,Separate House,Being Purchased,2,2,June,Friday,Wyndham (C),0->4,20->24,40->44,MELB - Outer,Greater Melbourne,Weekday,12,12
Y24H6220534,3,Separate House,Being Purchased,1,2,June,Saturday,Wyndham (C),0->4,25->29,35->39,MELB - Outer,Greater Melbourne,Weekend,17,17
Y24H6220536,5,Separate House,Fully Owned,0,3,June,Monday,Wyndham (C),0->4,30->34,60->64,MELB - Outer,Greater Melbourne,Weekday,9,9
Y24H6220539,1,Separate House,Being Purchased,Missing/Refused,1,June,Thursday,Wyndham (C),35->39,35->39,35->39,MELB - Outer,Greater Melbourne,Weekday,14,14
Y24H6220542,1,Separate House,Fully Owned,0,1,June,Sunday,Wyndham (C),50->54,50->54,50->54,MELB - Outer,Greater Melbourne,Weekend,4,4
Y24H6230102,3,Separate House,Being Purchased,Missing/Refused,2,July,Tuesday,Greater Dandenong (C),55->59,65->69,80->84,MELB - Middle,Greater Melbourne,Weekday,6,6
Y24H6230117,2,Separate House,Fully Owned,0,1,July,Wednesday,Greater Dandenong (C),75->79,75->79,75->79,MELB - Middle,Greater Melbourne,Weekday,5,5
Y24H6230118,3,Separate House,Being Rented,0,1,July,Thursday,Greater Dandenong (C),25->29,25->29,25->29,MELB - Middle,Greater Melbourne,Weekday,12,12
Y24H6230119,4,Separate House,Fully Owned,0,2,July,Friday,Greater Dandenong (C),0->4,15->19,35->39,MELB - Middle,Greater Melbourne,Weekday,18,18
Y24H6230127,4,"Unit, Flat or Apartment",Fully Owned,Missing/Refused,3,July,Saturday,Greater Dandenong (C),20->24,40->44,55->59,MELB - Middle,Greater Melbourne,Weekend,11,11
Y24H6230130,4,Separate House,Being Purchased,3,4,July,Tuesday,Greater Dandenong (C),20->24,35->39,50->54,MELB - Middle,Greater Melbourne,Weekday,11,11
Y24H6230132,4,Separate House,Fully Owned,Missing/Refused,3,July,Thursday,Greater Dandenong (C),15->19,30->34,45->49,MELB - Middle,Greater Melbourne,Weekday,18,18
Y24H6230137,1,Separate House,Fully Owned,0,0,July,Tuesday,Greater Dandenong (C),65->69,65->69,65->69,MELB - Middle,Greater Melbourne,Weekday,9,9
Y24H6230140,2,Separate House,Being Purchased,0,2,July,Friday,Greater Dandenong (C),40->44,45->49,50->54,MELB - Middle,Greater Melbourne,Weekday,9,9
Y24H6230141,3,Separate House,Being Purchased,0,1,July,Saturday,Greater Dandenong (C),50->54,70->74,85->89,MELB - Middle,Greater Melbourne,Weekend,6,6
Y24H6230401,3,Separate House,Fully Owned,4,3,July,Monday,Banyule (C),20->24,45->49,65->69,MELB - Middle,Greater Melbourne,Weekday,16,16
Y24H6230402,2,"Unit, Flat or Apartment",Being Rented,0,1,July,Tuesday,Banyule (C),20->24,35->39,45->49,MELB - Middle,Greater Melbourne,Weekday,11,11
Y24H6230404,4,Separate House,Fully Owned,6,4,July,Thursday,Banyule (C),15->19,35->39,50->54,MELB - Middle,Greater Melbourne,Weekday,18,18
Y24H6230405,2,Separate House,Being Rented,0,1,July,Friday,Banyule (C),25->29,30->34,30->34,MELB - Middle,Greater Melbourne,Weekday,10,10
Y24H6230407,3,Separate House,Being Rented,0,1,July,Sunday,Banyule (C),35->39,45->49,55->59,MELB - Middle,Greater Melbourne,Weekend,9,9
Y24H6230408,5,Separate House,Being Purchased,5,2,July,Monday,Banyule (C),5->9,25->29,45->49,MELB - Middle,Greater Melbourne,Weekday,18,18
Y24H6230409,4,Separate House,Being Purchased,Missing/Refused,3,July,Tuesday,Banyule (C),25->29,35->39,55->59,MELB - Middle,Greater Melbourne,Weekday,18,18
Y24H6230411,4,Separate House,Fully Owned,0,4,July,Thursday,Banyule (C),10->14,30->34,50->54,MELB - Middle,Greater Melbourne,Weekday,18,18
Y24H6230412,4,Separate House,Being Purchased,3,1,July,Friday,Banyule (C),0->4,20->24,35->39,MELB - Middle,Greater Melbourne,Weekday,18,18
Y24H6230415,2,Separate House,Fully Owned,0,2,July,Monday,Banyule (C),60->64,60->64,60->64,MELB - Middle,Greater Melbourne,Weekday,12,12
Y24H6230416,2,Separate House,Fully Owned,0,2,July,Tuesday,Banyule (C),75->79,75->79,75->79,MELB - Middle,Greater Melbourne,Weekday,12,12
Y24H6230419,1,Separate House,Fully Owned,0,1,July,Friday,Banyule (C),65->69,65->69,65->69,MELB - Middle,Greater Melbourne,Weekday,7,7
Y24H6230420,2,Separate House,Fully Owned,0,2,July,Saturday,Banyule (C),30->34,30->34,30->34,MELB - Middle,Greater Melbourne,Weekend,9,9
Y24H6230421,2,Separate House,Being Purchased,0,1,July,Sunday,Banyule (C),35->39,35->39,40->44,MELB - Middle,Greater Melbourne,Weekend,17,17
Y24H6230424,2,Separate House,Fully Owned,0,1,July,Wednesday,Manningham (C),75->79,75->79,75->79,MELB - Middle,Greater Melbourne,Weekday,12,12
Y24H6230430,1,Separate House,Fully Owned,0,1,July,Tuesday,Manningham (C),95->99,95->99,95->99,MELB - Middle,Greater Melbourne,Weekday,7,7
Y24H6230431,1,Separate House,Fully Owned,0,1,July,Wednesday,Manningham (C),75->79,75->79,75->79,MELB - Middle,Greater Melbourne,Weekday,6,6
Y24H6230432,6,Separate House,Fully Owned,2,1,July,Thursday,Manningham (C),15->19,45->49,90->94,MELB - Middle,Greater Melbourne,Weekday,11,11
Y24H6230433,2,Separate House,Fully Owned,0,2,July,Friday,Manningham (C),65->69,65->69,65->69,MELB - Middle,Greater Melbourne,Weekday,10,10
Y24H6230436,4,Separate House,Fully Owned,4,2,July,Monday,Manningham (C),5->9,25->29,40->44,MELB - Middle,Greater Melbourne,Weekday,15,15
Y24H6230439,3,Separate House,Being Rented,Missing/Refused,3,July,Thursday,Manningham (C),25->29,45->49,55->59,MELB - Middle,Greater Melbourne,Weekday,13,13
Y24H6230501,4,Separate House,Being Rented,Missing/Refused,2,July,Monday,Moorabool (S),10->14,25->29,45->49,MELB - Outer,Greater Melbourne,Weekday,9,9
Y24H6230505,1,Separate House,Being Purchased,0,2,July,Friday,Moorabool (S),35->39,35->39,35->39,MELB - Outer,Greater Melbourne,Weekday,12,12
Y24H6230506,4,Separate House,Being Purchased,0,1,July,Saturday,Moorabool (S),0->4,20->24,40->44,MELB - Outer,Greater Melbourne,Weekend,5,5
Y24H6230510,2,Separate House,Fully Owned,3,1,July,Wednesday,Moorabool (S),40->44,50->54,65->69,MELB - Outer,Greater Melbourne,Weekday,11,11
Y24H6230511,2,Separate House,Being Purchased,0,2,July,Thursday,Moorabool (S),60->64,60->64,60->64,MELB - Outer,Greater Melbourne,Weekday,10,10
Y24H6230513,3,Separate House,Being Purchased,0,2,July,Saturday,Moorabool (S),0->4,15->19,25->29,MELB - Outer,Greater Melbourne,Weekend,14,14
Y24H6230516,5,Separate House,Being Purchased,5,2,July,Tuesday,Moorabool (S),5->9,20->24,35->39,MELB - Outer,Greater Melbourne,Weekday,11,11
Y24H6230518,2,Separate House,Being Rented,2,2,July,Thursday,Moorabool (S),60->64,60->64,60->64,MELB - Outer,Greater Melbourne,Weekday,8,8
Y24H6230519,4,Separate House,Fully Owned,2,1,July,Friday,Moorabool (S),10->14,25->29,40->44,MELB - Outer,Greater Melbourne,Weekday,12,12
Y24H6230520,2,Separate House,Fully Owned,0,1,July,Saturday,Moorabool (S),75->79,75->79,75->79,MELB - Outer,Greater Melbourne,Weekend,14,14
Y24H6230521,2,Separate House,Being Purchased,0,1,July,Sunday,Moorabool (S),35->39,35->39,35->39,MELB - Outer,Greater Melbourne,Weekend,17,17
Y24H6230522,4,Separate House,Being Purchased,0,2,July,Monday,Moorabool (S),0->4,20->24,35->39,MELB - Outer,Greater Melbourne,Weekday,12,12
Y24H6230523,2,Separate House,Fully Owned,0,2,July,Tuesday,Moorabool (S),30->34,45->49,60->64,MELB - Outer,Greater Melbourne,Weekday,5,5
Y24H6230524,2,Separate House,Being Purchased,0,2,July,Wednesday,Moorabool (S),25->29,25->29,25->29,MELB - Outer,Greater Melbourne,Weekday,17,17
Y24H6230525,2,Separate House,Being Purchased,Missing/Refused,1,July,Thursday,Moorabool (S),25->29,30->34,30->34,MELB - Outer,Greater Melbourne,Weekday,12,12
Y24H6230527,3,Separate House,Being Purchased,3,2,July,Saturday,Moorabool (S),5->9,25->29,40->44,MELB - Outer,Greater Melbourne,Weekend,12,12
Y24H6230529,4,Separate House,Being Purchased,2,2,July,Monday,Moorabool (S),0->4,20->24,35->39,MELB - Outer,Greater Melbourne,Weekday,17,17
Y24H6230530,3,Separate House,Fully Owned,Missing/Refused,1,July,Tuesday,Moorabool (S),10->14,35->39,50->54,MELB - Outer,Greater Melbourne,Weekday,14,14
Y24H6230531,2,Separate House,Being Purchased,0,2,July,Wednesday,Moorabool (S),40->44,40->44,40->44,MELB - Outer,Greater Melbourne,Weekday,12,12
Y24H6230533,2,Separate House,Being Purchased,Missing/Refused,1,July,Friday,Moorabool (S),60->64,60->64,60->64,MELB - Outer,Greater Melbourne,Weekday,15,15
Y24H6230534,2,Separate House,Fully Owned,0,2,July,Saturday,Moorabool (S),60->64,60->64,65->69,MELB - Outer,Greater Melbourne,Weekend,4,4
Y24H6230535,4,Separate House,Being Purchased,2,2,July,Sunday,Moorabool (S),5->9,20->24,35->39,MELB - Outer,Greater Melbourne,Weekend,13,13
Y24H6230536,2,Separate House,Fully Owned,2,7,July,Monday,Moorabool (S),20->24,35->39,50->54,MELB - Outer,Greater Melbourne,Weekday,15,15
Y24H6230542,2,Separate House,Fully Owned,2,2,July,Sunday,Moorabool (S),55->59,60->64,65->69,MELB - Outer,Greater Melbourne,Weekend,6,6
Y24H6240201,1,"Unit, Flat or Apartment",Being Purchased,0,1,July,Monday,Manningham (C),65->69,65->69,65->69,MELB - Middle,Greater Melbourne,Weekday,12,12
Y24H6240205,2,"Unit, Flat or Apartment",Being Rented,0,0,July,Friday,Manningham (C),30->34,50->54,65->69,MELB - Middle,Greater Melbourne,Weekday,6,6
Y24H6240213,4,Separate House,Being Purchased,4,2,July,Saturday,Manningham (C),5->9,20->24,40->44,MELB - Middle,Greater Melbourne,Weekend,16,16
Y24H6240216,2,Separate House,Fully Owned,0,1,July,Tuesday,Manningham (C),60->64,65->69,65->69,MELB - Middle,Greater Melbourne,Weekday,10,10
Y24H6240218,1,"Unit, Flat or Apartment",Being Rented,0,1,July,Thursday,Manningham (C),85->89,85->89,85->89,MELB - Middle,Greater Melbourne,Weekday,6,6
Y24H6240222,1,"Unit, Flat or Apartment",Fully Owned,0,1,July,Monday,Manningham (C),50->54,50->54,50->54,MELB - Middle,Greater Melbourne,Weekday,10,10
Y24H6240227,3,"Unit, Flat or Apartment",Being Purchased,2,1,July,Saturday,Manningham (C),5->9,25->29,40->44,MELB - Middle,Greater Melbourne,Weekend,12,12
Y24H6240229,2,Terrace or Townhouse,Being Purchased,0,2,July,Monday,Manningham (C),35->39,40->44,40->44,MELB - Middle,Greater Melbourne,Weekday,15,15
Y24H6240233,2,Terrace or Townhouse,Being Purchased,2,2,July,Friday,Manningham (C),30->34,30->34,35->39,MELB - Middle,Greater Melbourne,Weekday,14,14
Y24H6240238,3,Terrace or Townhouse,Being Rented,0,1,July,Wednesday,Manningham (C),0->4,20->24,35->39,MELB - Middle,Greater Melbourne,Weekday,12,12
Y24H6240240,4,"Unit, Flat or Apartment",Being Purchased,3,2,July,Friday,Manningham (C),0->4,25->29,40->44,MELB - Middle,Greater Melbourne,Weekday,14,14
Y24H6240401,2,Separate House,Fully Owned,0,3,July,Monday,Banyule (C),70->74,70->74,70->74,MELB - Middle,Greater Melbourne,Weekday,11,11
Y24H6240404,2,Separate House,Being Purchased,Missing/Refused,2,July,Thursday,Banyule (C),35->39,35->39,35->39,MELB - Middle,Greater Melbourne,Weekday,12,12
Y24H6240407,4,Separate House,Being Purchased,7,2,July,Sunday,Banyule (C),5->9,20->24,40->44,MELB - Middle,Greater Melbourne,Weekend,14,14
Y24H6240410,4,Separate House,Fully Owned,4,2,July,Wednesday,Banyule (C),10->14,25->29,45->49,MELB - Middle,Greater Melbourne,Weekday,10,10
Y24H6240413,2,Separate House,Fully Owned,2,2,July,Saturday,Banyule (C),75->79,75->79,75->79,MELB - Middle,Greater Melbourne,Weekend,17,17
Y24H6240414,3,Terrace or Townhouse,Being Purchased,1,1,July,Sunday,Banyule (C),5->9,25->29,35->39,MELB - Middle,Greater Melbourne,Weekend,12,12
Y24H6240415,5,Terrace or Townhouse,Occupied Rent-Free,5,3,July,Monday,Banyule (C),5->9,20->24,40->44,MELB - Middle,Greater Melbourne,Weekday,8,8
Y24H6240416,4,Separate House,Being Purchased,4,1,July,Tuesday,Banyule (C),5->9,25->29,40->44,MELB - Middle,Greater Melbourne,Weekday,18,18
Y24H6240417,3,Separate House,Being Purchased,0,2,July,Wednesday,Banyule (C),15->19,45->49,65->69,MELB - Middle,Greater Melbourne,Weekday,11,11
Y24H6240418,4,Separate House,Being Purchased,2,2,July,Thursday,Banyule (C),15->19,35->39,55->59,MELB - Middle,Greater Melbourne,Weekday,15,15
Y24H6240419,4,Separate House,Being Purchased,4,2,July,Friday,Banyule (C),0->4,20->24,40->44,MELB - Middle,Greater Melbourne,Weekday,17,17
Y24H6240426,3,Separate House,Fully Owned,0,7,July,Friday,Banyule (C),20->24,35->39,60->64,MELB - Middle,Greater Melbourne,Weekday,13,13
Y24H6240429,1,Separate House,Fully Owned,0,1,July,Monday,Banyule (C),75->79,75->79,75->79,MELB - Middle,Greater Melbourne,Weekday,5,5
Y24H6240431,5,Terrace or Townhouse,Being Rented,4,2,July,Wednesday,Banyule (C),10->14,20->24,40->44,MELB - Middle,Greater Melbourne,Weekday,15,15
Y24H6240432,1,"Unit, Flat or Apartment",Fully Owned,0,1,July,Thursday,Banyule (C),75->79,75->79,75->79,MELB - Middle,Greater Melbourne,Weekday,8,8
Y24H6240433,4,Separate House,Being Purchased,4,2,July,Friday,Banyule (C),10->14,30->34,50->54,MELB - Middle,Greater Melbourne,Weekday,12,12
Y24H6240437,2,"Unit, Flat or Apartment",Being Rented,2,1,July,Tuesday,Banyule (C),0->4,20->24,35->39,MELB - Middle,Greater Melbourne,Weekday,14,14
Y24H6240440,5,Separate House,Being Purchased,6,2,July,Friday,Banyule (C),0->4,15->19,35->39,MELB - Middle,Greater Melbourne,Weekday,14,14
Y24H6240441,1,"Unit, Flat or Apartment",Being Rented,0,0,July,Saturday,Banyule (C),20->24,20->24,20->24,MELB - Middle,Greater Melbourne,Weekend,8,8
Y24H6250101,5,Separate House,Being Purchased,4,2,July,Monday,Frankston (C),0->4,20->24,40->44,MELB - Outer,Greater Melbourne,Weekday,14,14
Y24H6250102,2,Separate House,Being Rented,10,2,July,Tuesday,Frankston (C),40->44,45->49,45->49,MELB - Outer,Greater Melbourne,Weekday,7,7
Y24H6250103,4,Separate House,Being Purchased,4,2,July,Wednesday,Frankston (C),10->14,25->29,40->44,MELB - Outer,Greater Melbourne,Weekday,15,15
Y24H6250104,1,Separate House,Being Purchased,1,0,July,Thursday,Frankston (C),60->64,60->64,60->64,MELB - Outer,Greater Melbourne,Weekday,9,9
Y24H6250105,5,Separate House,Being Purchased,3,4,July,Friday,Frankston (C),15->19,30->34,50->54,MELB - Outer,Greater Melbourne,Weekday,16,16
Y24H6250107,4,Separate House,Being Purchased,5,2,July,Sunday,Frankston (C),0->4,15->19,35->39,MELB - Outer,Greater Melbourne,Weekend,14,14
Y24H6250111,1,"Unit, Flat or Apartment",Being Rented,0,1,July,Thursday,Frankston (C),45->49,45->49,45->49,MELB - Outer,Greater Melbourne,Weekday,12,12
Y24H6250115,4,Separate House,Being Purchased,7,2,July,Monday,Frankston (C),0->4,20->24,40->44,MELB - Outer,Greater Melbourne,Weekday,12,12
Y24H6250116,2,Separate House,Fully Owned,1,0,July,Tuesday,Frankston (C),75->79,75->79,80->84,MELB - Outer,Greater Melbourne,Weekday,8,8
Y24H6250118,6,Separate House,Being Rented,6,1,July,Thursday,Frankston (C),5->9,20->24,45->49,MELB - Outer,Greater Melbourne,Weekday,11,11
Y24H6250124,1,"Unit, Flat or Apartment",Fully Owned,0,1,July,Wednesday,Kingston (C),70->74,70->74,70->74,MELB - Outer,Greater Melbourne,Weekday,5,5
Y24H6250125,4,"Unit, Flat or Apartment",Being Rented,3,2,July,Thursday,Kingston (C),10->14,30->34,45->49,MELB - Outer,Greater Melbourne,Weekday,17,17
Y24H6250129,2,Separate House,Fully Owned,1,2,July,Monday,Kingston (C),65->69,65->69,65->69,MELB - Outer,Greater Melbourne,Weekday,8,8
Y24H6250133,1,"Unit, Flat or Apartment",Fully Owned,0,1,July,Friday,Kingston (C),75->79,75->79,75->79,MELB - Outer,Greater Melbourne,Weekday,6,6
Y24H6250136,2,Terrace or Townhouse,Fully Owned,0,1,July,Monday,Kingston (C),70->74,75->79,75->79,MELB - Outer,Greater Melbourne,Weekday,8,8
Y24H6250139,2,Separate House,Fully Owned,2,1,July,Thursday,Kingston (C),55->59,60->64,60->64,MELB - Outer,Greater Melbourne,Weekday,11,11
Y24H6250141,2,Separate House,Fully Owned,1,2,July,Saturday,Kingston (C),65->69,70->74,70->74,MELB - Outer,Greater Melbourne,Weekend,3,3
Y24H6250401,2,Terrace or Townhouse,Fully Owned,Missing/Refused,1,July,Monday,Moonee Valley (C),30->34,30->34,30->34,MELB - Middle,Greater Melbourne,Weekday,13,13
Y24H6250404,2,Separate House,Being Purchased,2,2,July,Thursday,Moonee Valley (C),25->29,30->34,30->34,MELB - Middle,Greater Melbourne,Weekday,12,12
Y24H6250407,2,"Unit, Flat or Apartment",Being Rented,0,1,July,Sunday,Moonee Valley (C),60->64,65->69,70->74,MELB - Middle,Greater Melbourne,Weekend,2,2
Y24H6250412,4,Terrace or Townhouse,Being Purchased,2,2,July,Friday,Moonee Valley (C),10->14,30->34,55->59,MELB - Middle,Greater Melbourne,Weekday,15,15
Y24H6250416,4,Separate House,Fully Owned,0,4,July,Tuesday,Moonee Valley (C),0->4,40->44,60->64,MELB - Middle,Greater Melbourne,Weekday,13,13
Y24H6250419,2,"Unit, Flat or Apartment",Being Rented,0,1,July,Friday,Moonee Valley (C),60->64,65->69,70->74,MELB - Middle,Greater Melbourne,Weekday,8,8
Y24H6250423,2,Separate House,Being Purchased,1,2,July,Tuesday,Moonee Valley (C),15->19,30->34,50->54,MELB - Middle,Greater Melbourne,Weekday,14,14
Y24H6250424,1,Separate House,Fully Owned,0,1,July,Wednesday,Moonee Valley (C),75->79,75->79,75->79,MELB - Middle,Greater Melbourne,Weekday,2,2
Y24H6250425,2,Separate House,Being Purchased,4,3,July,Thursday,Moonee Valley (C),30->34,30->34,35->39,MELB - Middle,Greater Melbourne,Weekday,18,18
Y24H6250426,1,Separate House,Fully Owned,3,1,July,Friday,Moonee Valley (C),75->79,75->79,75->79,MELB - Middle,Greater Melbourne,Weekday,7,7
Y24H6250427,2,Separate House,Fully Owned,2,2,July,Saturday,Moonee Valley (C),60->64,65->69,70->74,MELB - Middle,Greater Melbourne,Weekend,14,14
Y24H6250428,4,Separate House,Fully Owned,3,2,July,Sunday,Moonee Valley (C),15->19,35->39,55->59,MELB - Middle,Greater Melbourne,Weekend,15,15
Y24H6250429,2,Separate House,Being Rented,0,2,July,Monday,Moonee Valley (C),20->24,20->24,25->29,MELB - Middle,Greater Melbourne,Weekday,11,11
Y24H6250430,4,Separate House,Being Rented,0,2,July,Tuesday,Moonee Valley (C),0->4,20->24,40->44,MELB - Middle,Greater Melbourne,Weekday,12,12
Y24H6250431,3,Separate House,Being Rented,3,1,July,Wednesday,Moonee Valley (C),15->19,25->29,50->54,MELB - Middle,Greater Melbourne,Weekday,12,12
Y24H6250438,4,Separate House,Being Purchased,3,3,July,Wednesday,Moonee Valley (C),5->9,25->29,55->59,MELB - Middle,Greater Melbourne,Weekday,15,15
